"species_code","score","start_offset_sec","end_offset_sec"
"easkin",0.29982844,7,10
"easpho",0.520464,10,13
"comyel",0.28617135,13,16
"reevir1",0.93885666,16,19
"bkcchi",0.2824447,29,32
"indbun",0.9942822,31,34
"yebcuc",0.9990633,70,73
"sonspa",0.59515095,86,89
"prawar",0.37595436,88,91
"cedwax",0.9980391,95,98
