"species_code","score","start_offset_sec","end_offset_sec"
"hoowar",0.25041172,11,14
"eawpew",0.9977156,13,16
"blujay",0.99269074,31,34
"rewbla",0.3800301,40,43
"easpho",0.97400624,54,57
"sonspa",0.97804767,61,64
"reevir1",0.98039967,68,71
"indbun",0.9991501,97,100
