"species_code","score","start_offset_sec","end_offset_sec"
"fiespa",0.4012516,3,6
"prawar",0.89788765,6,9
"btnwar",0.32432473,12,15
"whtspa",0.28375122,12,15
"cedwax",0.57329303,17,20
"rewbla",0.8901178,18,21
"aldfly",0.98244256,19,22
"sonspa",0.99574405,24,27
"comyel",0.9946655,25,28
"indbun",0.36290905,28,31
"ovenbi1",0.9965104,30,33
"chswar",0.9789068,32,35
"reevir1",0.99583197,36,39
"amegfi",0.42383665,36,39
