"species_code","score","start_offset_sec","end_offset_sec"
"reshaw",0.9938926,3,6
"moudov",0.6206039,5,8
"carwre",0.70752525,6,9
"easpho",0.4602966,9,12
"norcar",0.96254367,13,16
"indbun",0.98563117,22,25
"buggna",0.97205615,22,25
"amerob",0.96608096,25,28
"rewbla",0.5704098,26,29
"ovenbi1",0.9249634,38,41
