"species_code","score","start_offset_sec","end_offset_sec"
"eursta",0.9949852,13,16
"carwre",0.9883113,15,18
"yebcha",0.99596465,19,22
"sonspa",0.9297625,22,25
"easblu",0.38295937,31,34
"normoc",0.98731977,36,39
"rewbla",0.96292615,37,40
"easmea",0.32187772,43,46
"amerob",0.67111754,53,56
