"species_code","score","start_offset_sec","end_offset_sec"
"sonspa",0.6563997,0,3
"comyel",0.26980674,0,3
"boboli",0.9639346,1,4
"rewbla",0.93611455,5,8
"brnthr",0.68106115,5,8
"moudov",0.5622429,7,10
"easmea",0.95572704,8,11
"carwre",0.6619969,11,14
"reevir1",0.92411804,14,17
"amegfi",0.8464946,14,17
"dickci",0.98540425,15,18
"amecro",0.9905497,16,19
