"species_code","score","start_offset_sec","end_offset_sec"
"orcori",0.96181047,0,3
"sonspa",0.3386466,1,4
"rewbla",0.34013796,3,6
"yebcha",0.9997424,7,10
"fiespa",0.99492437,10,13
"amegfi",0.99926114,12,15
"cangoo",0.45306382,12,15
"amerob",0.6517203,15,18
"easpho",0.65919083,17,20
"indbun",0.98668176,19,22
"eastow",0.9986991,20,23
"comyel",0.97395575,25,28
