"species_code","score","start_offset_sec","end_offset_sec"
"swaspa",0.9935282,4,7
"norcar",0.46605062,9,12
"rebwoo",0.9980542,12,15
"grcfly",0.86574244,14,17
"amegfi",0.60534394,18,21
"balori",0.72825813,21,24
"rewbla",0.99610764,32,35
"amerob",0.9696059,33,36
"carwre",0.9241873,33,36
"sonspa",0.93436944,40,43
"cangoo",0.7675575,43,46
"daejun",0.2642379,47,50
"comyel",0.99624443,52,55
