"species_code","score","start_offset_sec","end_offset_sec"
"balori",0.3435417,6,9
"tuftit",0.2844155,6,9
"comyel",0.9982694,20,23
"yetvir",0.98568326,25,28
"cedwax",0.5539839,27,30
"amerob",0.9804444,28,31
"marwre",0.9996242,38,41
"grycat",0.4745014,40,43
"robgro",0.7824152,41,44
"norcar",0.9947757,42,45
"sonspa",0.6605208,50,53
