"species_code","score","start_offset_sec","end_offset_sec"
"prawar",0.999499,10,13
"graspa",0.942811,11,14
"moudov",0.29706413,12,15
"reevir1",0.8301854,16,19
"amerob",0.80513096,18,21
"amegfi",0.42101264,18,21
"fiespa",0.9999202,27,30
"comrav",0.78624004,28,31
"yebcha",0.5607232,29,32
"indbun",0.99987257,39,42
"norcar",0.61338913,39,42
