"species_code","score","start_offset_sec","end_offset_sec"
"norcar",0.9904802,6,9
"yebcuc",0.91911066,6,9
"reevir1",0.9957663,7,10
"prawar",0.9772597,12,15
"sonspa",0.41238648,13,16
"buwwar",0.7876331,16,19
"comyel",0.32328054,18,21
"indbun",0.9866618,23,26
"graspa",0.9932148,27,30
"tuftit",0.97988975,27,30
