"species_code","score","start_offset_sec","end_offset_sec"
"vesspa",0.9987947,3,6
"chispa",0.9882195,7,10
"indbun",0.7880969,9,12
"amerob",0.61135817,9,12
"rewbla",0.26146388,11,14
"cangoo",0.26721242,12,15
"yebcha",0.6112778,13,16
"sonspa",0.26952186,13,16
"norcar",0.97893447,18,21
"blujay",0.41204575,18,21
