"species_code","score","start_offset_sec","end_offset_sec"
"yelwar",0.33579186,4,7
"indbun",0.93533593,19,22
"sonspa",0.2711031,23,26
"reevir1",0.6713194,26,29
"brncre",0.3094295,41,44
"comrav",0.9985844,52,55
"carchi",0.99966455,70,73
"amecro",0.35891807,74,77
"killde",0.3707462,86,89
"eawpew",0.713915,93,96
"bawwar",0.96922797,96,99
