"species_code","score","start_offset_sec","end_offset_sec"
"reevir1",0.9954227,5,8
"cedwax",0.9924557,5,8
"yebcuc",0.98431087,6,9
"yetwar",0.6413373,23,26
"comyel",0.2592937,29,32
"tuftit",0.9802749,38,41
"btnwar",0.2787998,45,48
"acafly",0.2751725,45,48
"ovenbi1",0.41384736,55,58
"amegfi",0.99216485,57,60
"indbun",0.99370956,63,66
