"species_code","score","start_offset_sec","end_offset_sec"
"swaspa",0.9976828,7,10
"leafly",0.5245897,13,16
"comyel",0.9913256,14,17
"mallar3",0.5917751,19,22
"sonspa",0.46465835,20,23
"reevir1",0.9946973,23,26
"palwar",0.28565326,25,28
"cedwax",0.99982464,39,42
"daejun",0.55119836,44,47
"amecro",0.790123,45,48
"aldfly",0.9978935,46,49
"commer",0.7152727,47,50
"canwar",0.9996678,49,52
"rewbla",0.72023076,53,56
"bawwar",0.56527084,56,59
