"species_code","score","start_offset_sec","end_offset_sec"
"blugrb1",0.99730444,1,4
"amegfi",0.66967964,3,6
"woewar1",0.7518344,9,12
"moudov",0.9968221,11,14
"norpar",0.27778032,18,21
"chispa",0.9893969,21,24
"normoc",0.5725202,26,29
"norcar",0.3256839,26,29
"houfin",0.3104208,27,30
"reevir1",0.33677965,31,34
