"species_code","score","start_offset_sec","end_offset_sec"
"wilfly",0.9999147,5,8
"sonspa",0.783808,8,11
"amegfi",0.99876,23,26
"marwre",0.99397665,59,62
"swaspa",0.99949145,75,78
"amecro",0.9309906,94,97
"aldfly",0.9674512,123,126
"rewbla",0.9097454,123,126
"chispa",0.5174122,127,130
"daejun",0.42037138,127,130
"eastow",0.9945748,170,173
"comyel",0.96334237,177,180
"easblu",0.39354047,188,191
"yelwar",0.84141445,210,213
"ovenbi1",0.5367627,224,227
