"species_code","score","start_offset_sec","end_offset_sec"
"amegfi",0.41197687,0,3
"graspa",0.95353216,3,6
"amecro",0.89344263,4,7
"bkcchi",0.2792707,5,8
"indbun",0.637054,6,9
"fiscro",0.38876238,10,13
"amerob",0.6747977,12,15
"dickci",0.99549305,14,17
"rewbla",0.9941628,17,20
"norfli",0.3119112,19,22
"sonspa",0.9785143,20,23
"comyel",0.9978007,24,27
"norcar",0.35073844,27,30
"carwre",0.8457748,28,31
