"species_code","score","start_offset_sec","end_offset_sec"
"haiwoo",0.5328393,0,3
"comyel",0.9934992,9,12
"amerob",0.69076586,9,12
"cedwax",0.9335413,28,31
"eawpew",0.9451395,30,33
"mouwar",0.998232,51,54
"naswar",0.9421591,54,57
"sonspa",0.8002983,67,70
"reevir1",0.9988814,88,91
"rewbla",0.38763013,100,103
"daejun",0.27952597,133,136
"blujay",0.9955102,141,144
"purfin",0.40770403,164,167
"woothr",0.62734365,165,168
"chswar",0.9990682,172,175
"ovenbi1",0.9997947,176,179
