"species_code","score","start_offset_sec","end_offset_sec"
"acafly",0.844177,17,20
"coohaw",0.999896,27,30
"tuftit",0.938425,36,39
"scatan",0.99929523,66,69
"reevir1",0.9802144,91,94
"clarai11",0.25140446,106,109
"pinwar",0.45090157,121,124
"ovenbi1",0.996418,132,135
