"species_code","score","start_offset_sec","end_offset_sec"
"ovenbi1",0.95974296,1,4
"tuftit",0.9708471,10,13
"blujay",0.30112824,19,22
"eawpew",0.98879683,20,23
"btnwar",0.9806143,29,32
"amerob",0.7299587,31,34
"indbun",0.9993986,36,39
"reevir1",0.9598596,48,51
"amered",0.28537557,48,51
