"species_code","score","start_offset_sec","end_offset_sec"
"hoowar",0.33896807,2,5
"tuftit",0.9763424,4,7
"sonspa",0.33491853,6,9
"woothr",0.9988057,7,10
"reevir1",0.89499253,8,11
"chispa",0.83428085,10,13
"warvir",0.29780027,10,13
"eawpew",0.81250453,16,19
"indbun",0.3695232,16,19
"comyel",0.98788035,18,21
"amerob",0.49194548,18,21
"carwre",0.9786892,19,22
"woewar1",0.98753643,23,26
