"species_code","score","start_offset_sec","end_offset_sec"
"acafly",0.9942912,23,26
"norpar",0.28191903,23,26
"norcar",0.8740876,34,37
"carwre",0.99259406,35,38
"eastow",0.99334955,49,52
"amerob",0.9870413,52,55
"moudov",0.34030777,59,62
"woothr",0.9993892,65,68
"brwhaw",0.27938044,85,88
"rebwoo",0.6473211,119,122
