"species_code","score","start_offset_sec","end_offset_sec"
"bkpwar",0.9942386,3,6
"yelwar",0.37530088,23,26
"naswar",0.961326,53,56
"whtspa",0.34859082,81,84
"yebfly",0.97319424,94,97
"borchi2",0.49004352,103,106
"carwre",0.4927308,269,272
"bkcchi",0.5117376,282,285
