"species_code","score","start_offset_sec","end_offset_sec"
"bnhcow",0.4137776,8,11
"amegfi",0.2563002,17,20
"tuftit",0.9868085,43,46
"bawwar",0.37065142,51,54
"yelwar",0.884205,54,57
"grycat",0.7178075,55,58
"amerob",0.32795835,61,64
"amered",0.9958124,63,66
"sonspa",0.34842616,63,66
"yerwar",0.28379083,66,69
"balori",0.28094268,67,70
