"species_code","score","start_offset_sec","end_offset_sec"
"chswar",0.9805704,0,3
"amered",0.42120463,0,3
"amegfi",0.8328877,3,6
"veery",0.99907875,7,10
"amerob",0.31725788,8,11
"norcar",0.7808389,9,12
"robgro",0.35013056,9,12
"tuftit",0.9943899,13,16
"indbun",0.35054493,13,16
"moudov",0.96792364,21,24
"rewbla",0.90060943,21,24
"yelwar",0.88921255,31,34
