"species_code","score","start_offset_sec","end_offset_sec"
"amered",0.36131248,0,3
"moudov",0.99446267,11,14
"balori",0.62122685,11,14
"tuftit",0.9999283,16,19
"norcar",0.9187475,23,26
"bawwar",0.72778183,25,28
"blujay",0.40299076,25,28
"yerwar",0.26812503,25,28
"veery",0.97384995,29,32
"chswar",0.9762869,35,38
"ovenbi1",0.4751243,38,41
"comyel",0.9973655,42,45
"grycat",0.9999974,50,53
"amecro",0.9608575,54,57
