"species_code","score","start_offset_sec","end_offset_sec"
"carchi",0.68066347,0,3
"sonspa",0.26293054,5,8
"comyel",0.9931923,8,11
"veery",0.99999833,12,15
"amered",0.46912858,21,24
"grcfly",0.29906002,36,39
"bawwar",0.9923376,40,43
"amerob",0.43328092,57,60
"bkcchi",0.94788194,58,61
"reevir1",0.94373226,63,66
"eastow",0.40643588,65,68
"tuftit",0.41238737,73,76
"buhvir",0.7144816,75,78
"norcar",0.45071483,75,78
