"species_code","score","start_offset_sec","end_offset_sec"
"bkcchi",0.75328606,53,56
"norcar",0.47771126,63,66
"amegfi",0.9978239,84,87
"purfin",0.43965676,93,96
"rufgro",0.51019484,98,101
"houwre",0.9998185,116,119
"sonspa",0.25157347,118,121
"houspa",0.9880151,119,122
"chispa",0.92930204,128,131
