"species_code","score","start_offset_sec","end_offset_sec"
"tuftit",0.7984759,7,10
"woothr",0.9999999,11,14
"comyel",0.28360704,16,19
"normoc",0.29964983,27,30
"buwwar",0.26931727,28,31
"reevir1",0.9398141,29,32
"eawpew",0.269327,33,36
"bkcchi",0.9825193,43,46
"norcar",0.5273565,44,47
"amerob",0.36825597,45,48
"rewbla",0.9486412,50,53
"grycat",0.27362153,59,62
"grcfly",0.75857216,74,77
