"species_code","score","start_offset_sec","end_offset_sec"
"carwre",0.9867781,3,6
"indbun",0.8178268,8,11
"reevir1",0.64056605,8,11
"amecro",0.48755178,14,17
"tuftit",0.8831358,15,18
"norcar",0.76584226,15,18
"hoowar",0.9990832,18,21
"swawar",0.45205104,19,22
"ovenbi1",0.6116571,31,34
"norfli",0.40134895,31,34
"orcori",0.51839715,38,41
