"species_code","score","start_offset_sec","end_offset_sec"
"veery",0.7235699,19,22
"warvir",0.32277435,35,38
"reevir1",0.9896218,77,80
"swaspa",0.34929615,77,80
"moudov",0.31123284,110,113
"brwhaw",0.36381826,155,158
"woothr",0.9999362,170,173
"swathr",0.36707526,185,188
