"species_code","score","start_offset_sec","end_offset_sec"
"eursta",0.3218539,16,19
"bkcchi",0.3729052,36,39
"yetvir",0.75886077,38,41
"amerob",0.974102,39,42
"scatan",0.9960027,52,55
"eawpew",0.9612253,87,90
"tuftit",0.9893159,99,102
"norcar",0.43152547,100,103
"carwre",0.8208244,101,104
