"species_code","score","start_offset_sec","end_offset_sec"
"reevir1",0.5588623,25,28
"cedwax",0.6058372,26,29
"daejun",0.89222914,27,30
"fiespa",0.30458182,31,34
"indbun",0.9675863,32,35
"btnwar",0.38906908,36,39
"sonspa",0.49896836,37,40
"woothr",0.99992085,40,43
"buwwar",0.30138314,46,49
"scatan",0.98994166,55,58
"comyel",0.93812156,60,63
"amerob",0.3186977,91,94
