"species_code","score","start_offset_sec","end_offset_sec"
"amegfi",0.50576335,26,29
"sonspa",0.98558164,39,42
"comyel",0.91871357,58,61
"indbun",0.99884343,77,80
"comrav",0.5717127,80,83
"rewbla",0.3710576,80,83
"herthr",0.65293396,81,84
"comgal1",0.33370903,103,106
