"species_code","score","start_offset_sec","end_offset_sec"
"bnhcow",0.32873675,0,3
"comgra",0.36724243,6,9
"rewbla",0.96507496,13,16
"comyel",0.9834625,15,18
"blugrb1",0.99817383,18,21
"scatan",0.56715554,20,23
"amegfi",0.8925904,27,30
"orcori",0.42589933,31,34
"sonspa",0.53503716,56,59
"amecro",0.96246403,64,67
"whevir",0.636063,69,72
"purmar",0.7382375,72,75
"normoc",0.3146915,79,82
