"species_code","score","start_offset_sec","end_offset_sec"
"amekes",0.42718878,81,84
"easpho",0.99368423,173,176
"norcar",0.97829133,246,249
"whtspa",0.30639648,263,266
"rthhum",0.7418927,353,356
"amegfi",0.99976176,462,465
"bbwduc",0.346,518,521
