"species_code","score","start_offset_sec","end_offset_sec"
"bkcchi",0.43536383,62,65
"houspa",0.9676959,126,129
"reshaw",0.94319415,146,149
"savspa",0.43181208,152,155
"buwtea",0.8744747,157,160
"ribgul",0.99447536,165,168
"rewbla",0.5289311,205,208
"normoc",0.45039266,208,211
"houfin",0.35641253,227,230
"greegr",0.6055147,250,253
"sonspa",0.99753845,268,271
"norcar",0.2600086,284,287
"amegfi",0.8645967,286,289
