"species_code","score","start_offset_sec","end_offset_sec"
"sonspa",0.7049779,21,24
"brncre",0.28319022,25,28
"reevir1",0.45327336,31,34
"whbnut",0.43196896,36,39
"brnthr",0.54517376,37,40
"yetvir",0.3419764,50,53
"ovenbi1",0.2896932,50,53
"btbwar",0.99967724,52,55
"buhvir",0.9982985,56,59
"olsfly",0.26241088,60,63
"leafly",0.59038234,94,97
"yebsap",0.98935926,109,112
"rebnut",0.97217196,118,121
"daejun",0.98978734,120,123
"bkcchi",0.99879265,127,130
