"species_code","score","start_offset_sec","end_offset_sec"
"blujay",0.9922749,0,3
"ovenbi1",0.7783991,4,7
"btnwar",0.4065477,8,11
"normoc",0.39185315,14,17
"grycat",0.5516424,16,19
"norcar",0.89132243,17,20
"amerob",0.8103033,17,20
"woothr",0.69179654,18,21
"moudov",0.78881204,27,30
"btbwar",0.2545697,33,36
"pinwar",0.83807945,38,41
"chswar",0.28925845,42,45
"carwre",0.9988959,47,50
"bkcchi",0.9740919,50,53
