"species_code","score","start_offset_sec","end_offset_sec"
"eawpew",0.9945889,1,4
"scatan",0.98623276,6,9
"reevir1",0.9883407,11,14
"veery",0.9939276,22,25
"easblu",0.26142713,26,29
"ovenbi1",0.99319285,51,54
"norpar",0.8846829,53,56
"btnwar",0.42411557,72,75
"woewar1",0.9910351,74,77
"yetvir",0.4062587,75,78
