"species_code","score","start_offset_sec","end_offset_sec"
"chispa",0.9999737,12,15
"moudov",0.25224677,21,24
"tuftit",0.79532796,28,31
"rewbla",0.27139384,39,42
"norcar",0.9827372,45,48
"amerob",0.3877184,51,54
"amegfi",0.9989033,52,55
"grycat",0.7660012,58,61
"blujay",0.38037536,58,61
"amecro",0.99472576,64,67
"bkcchi",0.9958949,71,74
"bnhcow",0.2506192,71,74
