"species_code","score","start_offset_sec","end_offset_sec"
"indbun",0.99296826,3,6
"norcar",0.81023437,3,6
"cangoo",0.39672825,6,9
"sonspa",0.28662315,8,11
"chispa",0.39222446,9,12
"eastow",0.9528669,11,14
"amegfi",0.83805543,14,17
"chswar",0.9751246,18,21
"reevir1",0.9934486,20,23
"moudov",0.47233856,21,24
