"species_code","score","start_offset_sec","end_offset_sec"
"comyel",0.57000023,2,5
"sonspa",0.46765837,3,6
"amerob",0.68675596,4,7
"norcar",0.49243358,4,7
"eastow",0.7762698,11,14
"amecro",0.8588579,14,17
"rethaw",0.9570602,17,20
"tuftit",0.41143432,20,23
"amegfi",0.97864497,21,24
"aldfly",0.31895563,25,28
"grycat",0.39628884,32,35
