"species_code","score","start_offset_sec","end_offset_sec"
"warvir",0.99160033,1,4
"tuftit",0.94355243,4,7
"norwat",0.28544745,11,14
"indbun",0.5644306,12,15
"reevir1",0.98818797,14,17
"grycat",0.2602314,15,18
"orcori",0.7527793,16,19
"yelwar",0.91997355,17,20
"rewbla",0.27831885,20,23
"woothr",0.80596834,21,24
