"species_code","score","start_offset_sec","end_offset_sec"
"amerob",0.43376422,2,5
"chswar",0.3984907,4,7
"yelwar",0.7529183,10,13
"brncre",0.43465787,12,15
"cedwax",0.7812475,14,17
"rehwoo",0.4356668,25,28
"eawpew",0.9998512,40,43
"leafly",0.32173973,40,43
"reevir1",0.99340105,43,46
"comyel",0.9953913,44,47
