"species_code","score","start_offset_sec","end_offset_sec"
"reevir1",0.84642166,8,11
"cedwax",0.9994037,27,30
"woothr",0.9999385,31,34
"rewbla",0.78719586,35,38
"comyel",0.99552864,46,49
"amegfi",0.995957,48,51
"yelwar",0.8900464,49,52
"grycat",0.99992746,51,54
"cangoo",0.37458223,66,69
"balori",0.92296726,70,73
"yebcha",0.35410762,72,75
"amerob",0.5633061,76,79
"warvir",0.69337946,108,111
