"species_code","score","start_offset_sec","end_offset_sec"
"chwwid",0.99955076,4,7
"woothr",0.37190148,8,11
"tuftit",0.92667115,11,14
"reevir1",0.34548563,13,16
"pinwar",0.89775634,15,18
"carwre",0.98962146,20,23
"eawpew",0.58765286,22,25
"sumtan",0.26132035,22,25
"blugrb1",0.85705346,24,27
"amecro",0.45977098,28,31
"warvir",0.38538563,31,34
"scatan",0.27332973,38,41
"moudov",0.99591947,54,57
"norcar",0.99504185,61,64
