"species_code","score","start_offset_sec","end_offset_sec"
"blujay",0.9248228,6,9
"comyel",0.8778862,6,9
"woothr",0.8226705,7,10
"reevir1",0.6338809,10,13
"hoowar",0.9737494,13,16
"buwwar",0.988802,17,20
"grycat",0.96367025,21,24
"norcar",0.997517,25,28
"brnthr",0.28421283,25,28
"rewbla",0.2685969,36,39
"amered",0.99029034,43,46
"amegfi",0.9393205,43,46
