"species_code","score","start_offset_sec","end_offset_sec"
"comyel",0.6430272,2,5
"carchi",0.28865606,8,11
"norcar",0.9966224,76,79
"rebwoo",0.97456044,83,86
"hoowar",0.9971413,87,90
"indbun",0.25221244,99,102
"acafly",0.97053826,127,130
"bkcchi",0.49542964,133,136
