"species_code","score","start_offset_sec","end_offset_sec"
"reevir1",0.29923254,3,6
"norwat",0.36330777,8,11
"rebwoo",0.9865418,9,12
"brdowl",0.48156026,11,14
"indbun",0.9971875,14,17
"ovenbi1",0.9920781,17,20
"amerob",0.5947484,29,32
"carwre",0.70962137,35,38
"daejun",0.45598412,53,56
"eastow",0.9949567,84,87
"louwat",0.92697114,88,91
"veery",0.9897859,92,95
"norcar",0.33305258,98,101
"houwre",0.995784,102,105
