"species_code","score","start_offset_sec","end_offset_sec"
"yelwar",0.9093143,10,13
"amered",0.47425723,18,21
"acafly",0.7068081,32,35
"eawpew",0.99528414,58,61
"blujay",0.8761816,63,66
"veery",0.4448974,64,67
"comyel",0.9930392,65,68
"kenwar",0.9982123,70,73
"carwre",0.8268459,73,76
