"species_code","score","start_offset_sec","end_offset_sec"
"balori",0.3656695,4,7
"veery",0.99987304,10,13
"dowwoo",0.9619071,13,16
"amecro",0.33911455,13,16
"ovenbi1",0.9730446,14,17
"cerwar",0.99606407,19,22
"reevir1",0.44447884,21,24
"btbwar",0.25815603,22,25
"acafly",0.76625866,23,26
"bkcchi",0.36629054,41,44
"wiltur",0.68468726,46,49
