"species_code","score","start_offset_sec","end_offset_sec"
"woothr",0.9998003,12,15
"robgro",0.91488874,12,15
"veery",0.9999832,17,20
"eawpew",0.5847717,18,21
"norcar",0.46514457,37,40
"grycat",0.97533756,51,54
"comyel",0.9479678,64,67
"prowar",0.44221762,78,81
"yelwar",0.92439926,89,92
"scatan",0.81190544,96,99
"rewbla",0.9880821,116,119
"amerob",0.9586599,117,120
"magwar",0.54179645,126,129
"banswa",0.3137861,126,129
