"species_code","score","start_offset_sec","end_offset_sec"
"naswar",0.3384187,8,11
"reevir1",0.25432092,14,17
"amerob",0.9926016,25,28
"woothr",0.7124006,27,30
"tuftit",0.34461132,28,31
"eastow",0.995806,32,35
"balori",0.49439928,37,40
"yelwar",0.9999341,39,42
"robgro",0.99689424,49,52
"norcar",0.51982987,50,53
"cedwax",0.88358873,52,55
"amered",0.9925543,54,57
"sonspa",0.61343485,60,63
"rewbla",0.93872225,67,70
