"species_code","score","start_offset_sec","end_offset_sec"
"easmea",0.99846023,3,6
"normoc",0.9877134,10,13
"brnthr",0.84794605,13,16
"carwre",0.3310627,14,17
"moudov",0.98275656,19,22
"tuftit",0.6584266,19,22
"grcfly",0.8729887,21,24
"boboli",0.73958,24,27
"orcori",0.6085254,25,28
"graspa",0.45718038,36,39
"amerob",0.29314336,37,40
"rewbla",0.32256323,40,43
"fiespa",0.87233675,45,48
"eawpew",0.9973069,47,50
"grycat",0.9987428,61,64
"amecro",0.98937935,63,66
