"species_code","score","start_offset_sec","end_offset_sec"
"comyel",0.5830898,2,5
"bkcchi",0.31969067,2,5
"amerob",0.33125573,9,12
"carwre",0.32732648,10,13
"leafly",0.70166075,11,14
"yerwar",0.4175405,11,14
"buhvir",0.3699924,11,14
"norcar",0.9524907,15,18
"reevir1",0.62771493,15,18
"blujay",0.46317837,17,20
"woothr",0.82105,20,23
"whevir",0.9982594,21,24
