"species_code","score","start_offset_sec","end_offset_sec"
"grycat",0.31925234,0,3
"comgra",0.8749254,3,6
"gockin",0.31484088,17,20
"whtspa",0.77109975,21,24
"comyel",0.98038185,23,26
"winwre3",0.9995614,28,31
"reevir1",0.44329163,28,31
"swathr",0.99851966,30,33
"tuftit",0.6801989,32,35
"blujay",0.35988256,42,45
"rewbla",0.26488346,42,45
"aldfly",0.9691849,47,50
"magwar",0.7212512,48,51
"herthr",0.44579515,54,57
