"species_code","score","start_offset_sec","end_offset_sec"
"houwre",0.99994516,3,6
"eursta",0.26515973,11,14
"mouwar",0.45722604,12,15
"kenwar",0.9936977,13,16
"amerob",0.6560396,21,24
"blujay",0.2686518,29,32
"bkcchi",0.94519407,30,33
"grycat",0.9999569,37,40
"sonspa",0.60563946,44,47
"norcar",0.9979416,53,56
"grcfly",0.9961639,59,62
"carwre",0.99593616,63,66
"yelwar",0.98279566,64,67
