"species_code","score","start_offset_sec","end_offset_sec"
"carwre",0.40081856,0,3
"normoc",0.29611802,3,6
"amerob",0.99923736,6,9
"chispa",0.9993235,10,13
"eursta",0.2962108,12,15
"comgra",0.99031216,24,27
"norfli",0.80981034,24,27
"rewbla",0.7618229,24,27
"moudov",0.97789174,36,39
"sonspa",0.97069997,36,39
