"species_code","score","start_offset_sec","end_offset_sec"
"yelwar",0.99583054,10,13
"amerob",0.98995656,34,37
"fiespa",0.39257675,42,45
"rewbla",0.99579114,88,91
"norcar",0.36807337,101,104
"sonspa",0.9859433,105,108
"wilfly",0.99999434,118,121
"woothr",0.25582922,136,139
"warvir",0.99945766,151,154
"yerwar",0.32165864,165,168
