"species_code","score","start_offset_sec","end_offset_sec"
"indbun",0.97782326,0,3
"tuftit",0.76526105,0,3
"norcar",0.70710266,0,3
"amered",0.97411245,5,8
"carwre",0.95636183,7,10
"amerob",0.6236491,14,17
"prowar",0.9925313,16,19
"rewbla",0.9005237,16,19
"amecro",0.71215117,16,19
"cedwax",0.983327,18,21
"orcori",0.99548835,20,23
"sonspa",0.37986434,21,24
