"species_code","score","start_offset_sec","end_offset_sec"
"amerob",0.490058,6,9
"yebcha",0.4907581,8,11
"rewbla",0.35461873,12,15
"indbun",0.99343187,50,53
"comyel",0.96925044,70,73
"houfin",0.31629363,81,84
"normoc",0.30049884,87,90
"carwre",0.9991151,93,96
"norcar",0.9949265,101,104
