"species_code","score","start_offset_sec","end_offset_sec"
"leafly",0.47856274,9,12
"yelwar",0.41317102,9,12
"yerwar",0.3773108,10,13
"amered",0.27890995,20,23
"houspa",0.34074467,27,30
"grycat",0.92255044,29,32
"reevir1",0.9327269,38,41
"swathr",0.25078958,40,43
"robgro",0.99490994,46,49
"veery",0.99924684,63,66
"warvir",0.27475265,75,78
