"species_code","score","start_offset_sec","end_offset_sec"
"reevir1",0.9447974,8,11
"pinwar",0.99618274,15,18
"buggna",0.8040274,25,28
"carwre",0.47876787,33,36
"amerob",0.5287764,34,37
"rewbla",0.29482225,34,37
"eawpew",0.4505891,39,42
"comgra",0.82217646,46,49
"tuftit",0.36770585,51,54
