"species_code","score","start_offset_sec","end_offset_sec"
"comyel",0.567426,1,4
"reevir1",0.30122995,3,6
"woothr",0.7929814,10,13
"amerob",0.99943215,18,21
"veery",0.97854567,28,31
"sonspa",0.29674524,30,33
"ovenbi1",0.9918913,40,43
"blujay",0.51444185,47,50
"daejun",0.46999815,47,50
"bkcchi",0.95570624,54,57
"woewar1",0.6990826,58,61
