"species_code","score","start_offset_sec","end_offset_sec"
"bkcchi",0.8440105,2,5
"yebcuc",0.99959064,8,11
"sonspa",0.9598213,8,11
"veery",0.9999559,9,12
"chswar",0.40064746,12,15
"amered",0.9858948,13,16
"grycat",0.9669404,14,17
"woothr",0.25363505,14,17
"amerob",0.8549796,15,18
"commer",0.70360935,15,18
"amegfi",0.6881784,15,18
"blujay",0.85549706,16,19
"cedwax",0.9692192,17,20
"yelwar",0.9016967,18,21
"reevir1",0.9842593,20,23
