"species_code","score","start_offset_sec","end_offset_sec"
"reevir1",0.29160812,40,43
"aldfly",0.5927393,65,68
"rewbla",0.31645155,88,91
"houwre",0.7334845,101,104
"amerob",0.64083713,101,104
"rebwoo",0.7472382,115,118
"eawpew",0.89566725,140,143
"carchi",0.38379025,150,153
"tuftit",0.3674779,150,153
"whevir",0.3905408,166,169
"yebcuc",0.38345945,167,170
"wiltur",0.6701337,173,176
