"species_code","score","start_offset_sec","end_offset_sec"
"amegfi",0.7490192,0,3
"chispa",0.86427873,4,7
"amerob",0.61910766,5,8
"houfin",0.46114042,5,8
"cedwax",0.90259427,11,14
"sonspa",0.96424955,14,17
"orcori",0.36685756,18,21
"yelwar",0.6691256,20,23
"norcar",0.29235044,24,27
"fiespa",0.972917,25,28
"normoc",0.31738186,27,30
"rewbla",0.7014986,28,31
"wilfly",0.9413741,30,33
"swaspa",0.40824717,31,34
