"species_code","score","start_offset_sec","end_offset_sec"
"reevir1",0.99698997,6,9
"sonspa",0.69207984,13,16
"amerob",0.6386916,25,28
"comyel",0.9975612,29,32
"bkcchi",0.6686543,41,44
"balori",0.9715877,45,48
"comrav",0.41459352,51,54
"tuftit",0.97994846,52,55
"rewbla",0.95096844,53,56
"norcar",0.48457313,55,58
"fiespa",0.33890298,67,70
"amecro",0.94445115,68,71
