"species_code","score","start_offset_sec","end_offset_sec"
"sonspa",0.99979836,2,5
"houfin",0.35055083,4,7
"rewbla",0.8750948,8,11
"fiespa",0.999119,10,13
"wilfly",0.99994016,15,18
"amerob",0.9625963,15,18
"bnhcow",0.96721715,18,21
"grycat",0.5435226,18,21
"moudov",0.85465884,33,36
"amegfi",0.5072597,37,40
