"species_code","score","start_offset_sec","end_offset_sec"
"yelwar",0.996124,18,21
"houspa",0.9571837,22,25
"brnthr",0.32629293,25,28
"eursta",0.30296096,25,28
"yebcha",0.31400165,26,29
"rewbla",0.9279461,33,36
"fiespa",0.282338,39,42
"normoc",0.80491453,41,44
"amerob",0.77956384,42,45
"tuftit",0.4552248,44,47
"woewar1",0.6965136,46,49
"reshaw",0.43248937,47,50
"chispa",0.9128432,48,51
"wilfly",0.9794982,55,58
