"species_code","score","start_offset_sec","end_offset_sec"
"amegfi",0.9879072,3,6
"rewbla",0.7507024,5,8
"blujay",0.3607906,16,19
"carwre",0.9889648,17,20
"amerob",0.83436733,22,25
"yelwar",0.47151363,31,34
"sonspa",0.99735683,39,42
"bkcchi",0.32923165,45,48
"warvir",0.93048745,46,49
"grycat",0.81125456,52,55
