"species_code","score","start_offset_sec","end_offset_sec"
"amerob",0.46301663,0,3
"robgro",0.4030756,0,3
"yelwar",0.98037827,1,4
"reevir1",0.8877111,5,8
"swathr",0.6634155,9,12
"comyel",0.48002556,10,13
"yerwar",0.43531013,11,14
"olsfly",0.402916,12,15
"indbun",0.9787804,31,34
"buggna",0.61481225,31,34
"amered",0.91210985,49,52
