"species_code","score","start_offset_sec","end_offset_sec"
"grnher",0.9501511,7,10
"moudov",0.37238777,27,30
"amerob",0.6824029,31,34
"warvir",0.35901842,36,39
"whevir",0.7343482,38,41
"grycat",0.99879724,41,44
"easkin",0.9109769,43,46
"comyel",0.9935774,45,48
"norcar",0.9821731,69,72
"houspa",0.2822496,72,75
"reevir1",0.2815754,82,85
"rewbla",0.98869896,86,89
"eursta",0.28896818,89,92
"carwre",0.40073866,115,118
"amegfi",0.2656676,119,122
"normoc",0.6355243,125,128
