"species_code","score","start_offset_sec","end_offset_sec"
"orcori",0.4457444,3,6
"whevir",0.99991924,7,10
"normoc",0.39743277,10,13
"eastow",0.81981266,16,19
"grycat",0.766863,18,21
"cedwax",0.99987936,22,25
"comyel",0.839958,28,31
"amerob",0.39113507,32,35
"veery",0.9505393,34,37
"rewbla",0.6477851,36,39
"dowwoo",0.3365436,36,39
"yerwar",0.68509483,41,44
"wilfly",0.59875697,42,45
"leafly",0.37822235,42,45
