"species_code","score","start_offset_sec","end_offset_sec"
"yelwar",0.8820721,7,10
"amered",0.9752419,17,20
"amerob",0.3911229,18,21
"woothr",0.35217407,18,21
"aldfly",0.74011374,19,22
"grycat",0.99965364,21,24
"veery",0.2945527,22,25
"scatan",0.9955975,24,27
"comyel",0.9904651,36,39
