"species_code","score","start_offset_sec","end_offset_sec"
"whevir",0.99993867,10,13
"carwre",0.9991323,17,20
"norfli",0.6782896,17,20
"norcar",0.9401685,26,29
"norpar",0.9917505,33,36
"amecro",0.98747975,40,43
"brnthr",0.7212069,92,95
"yebcha",0.49273485,96,99
"yetvir",0.34131068,103,106
"tuftit",0.8088067,121,124
"buggna",0.97297925,130,133
"reevir1",0.9262212,130,133
"comyel",0.9830461,138,141
"comgra",0.99222195,139,142
"indbun",0.99887055,143,146
