"species_code","score","start_offset_sec","end_offset_sec"
"blujay",0.9653468,0,3
"bnhcow",0.57214093,10,13
"norcar",0.98523206,26,29
"eastow",0.99644506,27,30
"aldfly",0.5056118,28,31
"comyel",0.91495353,29,32
"reevir1",0.6365004,41,44
"whtspa",0.3191934,59,62
"dowwoo",0.33410022,68,71
"bkcchi",0.2885804,108,111
"grycat",0.9999998,133,136
"sonspa",0.98570204,144,147
"amerob",0.6248782,146,149
"balori",0.3677354,163,166
"rewbla",0.33749536,163,166
