"species_code","score","start_offset_sec","end_offset_sec"
"veery",0.9629986,2,5
"reevir1",0.9043769,2,5
"haiwoo",0.29886377,6,9
"brnthr",0.2658328,9,12
"robgro",0.33589157,14,17
"norcar",0.36484733,15,18
"chswar",0.4291859,29,32
"swathr",0.31362617,30,33
"amerob",0.3095457,32,35
"aldfly",0.9998283,33,36
"yelwar",0.98686796,34,37
"grycat",0.99848086,41,44
