"species_code","score","start_offset_sec","end_offset_sec"
"rebwoo",0.9916857,13,16
"whbnut",0.33507365,13,16
"sonspa",0.60289276,19,22
"orcori",0.6312285,24,27
"houspa",0.29193828,44,47
"rewbla",0.98486394,58,61
"boboli",0.9999934,59,62
"amerob",0.32169417,62,65
"norcar",0.7688146,70,73
"reevir1",0.92330337,80,83
"purfin",0.75682664,81,84
