"species_code","score","start_offset_sec","end_offset_sec"
"indbun",0.99759966,2,5
"sonspa",0.39396903,6,9
"graspa",0.9973608,9,12
"comyel",0.9884075,9,12
"normoc",0.7585962,18,21
"amegfi",0.31805372,20,23
"moudov",0.9741376,21,24
"reevir1",0.97497874,25,28
"carwre",0.6899494,27,30
"amerob",0.67254025,28,31
