"species_code","score","start_offset_sec","end_offset_sec"
"yelwar",0.30338937,7,10
"norcar",0.9288328,11,14
"marwre",0.9985584,12,15
"treswa",0.99432844,28,31
"sonspa",0.8575489,31,34
"houfin",0.51734364,31,34
"rewbla",0.99672496,32,35
"comgra",0.94122654,37,40
"amerob",0.80455166,39,42
