"species_code","score","start_offset_sec","end_offset_sec"
"amegfi",0.7457179,0,3
"comgra",0.2522362,0,3
"daejun",0.33560187,4,7
"comyel",0.98661613,9,12
"yelwar",0.95110506,13,16
"rewbla",0.97832626,14,17
"amerob",0.9535584,16,19
"moudov",0.26832148,18,21
"dowwoo",0.3576538,20,23
"sonspa",0.9891158,22,25
"swaspa",0.9877966,32,35
