"species_code","score","start_offset_sec","end_offset_sec"
"moudov",0.95216936,38,41
"amerob",0.86157477,50,53
"balori",0.8969316,55,58
"eawpew",0.26877692,131,134
"norcar",0.93317276,137,140
"reevir1",0.4007803,153,156
"woothr",0.9952675,161,164
"easpho",0.42958206,164,167
"carwre",0.9997935,166,169
"eastow",0.53868973,175,178
"scatan",0.8352139,178,181
