"species_code","score","start_offset_sec","end_offset_sec"
"sonspa",0.98748696,3,6
"amegfi",0.9954442,7,10
"vesspa",0.76582974,13,16
"indbun",0.7457355,14,17
"chispa",0.48074043,36,39
"normoc",0.3005204,50,53
"tuftit",0.36371967,52,55
"balori",0.6618457,56,59
"houfin",0.32996944,65,68
"amerob",0.9343633,87,90
