"species_code","score","start_offset_sec","end_offset_sec"
"moudov",0.99733996,4,7
"orcori",0.37657645,17,20
"sumtan",0.8197376,82,85
"norcar",0.9421145,129,132
"reevir1",0.33577764,129,132
"easblu",0.99988925,133,136
"chispa",0.97344273,133,136
"normoc",0.8566712,167,170
"blugrb1",0.9522241,170,173
"tuftit",0.3570712,170,173
"pinwar",0.7869195,174,177
