"species_code","score","start_offset_sec","end_offset_sec"
"easwpw1",0.9997137,64,67
"norcar",0.7182129,84,87
"eastow",0.6452702,93,96
"moudov",0.8127342,94,97
"amerob",0.5602741,96,99
"carwre",0.33169454,144,147
"whevir",0.46615747,160,163
"reevir1",0.32585314,184,187
"grycat",0.91424936,237,240
"woothr",0.3259903,241,244
