"species_code","score","start_offset_sec","end_offset_sec"
"houspa",0.7683886,2,5
"amecro",0.99219364,4,7
"blugrb1",0.9995683,15,18
"yebcha",0.9969379,17,20
"yelwar",0.6403662,18,21
"houfin",0.3303915,19,22
"dickci",0.7574486,20,23
"eursta",0.92348987,23,26
"rewbla",0.6004908,24,27
"norcar",0.9886776,28,31
"indbun",0.9968982,30,33
"carwre",0.26333326,32,35
"normoc",0.9215672,36,39
"amegfi",0.40375316,40,43
"purmar",0.3991827,40,43
"sonspa",0.3138808,40,43
