"species_code","score","start_offset_sec","end_offset_sec"
"swaspa",0.29310906,3,6
"norcar",0.9742039,4,7
"sonspa",0.94149315,4,7
"carwre",0.5249639,9,12
"orcori",0.44846317,9,12
"wilfly",0.9999135,15,18
"yebcha",0.25633675,17,20
"normoc",0.3765472,21,24
"amerob",0.33389547,21,24
"rewbla",0.99018234,23,26
"moudov",0.8643268,37,40
