"species_code","score","start_offset_sec","end_offset_sec"
"reevir1",0.5066592,0,3
"purmar",0.6095071,2,5
"rthhum",0.88587075,4,7
"carwre",0.71229064,4,7
"houspa",0.99141526,10,13
"normoc",0.9993827,12,15
"rebwoo",0.99468124,16,19
"marwre",0.35674223,18,21
"moudov",0.61762273,21,24
"carchi",0.29884744,28,31
"tuftit",0.48275185,29,32
"norcar",0.6891508,31,34
"fiscro",0.49083182,31,34
