"species_code","score","start_offset_sec","end_offset_sec"
"norcar",0.9279342,12,15
"sonspa",0.46148857,15,18
"normoc",0.6178271,16,19
"vesspa",0.9936328,23,26
"indbun",0.25464287,48,51
"comyel",0.49731988,51,54
"amegfi",0.3374718,52,55
"fiespa",0.99932164,58,61
"prawar",0.6454269,64,67
"rewbla",0.45606548,66,69
