"species_code","score","start_offset_sec","end_offset_sec"
"amerob",0.7244725,4,7
"brdowl",0.3232663,14,17
"norcar",0.9997066,19,22
"moudov",0.9863692,36,39
"fiscro",0.9723663,39,42
"amecro",0.47295654,41,44
"norbob",0.3581764,44,47
"yebcuc",0.998008,53,56
"rebwoo",0.9922482,60,63
"blujay",0.34026036,66,69
"tuftit",0.8674726,73,76
