"species_code","score","start_offset_sec","end_offset_sec"
"acafly",0.9957044,3,6
"woothr",0.9996215,8,11
"amerob",0.9381563,18,21
"eastow",0.84974265,28,31
"carwre",0.9877091,32,35
"eawpew",0.8149312,33,36
"chispa",0.41959533,34,37
"balori",0.43207142,38,41
"rewbla",0.46147206,40,43
"reevir1",0.29773068,42,45
"buggna",0.9404248,49,52
"whbnut",0.7015226,51,54
