"species_code","score","start_offset_sec","end_offset_sec"
"acafly",0.9962565,7,10
"carchi",0.36412758,9,12
"reshaw",0.98722285,28,31
"indbun",0.99691236,37,40
"norcar",0.31523192,39,42
"tuftit",0.2768117,39,42
"buggna",0.98994726,46,49
"yelwar",0.3892193,48,51
"amegfi",0.96932876,55,58
"amerob",0.5338399,65,68
"carwre",0.99069744,68,71
"norpar",0.98746145,69,72
