"species_code","score","start_offset_sec","end_offset_sec"
"norcar",0.80988175,3,6
"paibun",0.6285303,3,6
"rewbla",0.9537652,10,13
"pilwoo",0.9734274,33,36
"blugrb1",0.98779994,36,39
"comgra",0.89171994,39,42
"carwre",0.9999171,41,44
"normoc",0.2525432,43,46
"indbun",0.99762124,50,53
"comyel",0.9671749,53,56
"rebwoo",0.81797844,54,57
