"species_code","score","start_offset_sec","end_offset_sec"
"houwre",0.33674243,6,9
"grycat",0.9997254,8,11
"sonspa",0.822629,18,21
"robgro",0.34027845,30,33
"fiespa",0.2642627,31,34
"comyel",0.9973768,33,36
"swaspa",0.9995315,40,43
"eastow",0.98103124,57,60
"rewbla",0.84166324,57,60
"yebcha",0.31380603,57,60
"carwre",0.4941474,66,69
"amerob",0.5630064,67,70
"veery",0.83811414,75,78
"norcar",0.6227045,79,82
