"species_code","score","start_offset_sec","end_offset_sec"
"reevir1",0.9986486,14,17
"cedwax",0.968905,16,19
"amegfi",0.54628444,20,23
"moudov",0.26209632,22,25
"vesspa",0.49519637,38,41
"amecro",0.95454526,39,42
"warvir",0.31451708,49,52
"comyel",0.8996277,52,55
"rewbla",0.9976421,57,60
"robgro",0.46095964,61,64
"sonspa",0.9988148,67,70
"savspa",0.30705744,69,72
"treswa",0.27927783,89,92
"amerob",0.9475934,106,109
"wilfly",0.9991631,127,130
