"species_code","score","start_offset_sec","end_offset_sec"
"sonspa",0.9984478,11,14
"amegfi",0.40110293,11,14
"grycat",0.9995639,15,18
"whevir",0.31604338,18,21
"norcar",0.35569385,19,22
"robgro",0.46323338,20,23
"houspa",0.31417432,30,33
"eursta",0.67016566,31,34
"balori",0.25393274,32,35
