"species_code","score","start_offset_sec","end_offset_sec"
"bkbwar",0.9836107,1,4
"btnwar",0.68945366,9,12
"gockin",0.6415384,10,13
"scatan",0.6391598,63,66
"reevir1",0.99304426,71,74
"amered",0.3164568,82,85
"woothr",0.99886394,103,106
"barswa",0.9774479,105,108
"magwar",0.996041,110,113
