"species_code","score","start_offset_sec","end_offset_sec"
"purfin",0.3931861,0,3
"rewbla",0.30568567,1,4
"orcori",0.2830525,2,5
"herthr",0.46054655,10,13
"norfli",0.93340373,18,21
"rethaw",0.34648502,23,26
"whbnut",0.8462898,32,35
"buggna",0.38023102,42,45
"warvir",0.9901387,49,52
"normoc",0.9969539,92,95
"tuftit",0.8202505,105,108
"aldfly",0.7874688,124,127
"amerob",0.81967765,181,184
"cliswa",0.848521,188,191
"norcar",0.66934067,189,192
"blujay",0.8059763,229,232
