"species_code","score","start_offset_sec","end_offset_sec"
"grycat",0.4614754,9,12
"swaspa",0.8179251,11,14
"aldfly",0.38219583,26,29
"amerob",0.8247796,27,30
"woothr",0.39829135,36,39
"yelwar",0.6690971,42,45
"rewbla",0.92315346,43,46
"reevir1",0.9778497,60,63
"sonspa",0.96358615,61,64
"comyel",0.9485907,64,67
