"species_code","score","start_offset_sec","end_offset_sec"
"comyel",0.31860495,7,10
"norcar",0.68754935,11,14
"whevir",0.9965365,21,24
"reevir1",0.98533547,25,28
"amerob",0.98493963,32,35
"veery",0.41337076,36,39
"bkcchi",0.9954261,37,40
"grycat",0.2562412,37,40
"woothr",0.5413997,43,46
"tuftit",0.4581306,47,50
