"species_code","score","start_offset_sec","end_offset_sec"
"amegfi",0.7666742,4,7
"comgra",0.60095716,7,10
"sonspa",0.9977536,8,11
"woothr",0.84788436,9,12
"indbun",0.4733599,13,16
"barswa",0.99946374,17,20
"whtspa",0.71516174,21,24
"normoc",0.41244078,21,24
"comyel",0.40199515,27,30
"hoowar",0.42110646,33,36
"amerob",0.94982654,37,40
"rewbla",0.9915074,38,41
"yelwar",0.9998499,40,43
"norcar",0.93628186,41,44
"houfin",0.88962716,41,44
"houspa",0.5758845,43,46
