"species_code","score","start_offset_sec","end_offset_sec"
"easwpw1",0.9998907,71,74
"amerob",0.41865978,71,74
"fiespa",0.72770655,98,101
"eawpew",0.40949103,171,174
"eastow",0.3739379,222,225
"indbun",0.9670883,258,261
"norcar",0.9974942,328,331
"comyel",0.32911396,482,485
