"species_code","score","start_offset_sec","end_offset_sec"
"herthr",0.99860775,7,10
"bnhcow",0.73194546,12,15
"yelwar",0.32643172,26,29
"whtspa",0.4801386,28,31
"amerob",0.5159859,33,36
"eastow",0.99491787,43,46
"reevir1",0.99630475,51,54
"daejun",0.587208,51,54
"pinwar",0.9845717,52,55
"yetvir",0.45598415,53,56
