"species_code","score","start_offset_sec","end_offset_sec"
"whtspa",0.6848336,5,8
"rewbla",0.9962269,8,11
"blkter",0.39430013,8,11
"bnhcow",0.36566404,24,27
"commer",0.86161065,33,36
"swaspa",0.9995645,39,42
"amerob",0.6330542,47,50
"sonspa",0.9972129,49,52
"comyel",0.89581436,50,53
"normoc",0.2910742,54,57
"canwar",0.40041882,63,66
"amegfi",0.4918887,77,80
"easmea",0.46196455,79,82
"brncre",0.52807176,91,94
"marwre",0.9723371,103,106
"norcar",0.37511948,104,107
"reevir1",0.6507078,112,115
