"species_code","score","start_offset_sec","end_offset_sec"
"amerob",0.25693515,1,4
"amegfi",0.77561325,3,6
"blujay",0.25232723,12,15
"warvir",0.95106155,15,18
"eawpew",0.9987894,17,20
"rewbla",0.97429407,20,23
"sonspa",0.98595506,24,27
"cedwax",0.3087922,32,35
"wilfly",0.5747942,33,36
"woothr",0.915474,35,38
