"species_code","score","start_offset_sec","end_offset_sec"
"chispa",0.7962005,7,10
"winwre3",0.34726587,21,24
"houfin",0.36742863,28,31
"daejun",0.98936015,35,38
"eastow",0.99334836,38,41
"sonspa",0.47531843,52,55
"amecro",0.9922268,56,59
"herthr",0.44729987,61,64
"rebnut",0.9217419,64,67
"rewbla",0.26624623,65,68
"gockin",0.8970978,73,76
"whbnut",0.25466034,73,76
"amerob",0.9936205,76,79
"yerwar",0.38122916,76,79
"brncre",0.2525038,96,99
