"species_code","score","start_offset_sec","end_offset_sec"
"sonspa",0.60733986,3,6
"eastow",0.9794834,17,20
"cedwax",0.3514466,26,29
"leafly",0.9999682,28,31
"yerwar",0.71794546,69,72
"amerob",0.5473301,88,91
"buhvir",0.984183,106,109
"btnwar",0.7375928,108,111
"tuftit",0.2885172,112,115
"reevir1",0.26986903,118,121
"veery",0.90093946,135,138
"warvir",0.31657532,164,167
"norcar",0.34349826,175,178
"daejun",0.9040189,207,210
