"species_code","score","start_offset_sec","end_offset_sec"
"veery",0.79210144,27,30
"comrav",0.46835378,48,51
"ovenbi1",0.9433818,52,55
"gockin",0.2918171,53,56
"comyel",0.61762136,59,62
"amerob",0.26262686,75,78
"moudov",0.9650827,83,86
"grcfly",0.32401833,83,86
"indbun",0.9967433,89,92
