"species_code","score","start_offset_sec","end_offset_sec"
"comyel",0.5436284,3,6
"cedwax",0.99988365,4,7
"blujay",0.52107346,20,23
"yebsap",0.9440487,22,25
"yerwar",0.47132763,35,38
"gockin",0.32991287,44,47
"ovenbi1",0.9863931,47,50
"eastow",0.9982933,53,56
"bkcchi",0.39776638,54,57
"amerob",0.90500253,58,61
"houwre",0.25874022,60,63
