"species_code","score","start_offset_sec","end_offset_sec"
"belkin1",0.991463,2,5
"norcar",0.9763733,30,33
"eursta",0.43771425,33,36
"fiespa",0.99698997,42,45
"comgra",0.2780194,46,49
"eastow",0.89308935,50,53
"amecro",0.96563053,53,56
"rewbla",0.99891967,58,61
"dowwoo",0.948119,58,61
"sonspa",0.990304,61,64
"warvir",0.97593623,67,70
"tuftit",0.9340686,77,80
"amerob",0.9969232,84,87
"veery",0.26932484,96,99
"houfin",0.9935864,98,101
"indbun",0.5382521,102,105
