"species_code","score","start_offset_sec","end_offset_sec"
"acafly",0.99839455,0,3
"tuftit",0.8653209,12,15
"woothr",0.99999565,39,42
"norcar",0.98194885,94,97
"amerob",0.61902314,141,144
"scatan",0.6047207,193,196
"amecro",0.30632225,220,223
"eawpew",0.9018039,236,239
"carwre",0.83223164,276,279
"amered",0.37202543,293,296
"reevir1",0.7691464,299,302
"rebwoo",0.9998777,313,316
"kenwar",0.8951986,317,320
"ovenbi1",0.9935135,337,340
"cedwax",0.25219557,385,388
"eastow",0.9372341,455,458
