"species_code","score","start_offset_sec","end_offset_sec"
"amecro",0.40883535,10,13
"bawwar",0.25102574,15,18
"woothr",0.9999961,39,42
"eawpew",0.94247764,43,46
"rebwoo",0.8303729,56,59
"eastow",0.6929259,58,61
"veery",0.31618366,63,66
"hoowar",0.99453217,64,67
"acafly",0.99087,68,71
"tuftit",0.9118851,73,76
"normoc",0.33772808,75,78
"reevir1",0.7167301,83,86
"rewbla",0.41129738,92,95
"norcar",0.28214544,109,112
