"species_code","score","start_offset_sec","end_offset_sec"
"indbun",0.35483336,7,10
"veery",0.2624066,11,14
"easwpw1",0.99864703,16,19
"whtspa",0.5452563,20,23
"eastow",0.9989599,25,28
"amegfi",0.2695405,31,34
"norcar",0.4904942,41,44
"scatan",0.3100361,60,63
"aldfly",0.9999502,79,82
"fiespa",0.67187333,82,85
"rewbla",0.7340524,87,90
"sonspa",0.8891128,95,98
"amerob",0.48926172,97,100
