"species_code","score","start_offset_sec","end_offset_sec"
"comyel",0.47252017,6,9
"reevir1",0.6907888,14,17
"cangoo",0.9991245,16,19
"grycat",0.8188946,30,33
"yetvir",0.30963266,57,60
"orcori",0.29734272,73,76
"brnthr",0.96481705,75,78
"yelwar",0.46454656,84,87
"carwre",0.9933567,87,90
