"species_code","score","start_offset_sec","end_offset_sec"
"eawpew",0.909413,0,3
"grycat",0.3206015,0,3
"comyel",0.98843753,4,7
"rewbla",0.9698794,7,10
"amerob",0.5117023,8,11
"norfli",0.50953275,8,11
"amegfi",0.38587382,9,12
"sonspa",0.97351927,12,15
"veery",0.7198474,13,16
"swaspa",0.93998486,18,21
"swathr",0.434596,30,33
"norcar",0.41694376,31,34
