"species_code","score","start_offset_sec","end_offset_sec"
"norcar",0.62111396,6,9
"cedwax",0.9774139,16,19
"normoc",0.30975628,23,26
"houwre",0.99646467,26,29
"tuftit",0.41651833,27,30
"sonspa",0.99591094,30,33
"amerob",0.96736,37,40
"carwre",0.99958473,43,46
"norfli",0.9782693,46,49
"whtspa",0.48823962,46,49
