"species_code","score","start_offset_sec","end_offset_sec"
"woothr",0.99996376,6,9
"indbun",0.7541523,12,15
"carchi",0.9996784,26,29
"reevir1",0.997106,31,34
"eawpew",0.39941466,33,36
"eastow",0.9303374,52,55
"bkbwar",0.35567993,62,65
"bawwar",0.9482179,70,73
"sonspa",0.55906534,90,93
"buggna",0.9991356,92,95
"tuftit",0.25202775,99,102
"yetwar",0.59781796,100,103
"carwre",0.32914692,114,117
"norcar",0.5996181,118,121
