"species_code","score","start_offset_sec","end_offset_sec"
"belkin1",0.37904963,0,3
"sonspa",0.31533706,11,14
"moudov",0.9749926,12,15
"easkin",0.999869,15,18
"eastow",0.69042414,30,33
"carwre",0.9931774,32,35
"norcar",0.80572605,32,35
"rewbla",0.40938497,37,40
"woothr",0.92257005,39,42
"blujay",0.32576427,42,45
"tuftit",0.29753408,45,48
"normoc",0.6515311,46,49
