"species_code","score","start_offset_sec","end_offset_sec"
"sonspa",0.99428993,1,4
"houspa",0.3080763,6,9
"norcar",0.87361515,15,18
"rewbla",0.93574095,16,19
"yelwar",0.9882599,20,23
"normoc",0.29695675,29,32
"amerob",0.9938746,37,40
"barswa",0.9979843,46,49
"comgra",0.9795026,48,51
"balori",0.33681077,56,59
