"species_code","score","start_offset_sec","end_offset_sec"
"btbwar",0.99677914,6,9
"hoowar",0.9845895,36,39
"ovenbi1",0.97174627,71,74
"herthr",0.48160475,73,76
"comyel",0.9962899,95,98
"veery",0.99999607,103,106
"eastow",0.58984333,113,116
"scatan",0.35643628,113,116
"reevir1",0.44673324,119,122
"woothr",0.84988314,150,153
"mouwar",0.986055,155,158
