"species_code","score","start_offset_sec","end_offset_sec"
"carchi",0.9766094,0,3
"rthhum",0.31189036,7,10
"whbnut",0.9998556,8,11
"scatan",0.99447954,13,16
"veery",0.78778213,32,35
"eastow",0.9924631,33,36
"norcar",0.44369256,33,36
"reevir1",0.75743586,51,54
"amegfi",0.9985438,56,59
"amerob",0.74993455,66,69
"whevir",0.65152967,79,82
"balori",0.5118599,86,89
"moudov",0.26788843,90,93
"bkcchi",0.46997592,92,95
"houfin",0.9965616,93,96
