"species_code","score","start_offset_sec","end_offset_sec"
"louwat",0.9896,80,83
"yerwar",0.3954724,111,114
"btnwar",0.9794225,166,169
"robgro",0.96914214,179,182
"amerob",0.9999916,240,243
"norcar",0.25378776,254,257
"veery",0.40725937,264,267
"reevir1",0.99066705,282,285
"scatan",0.4088781,286,289
"brwhaw",0.9990967,325,328
"bnhcow",0.35220897,327,330
