"species_code","score","start_offset_sec","end_offset_sec"
"magwar",0.9931572,20,23
"veery",0.9999028,23,26
"ovenbi1",0.99994653,44,47
"yelwar",0.42970195,52,55
"amered",0.26563388,52,55
"cerwar",0.30501935,57,60
"chswar",0.9789704,59,62
"btbwar",0.9976367,64,67
"btnwar",0.28429893,66,69
"whbnut",0.65135485,73,76
