"species_code","score","start_offset_sec","end_offset_sec"
"btnwar",0.89394283,3,6
"blujay",0.97414845,11,14
"norcar",0.34871444,20,23
"yerwar",0.755776,22,25
"gockin",0.42616323,34,37
"amegfi",0.99025613,39,42
"bawwar",0.90032375,41,44
"grycat",0.9984641,56,59
"comyel",0.9444966,58,61
"banswa",0.3598453,58,61
"nrwswa",0.29416844,59,62
"norpar",0.6442119,67,70
