"species_code","score","start_offset_sec","end_offset_sec"
"whtspa",0.99884677,2,5
"herthr",0.28333414,11,14
"naswar",0.983211,18,21
"bnhcow",0.4823391,22,25
"bkcchi",0.98238146,24,27
"reevir1",0.9981266,26,29
"winwre3",0.28383678,26,29
"yelwar",0.2807661,33,36
"purfin",0.99760014,34,37
"fiespa",0.47247085,51,54
"cedwax",0.79226136,53,56
"magwar",0.6073963,70,73
