"species_code","score","start_offset_sec","end_offset_sec"
"yebcuc",0.9986226,1,4
"brnthr",0.2614985,16,19
"easpho",0.41720146,17,20
"miskit",0.65450364,20,23
"eawpew",0.9982616,25,28
"balori",0.7241348,34,37
"amerob",0.36124918,36,39
"rebwoo",0.97911644,38,41
"bkcchi",0.804335,38,41
"veery",0.63866204,40,43
"easblu",0.6721098,45,48
"orcori",0.66713345,46,49
"norcar",0.94559383,49,52
"whevir",0.33541474,55,58
