"species_code","score","start_offset_sec","end_offset_sec"
"winwre3",0.9999682,7,10
"woothr",0.30022615,7,10
"blujay",0.72216374,14,17
"amerob",0.39105803,20,23
"daejun",0.6126305,21,24
"whtspa",0.5643913,21,24
"herthr",0.9843958,30,33
"swathr",0.38797483,31,34
"reevir1",0.9153833,36,39
