"species_code","score","start_offset_sec","end_offset_sec"
"blujay",0.8275121,0,3
"reevir1",0.86430633,7,10
"aldfly",0.9985109,8,11
"comyel",0.97468346,13,16
"bkcchi",0.95248,19,22
"grycat",0.91277164,21,24
"amegfi",0.8141175,30,33
"wilfly",0.6942998,33,36
"cedwax",0.60951054,34,37
"bawwar",0.6784741,37,40
