"species_code","score","start_offset_sec","end_offset_sec"
"sonspa",0.68639326,9,12
"eastow",0.9968685,20,23
"amerob",0.8487319,22,25
"cedwax",0.9889597,23,26
"pinwar",0.98450506,23,26
"reevir1",0.8298095,29,32
"houwre",0.40827122,31,34
"norfli",0.54137677,34,37
"easblu",0.42413837,47,50
"norcar",0.3501677,51,54
"comyel",0.3371973,68,71
"tuftit",0.7015102,72,75
"grycat",0.85222805,73,76
"herthr",0.3056441,79,82
"blujay",0.9980492,82,85
"rebnut",0.4721932,85,88
