"species_code","score","start_offset_sec","end_offset_sec"
"amegfi",0.8508393,6,9
"comyel",0.67514133,35,38
"barswa",0.9886689,48,51
"reevir1",0.99568,124,127
"grycat",0.99117905,129,132
"houwre",0.9948058,136,139
"amecro",0.63233936,156,159
"blujay",0.93447757,186,189
"houfin",0.41634426,210,213
"virrai",0.37543324,223,226
"coohaw",0.36189687,265,268
"houspa",0.41185516,270,273
"sonspa",0.9999201,283,286
