"species_code","score","start_offset_sec","end_offset_sec"
"eursta",0.8325321,1,4
"houspa",0.77157503,2,5
"norcar",0.95258915,15,18
"comnig",0.82508296,17,20
"mallar3",0.30800554,19,22
"sonspa",0.9970206,20,23
"swaspa",0.25007913,43,46
"rewbla",0.5758332,55,58
"easkin",0.9991847,60,63
"amerob",0.98602486,66,69
"amecro",0.2636494,73,76
"comgra",0.99014497,75,78
"grycat",0.9633011,82,85
