"species_code","score","start_offset_sec","end_offset_sec"
"moudov",0.28971952,2,5
"reevir1",0.8968332,4,7
"brwhaw",0.96474665,5,8
"woothr",0.89026946,6,9
"bkcchi",0.98968124,8,11
"eawpew",0.89753664,8,11
"ovenbi1",0.9996087,9,12
"gockin",0.2790077,10,13
"norcar",0.7004605,12,15
"pinwar",0.5231483,13,16
"whbnut",0.45406693,13,16
"daejun",0.97075266,17,20
"amerob",0.76945823,17,20
"magwar",0.61917496,20,23
