"species_code","score","start_offset_sec","end_offset_sec"
"comyel",0.9909284,1,4
"rewbla",0.64343315,79,82
"moudov",0.3069397,91,94
"veery",0.99999934,100,103
"reevir1",0.99501604,104,107
"easwpw1",0.40384477,105,108
"grycat",0.9991197,117,120
"woothr",0.4662559,120,123
"blujay",0.5189477,130,133
"winwre3",0.99991345,142,145
"brnthr",0.25668243,151,154
"ovenbi1",0.97809297,154,157
