"species_code","score","start_offset_sec","end_offset_sec"
"grycat",0.9999567,1,4
"yelwar",0.90543735,2,5
"rewbla",0.92515934,3,6
"norcar",0.97917134,6,9
"moudov",0.6015888,13,16
"indbun",0.9335855,14,17
"yebcuc",0.9557294,24,27
"balori",0.37601656,28,31
"reevir1",0.31848907,28,31
"brnthr",0.41930595,33,36
