"species_code","score","start_offset_sec","end_offset_sec"
"osprey",0.9993116,2,5
"moudov",0.27036187,3,6
"buggna",0.33951703,7,10
"amerob",0.42587882,15,18
"swaspa",0.6331494,30,33
"sonspa",0.9999425,38,41
"wilfly",0.9865554,45,48
"rewbla",0.46039385,72,75
"barswa",0.9072277,78,81
"comyel",0.9412528,82,85
"leafly",0.89442307,99,102
"blujay",0.71032023,99,102
"amegfi",0.9986916,112,115
"grycat",0.27232835,112,115
"amecro",0.7784845,125,128
