"species_code","score","start_offset_sec","end_offset_sec"
"sonspa",0.99939245,1,4
"comgra",0.60572696,6,9
"comgal1",0.5629148,30,33
"houspa",0.27530235,30,33
"rewbla",0.42983517,31,34
"purfin",0.64437914,69,72
"yelwar",0.34470588,78,81
"swaspa",0.98169065,94,97
"marwre",0.39728078,104,107
"amegfi",0.46044645,113,116
