"species_code","score","start_offset_sec","end_offset_sec"
"carwre",0.96017766,7,10
"grycat",0.99999094,8,11
"rewbla",0.25322455,13,16
"amerob",0.6206048,17,20
"houfin",0.7738851,18,21
"normoc",0.47018006,31,34
"norcar",0.5472599,41,44
"brnthr",0.3741842,41,44
"blujay",0.9912022,45,48
"sonspa",0.9952948,54,57
