"species_code","score","start_offset_sec","end_offset_sec"
"moudov",0.99900335,3,6
"reevir1",0.5585098,9,12
"amerob",0.88848186,16,19
"houfin",0.99883413,20,23
"blujay",0.98573846,24,27
"tuftit",0.7297924,24,27
"grycat",0.7355453,32,35
"carwre",0.9971812,36,39
"amegfi",0.95364404,38,41
