"species_code","score","start_offset_sec","end_offset_sec"
"amered",0.9657274,20,23
"tuftit",0.6608516,47,50
"amecro",0.5117675,71,74
"swaspa",0.6415855,77,80
"reevir1",0.9998323,97,100
"bkbwar",0.29632947,178,181
"eawpew",0.80908734,236,239
"norcar",0.29992875,269,272
