"species_code","score","start_offset_sec","end_offset_sec"
"veery",0.53716254,1,4
"amegfi",0.9977558,5,8
"purfin",0.2864987,5,8
"amered",0.99376506,8,11
"mouwar",0.9805922,11,14
"amerob",0.60361946,12,15
"amecro",0.699791,13,16
"norcar",0.4828962,19,22
"reevir1",0.903318,25,28
"yelwar",0.9776703,27,30
"rewbla",0.4309107,27,30
"woothr",0.99989265,29,32
