"species_code","score","start_offset_sec","end_offset_sec"
"rewbla",0.8307805,1,4
"comyel",0.48176137,2,5
"sonspa",0.83037925,24,27
"reevir1",0.32492328,24,27
"yelwar",0.26809257,24,27
"balori",0.39199862,30,33
"grycat",0.9999059,49,52
"robgro",0.6171609,76,79
"ovenbi1",0.90545446,77,80
