"species_code","score","start_offset_sec","end_offset_sec"
"amered",0.9862798,0,3
"amerob",0.32123414,10,13
"woothr",0.35223094,12,15
"comrav",0.9087707,13,16
"grycat",0.25098762,15,18
"yetvir",0.9999061,18,21
"cerwar",0.5328479,47,50
"yelwar",0.9945639,48,51
"veery",0.50408757,69,72
"eawpew",0.77025676,81,84
