"species_code","score","start_offset_sec","end_offset_sec"
"woothr",0.8628521,31,34
"btbwar",0.99465597,32,35
"blujay",0.99565756,35,38
"swathr",0.25316215,52,55
"ovenbi1",0.9898987,83,86
"brncre",0.26598787,85,88
"amerob",0.5026717,88,91
"bkcchi",0.8258572,122,125
"whbnut",0.9835534,124,127
"daejun",0.68580997,139,142
"btnwar",0.2520238,164,167
"reevir1",0.9955417,165,168
"winwre3",0.99911886,174,177
"grycat",0.5719029,209,212
"yebsap",0.2955471,210,213
