"species_code","score","start_offset_sec","end_offset_sec"
"sonspa",0.5390497,3,6
"btnwar",0.58525425,7,10
"blujay",0.9993959,32,35
"comgra",0.91684943,34,37
"winwre3",0.99904686,36,39
"magwar",0.9814053,42,45
"herthr",0.87514997,42,45
"woothr",0.9041773,52,55
"reevir1",0.9818212,72,75
"ovenbi1",0.40277782,77,80
"bawwar",0.25602567,78,81
"warvir",0.88899535,81,84
"veery",0.8909405,90,93
"daejun",0.5541972,90,93
"whbnut",0.3589618,120,123
"canwar",0.2676676,135,138
