"species_code","score","start_offset_sec","end_offset_sec"
"tuftit",0.89945596,0,3
"btbwar",0.8171941,22,25
"haiwoo",0.48949754,51,54
"amerob",0.4642346,126,129
"yebcuc",0.99437034,132,135
"reevir1",0.9924764,164,167
"scatan",0.9544329,176,179
"woothr",0.9925641,185,188
"herthr",0.4466742,218,221
"amered",0.96768546,231,234
"comyel",0.54998404,232,235
"blujay",0.44535008,258,261
"ovenbi1",0.99966174,262,265
"grcfly",0.4808967,269,272
"eawpew",0.98591286,276,279
"norfli",0.92712575,321,324
