"species_code","score","start_offset_sec","end_offset_sec"
"ovenbi1",0.9751063,0,3
"amered",0.9852125,14,17
"acafly",0.6487932,19,22
"reevir1",0.65917873,20,23
"pilwoo",0.9969896,23,26
"scatan",0.9879418,38,41
"woothr",0.99592805,41,44
"bawwar",0.56965375,52,55
"hoowar",0.9721599,77,80
"buggna",0.8656104,97,100
"cangoo",0.608222,102,105
"yelwar",0.33806705,112,115
