"species_code","score","start_offset_sec","end_offset_sec"
"rebwoo",0.29422456,6,9
"hoowar",0.9958783,9,12
"woothr",0.8099851,14,17
"scatan",0.98113996,23,26
"tuftit",0.4608422,23,26
"cerwar",0.9866627,28,31
"btnwar",0.34288153,35,38
"btbwar",0.43932858,37,40
"ovenbi1",0.9914945,48,51
"swaspa",0.9038123,53,56
"grcfly",0.7963017,58,61
"woewar1",0.99686956,96,99
"reevir1",0.94639146,127,130
"chispa",0.38994014,129,132
"norpar",0.51108587,139,142
