"species_code","score","start_offset_sec","end_offset_sec"
"canwar",0.9582432,12,15
"yetvir",0.3754086,17,20
"eawpew",0.49491447,18,21
"comyel",0.5675249,21,24
"magwar",0.99075353,23,26
"reevir1",0.9103596,26,29
"bkcchi",0.9962183,30,33
"scatan",0.35188842,34,37
"brncre",0.40509602,43,46
"gockin",0.9910387,51,54
"buhvir",0.9714711,65,68
"btnwar",0.3111769,66,69
"yelwar",0.25458887,70,73
"veery",0.30546114,75,78
