"species_code","score","start_offset_sec","end_offset_sec"
"btnwar",0.57953894,7,10
"grycat",0.47271255,45,48
"pinwar",0.99248725,57,60
"ovenbi1",0.9956591,69,72
"scatan",0.25561762,72,75
"bkcchi",0.90754724,78,81
"fiespa",0.9910732,79,82
"robgro",0.62379164,99,102
"amerob",0.4810167,101,104
"yebsap",0.75121075,110,113
"norcar",0.5255695,121,124
"daejun",0.9551309,183,186
