"species_code","score","start_offset_sec","end_offset_sec"
"rewbla",0.49824506,10,13
"grycat",0.5904227,11,14
"comgra",0.73775935,21,24
"bkcchi",0.3150039,22,25
"tuftit",0.9994003,34,37
"houspa",0.9197877,39,42
"rethaw",0.26838955,45,48
"amerob",0.9429559,51,54
"bnhcow",0.4021919,52,55
"grbher3",0.5371399,54,57
"blujay",0.9993583,55,58
"eursta",0.8105863,58,61
"btnwar",0.45495623,60,63
