"species_code","score","start_offset_sec","end_offset_sec"
"prowar",0.9944375,4,7
"amered",0.96653473,10,13
"norcar",0.7358624,10,13
"cerwar",0.9957844,11,14
"bawwar",0.72697264,17,20
"veery",0.45424092,21,24
"yelwar",0.3883669,21,24
"reevir1",0.8241933,22,25
"tuftit",0.3634361,24,27
"woothr",0.49155876,28,31
"eastow",0.39422008,29,32
"amerob",0.9381941,30,33
