"species_code","score","start_offset_sec","end_offset_sec"
"comyel",0.9964224,10,13
"comrav",0.9998975,13,16
"moudov",0.6416724,28,31
"reevir1",0.54980075,34,37
"rebwoo",0.9904859,56,59
"amegfi",0.3134827,75,78
"balori",0.99762076,103,106
"amerob",0.8513229,114,117
"bkcchi",0.2578377,115,118
"yelwar",0.9800308,128,131
"normoc",0.28835577,140,143
"blujay",0.9805575,147,150
