"species_code","score","start_offset_sec","end_offset_sec"
"amerob",0.7519252,2,5
"bcnher",0.3052996,2,5
"yebcha",0.9997673,3,6
"norpar",0.3819749,3,6
"buwwar",0.83272374,4,7
"moudov",0.99157286,10,13
"comyel",0.44562447,11,14
"rewbla",0.98476493,13,16
"sonspa",0.9499245,13,16
"norcar",0.69389886,18,21
"swaspa",0.25403044,18,21
"yelwar",0.9870984,26,29
"wilfly",0.44946152,29,32
