"species_code","score","start_offset_sec","end_offset_sec"
"reevir1",0.9816835,1,4
"eastow",0.46251717,10,13
"amered",0.94835365,12,15
"easblu",0.3315199,13,16
"yelwar",0.99946314,17,20
"sonspa",0.7639993,18,21
"indbun",0.98449975,20,23
"ovenbi1",0.9856209,24,27
"amecro",0.8232287,29,32
"amegfi",0.5174683,31,34
"bkcchi",0.9760918,52,55
