"species_code","score","start_offset_sec","end_offset_sec"
"woothr",0.349046,4,7
"rewbla",0.6331471,7,10
"norcar",0.7178745,8,11
"chswar",0.45133665,8,11
"yebcha",0.9999833,11,14
"amerob",0.442363,19,22
"eastow",0.7267273,22,25
"yelwar",0.9997883,25,28
"carwre",0.76370126,27,30
"comyel",0.97416425,29,32
"grycat",0.875321,29,32
"grbher3",0.64709336,36,39
