"species_code","score","start_offset_sec","end_offset_sec"
"sumtan",0.43590197,3,6
"comyel",0.99591285,9,12
"ovenbi1",0.40295297,9,12
"norcar",0.43745148,32,35
"chswar",0.8249507,33,36
"amecro",0.58270746,38,41
"yelwar",0.9998869,47,50
"grycat",0.3391898,48,51
"amerob",0.9537321,51,54
"balori",0.81826675,73,76
"mallar3",0.6755468,82,85
"rewbla",0.86081916,84,87
"orcori",0.7584674,89,92
"yebcha",0.99998724,91,94
"amegfi",0.31114572,96,99
