"species_code","score","start_offset_sec","end_offset_sec"
"amerob",0.26314926,10,13
"rewbla",0.66733646,13,16
"moudov",0.89203507,16,19
"yebcha",0.99999624,20,23
"comrav",0.40668663,25,28
"comyel",0.907226,27,30
"amegfi",0.33846337,30,33
"norcar",0.9882381,34,37
"eastow",0.31416544,35,38
"orcori",0.9811536,39,42
"sonspa",0.9919727,40,43
"indbun",0.9823537,49,52
"aldfly",0.9998012,54,57
"norfli",0.35718623,58,61
"yelwar",0.98315084,62,65
