"species_code","score","start_offset_sec","end_offset_sec"
"amerob",0.97498286,16,19
"ovenbi1",0.9563527,30,33
"woothr",0.9999303,46,49
"reevir1",0.3227185,75,78
"robgro",0.4849692,78,81
"norcar",0.97954667,151,154
"eawpew",0.9181108,155,158
"buwwar",0.35377228,165,168
"grcfly",0.9940132,166,169
"eastow",0.44941023,183,186
