"species_code","score","start_offset_sec","end_offset_sec"
"carwre",0.8413393,3,6
"woothr",0.9998423,11,14
"carchi",0.2836531,15,18
"grcfly",0.9245614,21,24
"rewbla",0.34165764,21,24
"norcar",0.5549038,22,25
"amerob",0.699067,36,39
"tuftit",0.37851086,37,40
"brnthr",0.28549704,37,40
"buggna",0.6249006,53,56
