"species_code","score","start_offset_sec","end_offset_sec"
"amerob",0.9812286,0,3
"veery",0.9300832,1,4
"balori",0.89197826,2,5
"rewbla",0.7999055,2,5
"robgro",0.41036823,3,6
"amegfi",0.8056503,6,9
"comyel",0.9912111,9,12
"reevir1",0.7087506,15,18
"bawwar",0.87707746,17,20
"aldfly",0.8152326,17,20
"yelwar",0.9588865,21,24
"houwre",0.98087966,22,25
