"species_code","score","start_offset_sec","end_offset_sec"
"veery",0.5689872,0,3
"whbnut",0.33834714,0,3
"norcar",0.65592176,3,6
"ovenbi1",0.93095905,4,7
"reevir1",0.9916384,5,8
"pilwoo",0.39785534,14,17
"herthr",0.3630054,16,19
"buhvir",0.44718844,24,27
"blujay",0.2503471,25,28
"eawpew",0.9682744,28,31
"woothr",0.5969386,28,31
"hoowar",0.98619646,31,34
