"species_code","score","start_offset_sec","end_offset_sec"
"amegfi",0.9792066,0,3
"buhvir",0.95597667,10,13
"bkpwar",0.32841343,14,17
"eastow",0.6789597,15,18
"houwre",0.2733727,27,30
"mouwar",0.99971855,35,38
"amered",0.9293801,44,47
"reevir1",0.75811267,44,47
"chswar",0.9707671,49,52
"yelwar",0.42442793,61,64
"yerwar",0.56318,64,67
"btnwar",0.6772902,70,73
"ovenbi1",0.27007207,77,80
