"species_code","score","start_offset_sec","end_offset_sec"
"eawpew",0.817879,1,4
"warvir",0.71751136,5,8
"indbun",0.99795914,16,19
"buggna",0.9930147,24,27
"whevir",0.99616903,31,34
"buwwar",0.9961051,33,36
"easpho",0.65406305,35,38
"amerob",0.33286822,39,42
"cedwax",0.9900908,44,47
"leafly",0.3123322,47,50
"norcar",0.92863756,51,54
"houspa",0.46238402,57,60
