"species_code","score","start_offset_sec","end_offset_sec"
"reevir1",0.29608986,2,5
"gowwar",0.68286264,5,8
"comyel",0.9963723,9,12
"yebcha",0.5727211,10,13
"carwre",0.5482168,13,16
"eastow",0.9361118,14,17
"yelwar",0.9435362,16,19
"rehwoo",0.2738585,16,19
"norpar",0.25532246,24,27
"chswar",0.61641735,25,28
"buwwar",0.98456633,26,29
"woewar1",0.8530574,27,30
