"species_code","score","start_offset_sec","end_offset_sec"
"indbun",0.85672003,6,9
"wilfly",0.9926358,7,10
"rewbla",0.99431205,10,13
"mallar3",0.9087707,10,13
"sonspa",0.998456,13,16
"chispa",0.31961808,15,18
"eursta",0.35205677,16,19
"yelwar",0.9727996,24,27
"comgra",0.26802194,25,28
"comgal1",0.4318013,29,32
"swaspa",0.9817855,33,36
"amecro",0.9790495,36,39
"cedwax",0.5614982,36,39
"comyel",0.9976209,41,44
"amegfi",0.40662,42,45
"amerob",0.34635872,43,46
"fiespa",0.839663,48,51
