"species_code","score","start_offset_sec","end_offset_sec"
"fiespa",0.9880398,0,3
"warvir",0.4395332,6,9
"blugrb1",0.99618876,8,11
"cedwax",0.9867521,10,13
"norcar",0.47510526,11,14
"reevir1",0.8540733,22,25
"indbun",0.99807674,26,29
"amerob",0.33568615,27,30
"rewbla",0.99883205,30,33
"rebwoo",0.4905073,31,34
"comyel",0.95052415,33,36
"carwre",0.938417,36,39
"moudov",0.62477946,38,41
