"species_code","score","start_offset_sec","end_offset_sec"
"swaspa",0.92380255,2,5
"comyel",0.9528835,3,6
"cedwax",0.51774013,4,7
"indbun",0.9356179,9,12
"carwre",0.99764884,12,15
"fiespa",0.54840523,15,18
"sonspa",0.985682,18,21
"houfin",0.4170428,22,25
"rewbla",0.9881774,24,27
"amegfi",0.9804256,26,29
"rebwoo",0.9950279,28,31
"reevir1",0.3918221,35,38
"amecro",0.28672978,39,42
"blugrb1",0.98087937,41,44
"amerob",0.96029806,46,49
