"species_code","score","start_offset_sec","end_offset_sec"
"sonspa",0.9819614,0,3
"comgra",0.81873673,1,4
"woothr",0.5964236,3,6
"amerob",0.9936967,5,8
"rewbla",0.97891635,6,9
"eursta",0.99827456,7,10
"norcar",0.5598665,8,11
"warvir",0.41700956,13,16
"moudov",0.26482037,13,16
"norfli",0.68243766,14,17
"grycat",0.5179114,15,18
"yelwar",0.9993813,21,24
"brnthr",0.2889053,24,27
"wilfly",0.90558165,25,28
"comyel",0.2547882,26,29
