"species_code","score","start_offset_sec","end_offset_sec"
"rebwoo",0.33016366,15,18
"brnthr",0.9998441,25,28
"reevir1",0.9945163,54,57
"bawwar",0.8229984,54,57
"yebcha",0.8136816,54,57
"woothr",0.3880773,57,60
"easwpw1",0.6949125,60,63
"brwhaw",0.85283387,61,64
"rewbla",0.6360887,62,65
"amecro",0.98703676,63,66
"grycat",0.93965524,64,67
"swaspa",0.6266899,64,67
"sonspa",0.30247593,64,67
"amegfi",0.6055132,65,68
"amerob",0.31855345,74,77
"norcar",0.5110409,81,84
"acafly",0.44149813,86,89
