"species_code","score","start_offset_sec","end_offset_sec"
"sonspa",0.5034069,0,3
"moudov",0.7824534,1,4
"grycat",0.9998597,3,6
"cedwax",0.94405526,3,6
"swathr",0.2892913,8,11
"purmar",0.998694,10,13
"warvir",0.84559494,11,14
"comyel",0.99990344,15,18
"norcar",0.34808105,15,18
"amerob",0.8031039,16,19
"chispa",0.33043802,17,20
"norpar",0.99713796,18,21
"yerwar",0.37367162,18,21
"normoc",0.5735259,22,25
