"species_code","score","start_offset_sec","end_offset_sec"
"btbwar",0.367965,1,4
"normoc",0.9727457,4,7
"killde",0.63648593,9,12
"bnhcow",0.35941035,13,16
"blujay",0.43204507,19,22
"amerob",0.9744605,25,28
"yelwar",0.8128935,25,28
"carwre",0.8338127,32,35
"wilfly",0.3471897,33,36
"norfli",0.25766402,37,40
"brnthr",0.9999345,46,49
"indbun",0.48902556,62,65
"daejun",0.26943588,63,66
"prawar",0.71044266,69,72
