"species_code","score","start_offset_sec","end_offset_sec"
"amerob",0.7150854,3,6
"sonspa",0.99415225,8,11
"bkcchi",0.9593244,11,14
"normoc",0.30410475,13,16
"orcori",0.6871775,17,20
"carwre",0.3231227,18,21
"norcar",0.93257535,22,25
"amecro",0.9830516,26,29
"houspa",0.2607579,36,39
"yerwar",0.30328995,79,82
"houfin",0.9996283,83,86
"balori",0.54354674,89,92
