"species_code","score","start_offset_sec","end_offset_sec"
"comrav",0.47229388,8,11
"indbun",0.9905589,9,12
"amerob",0.4551893,123,126
"sonspa",0.56722236,149,152
"amegfi",0.81039625,157,160
"reevir1",0.96276695,166,169
"rewbla",0.30373317,192,195
"comyel",0.6741748,332,335
"yebsap",0.99312836,525,528
