"species_code","score","start_offset_sec","end_offset_sec"
"norbob",0.9855578,0,3
"yetvir",0.89822334,10,13
"comyel",0.97820455,11,14
"whevir",0.99956715,20,23
"norcar",0.9982734,27,30
"amecro",0.30510864,34,37
"eastow",0.95728767,35,38
"indbun",0.82107353,40,43
"yebcha",0.5594166,40,43
"carwre",0.9035415,41,44
"tuftit",0.75805086,46,49
