"species_code","score","start_offset_sec","end_offset_sec"
"rewbla",0.7285507,5,8
"sonspa",0.97528887,10,13
"amerob",0.99078566,12,15
"acafly",0.47233963,13,16
"moudov",0.93638676,17,20
"wilfly",0.9955781,24,27
"buggna",0.44709864,25,28
"tuftit",0.35213104,25,28
"carwre",0.98612034,26,29
