"species_code","score","start_offset_sec","end_offset_sec"
"wilfly",0.99950397,1,4
"sonspa",0.98883384,7,10
"grnher",0.5761969,10,13
"easkin",0.56853575,10,13
"amegfi",0.36409196,15,18
"rewbla",0.99704874,18,21
"moudov",0.9885818,21,24
"killde",0.48030597,22,25
"eursta",0.8786735,23,26
"comyel",0.9359125,31,34
"normoc",0.28325838,33,36
"yelwar",0.9987015,37,40
