"species_code","score","start_offset_sec","end_offset_sec"
"louwat",0.9994223,0,3
"yelwar",0.9975316,44,47
"hoowar",0.29172367,64,67
"reevir1",0.984569,67,70
"scatan",0.25009593,72,75
"tuftit",0.47880235,83,86
"amegfi",0.85809976,84,87
"balori",0.8587113,89,92
"grcfly",0.3461231,90,93
"eawpew",0.48850548,101,104
