"species_code","score","start_offset_sec","end_offset_sec"
"tuftit",0.2540982,3,6
"rewbla",0.79742163,4,7
"woothr",0.999781,8,11
"comyel",0.9795744,8,11
"norcar",0.89446,9,12
"indbun",0.94814354,12,15
"sumtan",0.4645251,19,22
"easblu",0.26251262,23,26
"purmar",0.6946073,25,28
"carchi",0.38426107,25,28
"carwre",0.99502206,28,31
