"species_code","score","start_offset_sec","end_offset_sec"
"bawwar",0.96047074,1,4
"chispa",0.99391663,7,10
"brnthr",0.49569318,8,11
"grcfly",0.99979746,17,20
"brdowl",0.5641771,18,21
"norpar",0.9834418,20,23
"grycat",0.40037346,41,44
"buhvir",0.82096636,44,47
"yetvir",0.35746562,46,49
"chswar",0.44178447,53,56
"amered",0.9971383,65,68
"reevir1",0.90195566,69,72
"balori",0.48720503,74,77
"yelwar",0.38585943,77,80
"tuftit",0.44224283,83,86
