"species_code","score","start_offset_sec","end_offset_sec"
"comyel",0.41031402,3,6
"carwre",0.9727088,4,7
"wilfly",0.9995596,5,8
"sonspa",0.7665509,15,18
"indbun",0.98688644,17,20
"normoc",0.44428614,18,21
"rewbla",0.9934948,19,22
"fiespa",0.95382315,21,24
"easmea",0.29089174,26,29
"norcar",0.9942626,36,39
"orcori",0.34794992,38,41
"prawar",0.98770195,42,45
"norbob",0.99271035,46,49
