"species_code","score","start_offset_sec","end_offset_sec"
"prowar",0.9997112,0,3
"indbun",0.99863076,2,5
"easblu",0.30301118,7,10
"pinwar",0.43544513,10,13
"comyel",0.85329634,11,14
"reevir1",0.9573733,25,28
"yebcha",0.54966956,25,28
"buggna",0.9679263,29,32
"tuftit",0.9614577,32,35
"amegfi",0.91754735,34,37
"rewbla",0.9100212,34,37
"carwre",0.7942998,39,42
