"species_code","score","start_offset_sec","end_offset_sec"
"reevir1",0.81269985,6,9
"yetvir",0.6232708,13,16
"acafly",0.9980899,14,17
"cangoo",0.95461524,14,17
"veery",0.680038,26,29
"eawpew",0.283542,78,81
"ovenbi1",0.9890511,141,144
"winwre3",0.9998924,154,157
"eastow",0.26436648,172,175
"amegfi",0.9997247,181,184
"sonspa",0.4829595,183,186
