"species_code","score","start_offset_sec","end_offset_sec"
"yebcha",0.5837415,56,59
"woothr",0.99997956,163,166
"veery",0.7404233,181,184
"yetwar",0.4758948,231,234
"reevir1",0.98991287,247,250
"rewbla",0.403418,251,254
"woewar1",0.27389237,253,256
"herthr",0.2657286,258,261
"yetvir",0.80165297,261,264
"scatan",0.7879103,284,287
