"species_code","score","start_offset_sec","end_offset_sec"
"yelwar",0.8234389,3,6
"comgra",0.50820726,8,11
"clarai11",0.6534305,10,13
"eursta",0.99584997,13,16
"norcar",0.30079743,27,30
"eawpew",0.5210605,34,37
"carwre",0.98713106,35,38
"cedwax",0.8065761,35,38
"amerob",0.2820747,37,40
"sonspa",0.87148356,40,43
"osprey",0.9998168,52,55
"rewbla",0.97399133,53,56
