"species_code","score","start_offset_sec","end_offset_sec"
"scatan",0.41687188,0,3
"norpar",0.7232588,2,5
"prowar",0.56099087,8,11
"bnhcow",0.49344388,12,15
"tuftit",0.9981706,13,16
"ovenbi1",0.9022531,13,16
"carchi",0.99196655,16,19
"eawpew",0.67232054,18,21
"pinwar",0.31110486,22,25
"hoowar",0.99974716,30,33
"amered",0.56257373,31,34
