"species_code","score","start_offset_sec","end_offset_sec"
"rewbla",0.859587,0,3
"purfin",0.49360085,30,33
"eawpew",0.95626116,32,35
"amerob",0.989305,37,40
"balori",0.9792459,80,83
"sumtan",0.73467463,98,101
"rebwoo",0.96807194,103,106
"woothr",0.59163743,110,113
"scatan",0.99410385,152,155
"bkcchi",0.6589463,172,175
"blujay",0.9963832,197,200
