"species_code","score","start_offset_sec","end_offset_sec"
"norfli",0.8595508,7,10
"tuftit",0.76484007,16,19
"haiwoo",0.41589445,26,29
"rebwoo",0.9999843,30,33
"moudov",0.7656359,51,54
"woothr",0.99876225,90,93
"blujay",0.82898235,96,99
"balori",0.3721828,109,112
"osprey",0.48404673,123,126
"grycat",0.30131856,129,132
"amerob",0.9912399,145,148
"norcar",0.9530368,146,149
