"species_code","score","start_offset_sec","end_offset_sec"
"amerob",0.32841226,11,14
"sonspa",0.94456697,25,28
"rebwoo",0.990435,34,37
"houwre",0.4511945,40,43
"eastow",0.5306953,43,46
"rewbla",0.37282202,49,52
"orcori",0.996687,59,62
"warvir",0.9998338,62,65
"balori",0.977828,89,92
"easkin",0.27243975,96,99
"amegfi",0.59905744,111,114
"bkcchi",0.95378166,113,116
"grycat",0.27750787,117,120
"comrav",0.4839747,120,123
"easblu",0.27268228,123,126
