"species_code","score","start_offset_sec","end_offset_sec"
"yelwar",0.9872172,5,8
"sonspa",0.9947321,11,14
"rewbla",0.99912065,12,15
"treswa",0.43966794,19,22
"comyel",0.80815274,26,29
"swaspa",0.99527127,34,37
"marwre",0.99722755,35,38
"savspa",0.85737354,36,39
"houwre",0.93924683,39,42
"killde",0.8340433,44,47
"wilfly",0.7884292,48,51
"leafly",0.27342,48,51
"eursta",0.3453106,60,63
