"species_code","score","start_offset_sec","end_offset_sec"
"babwar",0.90341204,1,4
"chswar",0.80167544,29,32
"magwar",0.3288853,31,34
"amerob",0.56170535,37,40
"mouwar",0.9723941,41,44
"comyel",0.68680996,43,46
"kenwar",0.82919836,49,52
"ovenbi1",0.9951606,59,62
"easpho",0.2931574,60,63
"eawpew",0.97617114,63,66
"woothr",0.99716276,68,71
"blujay",0.9798991,72,75
"reevir1",0.90885717,75,78
"hoowar",0.2826601,84,87
"daejun",0.9834462,88,91
"bkbwar",0.99081326,91,94
