"species_code","score","start_offset_sec","end_offset_sec"
"reevir1",0.49788243,0,3
"buggna",0.41679403,0,3
"yebcuc",0.99864405,7,10
"amered",0.92477095,18,21
"woothr",0.99975765,21,24
"acafly",0.9406089,24,27
"yelwar",0.63090914,27,30
"bawwar",0.31580687,27,30
"moudov",0.8953634,33,36
"amerob",0.8061019,35,38
