"species_code","score","start_offset_sec","end_offset_sec"
"amered",0.77292776,8,11
"amerob",0.27110872,11,14
"eawpew",0.59983057,13,16
"bkcchi",0.99000394,14,17
"cedwax",0.9214124,18,21
"norcar",0.47497457,20,23
"reevir1",0.9816296,21,24
"balori",0.40212643,22,25
"gowwar",0.9884861,25,28
