"species_code","score","start_offset_sec","end_offset_sec"
"eawpew",0.56725925,0,3
"carwre",0.6297094,10,13
"grcfly",0.42407608,15,18
"amegfi",0.93773615,17,20
"amerob",0.32272586,21,24
"herthr",0.51597446,28,31
"ovenbi1",0.34743872,28,31
"whbnut",0.9955417,31,34
"scatan",0.99680144,34,37
"woothr",0.9965175,40,43
"bnhcow",0.4622746,41,44
"pinwar",0.9886394,48,51
"brnthr",0.4222165,49,52
"tuftit",0.98095167,51,54
