"species_code","score","start_offset_sec","end_offset_sec"
"yelwar",0.77552885,13,16
"amered",0.40692678,16,19
"cerwar",0.9915406,39,42
"osprey",0.44788274,45,48
"carwre",0.8344194,70,73
"scatan",0.9936573,75,78
"norcar",0.6589945,80,83
"woewar1",0.9948909,87,90
"reevir1",0.3522215,88,91
"chispa",0.25173205,90,93
