"species_code","score","start_offset_sec","end_offset_sec"
"bnhcow",0.33760038,9,12
"eawpew",0.8010667,10,13
"amerob",0.63245994,15,18
"whevir",0.76644105,16,19
"brncre",0.3466721,17,20
"norcar",0.99417007,21,24
"carwre",0.9916153,33,36
"carchi",0.3888384,33,36
"hoowar",0.98715967,36,39
"houwre",0.9896475,63,66
"tuftit",0.47189692,72,75
"magwar",0.4320504,86,89
