"species_code","score","start_offset_sec","end_offset_sec"
"carwre",0.98668,3,6
"buggna",0.37490228,3,6
"acafly",0.697131,4,7
"amegfi",0.9183618,6,9
"louwat",0.47715288,6,9
"norcar",0.9853559,7,10
"whevir",0.78105813,9,12
"amecro",0.99897635,11,14
"eawpew",0.598026,15,18
"grcfly",0.27248192,15,18
"prawar",0.3592547,16,19
"indbun",0.96583366,18,21
"veery",0.4155341,22,25
"tuftit",0.9932445,24,27
"reevir1",0.98527956,37,40
"yebcha",0.5340024,43,46
