"species_code","score","start_offset_sec","end_offset_sec"
"comyel",0.8908109,29,32
"yelwar",0.2545273,59,62
"indbun",0.44147137,62,65
"fiespa",0.5597017,64,67
"woothr",0.3871044,66,69
"moudov",0.9893863,155,158
"norcar",0.7212205,200,203
"easpho",0.9416543,203,206
"amerob",0.2821707,203,206
"easwpw1",0.9994627,204,207
"treswa",0.6581329,290,293
