"species_code","score","start_offset_sec","end_offset_sec"
"rethaw",0.61158484,56,59
"carchi",0.4466839,61,64
"brdowl",0.9960547,73,76
"tuftit",0.56619483,78,81
"blujay",0.61314625,79,82
"reevir1",0.47136137,87,90
"norcar",0.9979016,89,92
"eursta",0.7209828,94,97
"carwre",0.40894997,104,107
"brwhaw",0.50790906,107,110
"bnhcow",0.43089697,107,110
"amerob",0.30521938,110,113
"eawpew",0.99878633,112,115
"buggna",0.9865986,117,120
"grcfly",0.99273586,121,124
"houfin",0.4337044,139,142
