"species_code","score","start_offset_sec","end_offset_sec"
"balori",0.34807184,3,6
"amegfi",0.9951742,6,9
"bnhcow",0.86940706,13,16
"purmar",0.7468564,34,37
"amerob",0.9984586,37,40
"rewbla",0.99394584,37,40
"ovenbi1",0.296619,46,49
"grycat",0.3367349,49,52
"carchi",0.2559537,90,93
"cedwax",0.75331354,92,95
"tuftit",0.9398236,94,97
"normoc",0.42126918,95,98
