"species_code","score","start_offset_sec","end_offset_sec"
"yetvir",0.9566573,0,3
"comyel",0.9830676,1,4
"balori",0.6574517,6,9
"buggna",0.908624,17,20
"amered",0.3120339,17,20
"reevir1",0.93511844,19,22
"rewbla",0.97188556,22,25
"swaspa",0.9618463,22,25
"carwre",0.34419066,23,26
"indbun",0.28977168,27,30
"commer",0.45031357,28,31
"amerob",0.9940535,30,33
"robgro",0.26570868,34,37
