"species_code","score","start_offset_sec","end_offset_sec"
"indbun",0.25192755,4,7
"winwre3",0.9999113,20,23
"canwar",0.9950143,27,30
"bkcchi",0.56098807,27,30
"daejun",0.40694636,38,41
"gockin",0.5777105,48,51
"magwar",0.9946491,76,79
"whtspa",0.3387333,90,93
"bkbwar",0.9966126,125,128
"prowar",0.35521466,134,137
"btbwar",0.989152,135,138
"reevir1",0.27262864,136,139
"naswar",0.99275595,147,150
