"species_code","score","start_offset_sec","end_offset_sec"
"norcar",0.99975866,7,10
"whevir",0.9979156,7,10
"sumtan",0.9999345,15,18
"tuftit",0.40518418,28,31
"moudov",0.98466724,29,32
"grcfly",0.8528633,54,57
"comyel",0.9938868,65,68
"amegfi",0.6846108,69,72
"bnhcow",0.55594176,76,79
"carchi",0.31301916,82,85
"easblu",0.32889748,83,86
"carwre",0.25213206,86,89
"amecro",0.48656577,95,98
"indbun",0.72006476,98,101
