"species_code","score","start_offset_sec","end_offset_sec"
"wilfly",0.9999904,0,3
"sonspa",0.982817,3,6
"yerwar",0.26809525,17,20
"amerob",0.9232361,18,21
"balori",0.7977441,28,31
"yelwar",0.9990074,31,34
"rewbla",0.9977407,33,36
"norcar",0.47062373,39,42
"purmar",0.99008244,60,63
"woothr",0.3418069,87,90
"cedwax",0.69081485,94,97
"eursta",0.40930367,97,100
"comyel",0.9396536,98,101
"carwre",0.43157318,99,102
"amegfi",0.6190811,111,114
