"species_code","score","start_offset_sec","end_offset_sec"
"sumtan",0.99917465,7,10
"tuftit",0.30175528,7,10
"norcar",0.4460677,16,19
"buggna",0.2981007,29,32
"grcfly",0.88115454,30,33
"yebcha",0.7079691,34,37
"comyel",0.8785617,50,53
"grycat",0.26550502,53,56
"reevir1",0.98046684,68,71
"indbun",0.9827281,73,76
