"species_code","score","start_offset_sec","end_offset_sec"
"amecro",0.9933015,6,9
"wilfly",0.9819414,7,10
"normoc",0.3076023,8,11
"norcar",0.98541415,14,17
"easmea",0.98475355,16,19
"woothr",0.27879682,35,38
"amerob",0.8847163,37,40
"houfin",0.9442146,39,42
"brnthr",0.335836,44,47
"rewbla",0.9997766,46,49
"reevir1",0.80328065,51,54
