"species_code","score","start_offset_sec","end_offset_sec"
"sonspa",0.99996793,1,4
"moudov",0.8246991,1,4
"norfli",0.46259928,8,11
"amerob",0.9560174,13,16
"balori",0.92899925,14,17
"normoc",0.9415578,16,19
"yelwar",0.9754681,22,25
"rewbla",0.9748267,22,25
"grycat",0.28659278,22,25
"fiespa",0.4175405,24,27
