"species_code","score","start_offset_sec","end_offset_sec"
"cedwax",0.26973963,1,4
"amered",0.97867405,2,5
"grycat",0.61948067,3,6
"reevir1",0.995529,9,12
"norcar",0.51511806,9,12
"rebwoo",0.98852444,18,21
"bkcchi",0.39844096,21,24
"houfin",0.26024,22,25
"fiscro",0.83202153,26,29
"houspa",0.4418064,26,29
"warvir",0.26405284,27,30
"amegfi",0.99832845,31,34
"indbun",0.65225834,33,36
"prowar",0.82519156,34,37
"amecro",0.70884025,34,37
"carchi",0.43285525,37,40
"sonspa",0.91709393,44,47
