"species_code","score","start_offset_sec","end_offset_sec"
"amered",0.86756575,4,7
"reevir1",0.99981344,7,10
"norpar",0.99656063,16,19
"acafly",0.99649686,19,22
"carwre",0.99360174,20,23
"chispa",0.41560423,24,27
"bnhcow",0.7427949,27,30
"kenwar",0.3140446,29,32
"tuftit",0.6603334,40,43
"bawwar",0.9946767,41,44
"normoc",0.44290158,51,54
"carchi",0.9995155,57,60
"rewbla",0.3027473,61,64
"norcar",0.8918583,73,76
"buggna",0.96225303,79,82
"woewar1",0.99394286,87,90
