"species_code","score","start_offset_sec","end_offset_sec"
"grbher3",0.25005838,4,7
"ovenbi1",0.9798508,82,85
"norcar",0.3220818,93,96
"rebwoo",0.9801666,97,100
"eawpew",0.9370735,101,104
"whbnut",0.999683,119,122
"reevir1",0.99355,136,139
"amecro",0.9693402,170,173
