"species_code","score","start_offset_sec","end_offset_sec"
"prowar",0.54863685,1,4
"comgra",0.94728005,10,13
"scatan",0.5591545,13,16
"grycat",0.93990177,14,17
"tuftit",0.56852686,14,17
"norwat",0.99993736,18,21
"veery",0.9964194,22,25
"buhvir",0.26799446,25,28
"eastow",0.3473743,26,29
"rebwoo",0.33947194,26,29
"comyel",0.9971362,38,41
"amegfi",0.6121399,49,52
"bkcchi",0.9994891,50,53
"rewbla",0.5259072,53,56
