"species_code","score","start_offset_sec","end_offset_sec"
"grcfly",0.998523,12,15
"norwat",0.9858779,14,17
"eursta",0.45078316,23,26
"blujay",0.4361124,30,33
"eawpew",0.5345412,40,43
"pilwoo",0.7560964,46,49
"rewbla",0.54322493,47,50
"norcar",0.9656959,87,90
"comgra",0.5178008,88,91
"amerob",0.59257203,97,100
"reevir1",0.27708304,101,104
"eastow",0.25712165,103,106
"veery",0.9995963,105,108
"herthr",0.28392217,124,127
"woothr",0.9632181,129,132
