"species_code","score","start_offset_sec","end_offset_sec"
"eawpew",0.9898035,0,3
"woothr",0.524513,0,3
"grbher3",0.3764317,4,7
"rewbla",0.7126568,14,17
"cedwax",0.45718548,39,42
"warvir",0.43594152,43,46
"sonspa",0.8054008,47,50
"haiwoo",0.99994355,49,52
"yelwar",0.9592874,49,52
"winwre3",0.9943797,53,56
"amered",0.9946378,57,60
"cerwar",0.93069315,57,60
"amerob",0.99945843,59,62
"comyel",0.9791075,64,67
