"species_code","score","start_offset_sec","end_offset_sec"
"ovenbi1",0.5503158,1,4
"moudov",0.9289044,3,6
"eastow",0.7341534,3,6
"leafly",0.53046596,6,9
"comyel",0.8923083,8,11
"robgro",0.9511063,12,15
"sonspa",0.36632568,13,16
"yelwar",0.7264489,14,17
"easmea",0.99128985,15,18
"amerob",0.68595046,16,19
"reevir1",0.5304748,17,20
"rewbla",0.99832904,18,21
"boboli",0.9998189,22,25
"barswa",0.46205676,23,26
"savspa",0.8059684,26,29
"amecro",0.6028287,29,32
"houspa",0.25590628,30,33
