"species_code","score","start_offset_sec","end_offset_sec"
"grcfly",0.99521494,2,5
"amegfi",0.9083402,20,23
"norcar",0.52244157,40,43
"cedwax",0.35794836,41,44
"amerob",0.62903255,71,74
"scatan",0.79277205,83,86
"normoc",0.38763365,104,107
"rebwoo",0.99782616,111,114
"woothr",0.60927176,134,137
"reevir1",0.9424561,136,139
"robgro",0.9977102,146,149
"gockin",0.4285247,151,154
"carwre",0.8875193,153,156
"swathr",0.3007929,158,161
