"species_code","score","start_offset_sec","end_offset_sec"
"tenwar",0.44165903,4,7
"sonspa",0.25223243,5,8
"savspa",0.5461749,8,11
"amerob",0.98248047,17,20
"daejun",0.6718246,17,20
"robgro",0.9548143,31,34
"bkpwar",0.40732443,31,34
"rewbla",0.79357374,33,36
"comyel",0.623371,33,36
"ovenbi1",0.9965815,36,39
"btbwar",0.45221356,40,43
