"species_code","score","start_offset_sec","end_offset_sec"
"yelwar",0.46070066,1,4
"bkbwar",0.6960448,4,7
"cerwar",0.51441634,5,8
"houspa",0.69538635,11,14
"daejun",0.31272483,14,17
"buwwar",0.39466074,15,18
"indbun",0.27170596,26,29
"grycat",0.9975976,27,30
"eastow",0.527882,28,31
"bkcchi",0.6221613,29,32
"buhvir",0.25453946,29,32
