"species_code","score","start_offset_sec","end_offset_sec"
"ovenbi1",0.27382386,5,8
"scatan",0.9955171,6,9
"veery",0.9787233,18,21
"buhvir",0.31285417,21,24
"cedwax",0.6432531,33,36
"reevir1",0.98837537,43,46
"amerob",0.5076837,47,50
"woothr",0.8677411,51,54
"grcfly",0.8555571,57,60
"eawpew",0.9981991,61,64
"carwre",0.45145682,75,78
"herthr",0.35854363,77,80
"tuftit",0.7540179,85,88
"bawwar",0.48295242,105,108
