"species_code","score","start_offset_sec","end_offset_sec"
"amegfi",0.98026943,0,3
"grcfly",0.33312374,1,4
"woothr",0.7083228,4,7
"reevir1",0.9570763,5,8
"scatan",0.9001763,8,11
"cerwar",0.47163674,9,12
"yetvir",0.2549906,10,13
"moudov",0.85349303,12,15
"blujay",0.52536494,12,15
"btbwar",0.99567485,20,23
"hoowar",0.9650174,23,26
