"species_code","score","start_offset_sec","end_offset_sec"
"brnthr",0.35941508,0,3
"sonspa",0.6771645,1,4
"woewar1",0.6551337,3,6
"amerob",0.90095556,4,7
"moudov",0.6584552,5,8
"houwre",0.84679365,6,9
"rebwoo",0.8701417,7,10
"rewbla",0.728476,7,10
"blujay",0.7535522,10,13
"chispa",0.90047336,11,14
"normoc",0.99977344,14,17
"houfin",0.33504343,14,17
