"species_code","score","start_offset_sec","end_offset_sec"
"reevir1",0.9754871,2,5
"bkcchi",0.53675294,12,15
"comyel",0.98576206,20,23
"woothr",0.9629894,39,42
"veery",0.9902373,42,45
"eawpew",0.6383007,63,66
"rewbla",0.31979337,81,84
"norcar",0.64572555,82,85
"sonspa",0.37974104,86,89
