"species_code","score","start_offset_sec","end_offset_sec"
"easwpw1",0.99997604,552,555
"reevir1",0.27386203,992,995
"scatan",0.31070846,993,996
"grcfly",0.99938595,996,999
"chispa",0.98972464,1084,1087
"houwre",0.27215478,1084,1087
"amerob",0.28500262,1085,1088
