"species_code","score","start_offset_sec","end_offset_sec"
"daejun",0.6623039,0,3
"norcar",0.44229248,0,3
"bkcchi",0.90139765,1,4
"comyel",0.29252222,52,55
"naswar",0.42547956,56,59
"blujay",0.9984817,67,70
"easpho",0.36066067,67,70
"canwar",0.9991373,84,87
"yebfly",0.99760723,90,93
"yetvir",0.31903422,100,103
"ovenbi1",0.42951292,110,113
"eawpew",0.38981918,122,125
"herthr",0.8469692,145,148
"eastow",0.684056,151,154
"woothr",0.26869854,159,162
