"species_code","score","start_offset_sec","end_offset_sec"
"sonspa",0.49408194,4,7
"indbun",0.4455893,4,7
"winwre3",0.26094174,7,10
"blujay",0.8953013,24,27
"woothr",0.72547936,30,33
"bkcchi",0.49512276,33,36
"herthr",0.99722177,40,43
"btnwar",0.31634796,41,44
"cedwax",0.7850371,57,60
"reevir1",0.9975456,75,78
"norcar",0.9038468,76,79
"buggna",0.729147,78,81
