"species_code","score","start_offset_sec","end_offset_sec"
"amecro",0.4589524,0,3
"houwre",0.41352493,6,9
"woothr",0.98634773,9,12
"sonspa",0.28089252,14,17
"tuftit",0.75583726,16,19
"prawar",0.9968857,19,22
"indbun",0.8280878,22,25
"chswar",0.5339951,23,26
"reevir1",0.9812343,24,27
"rewbla",0.51147276,27,30
"yelwar",0.37189856,27,30
"scatan",0.97345275,35,38
