"species_code","score","start_offset_sec","end_offset_sec"
"yetvir",0.3794938,13,16
"amered",0.9833424,19,22
"amerob",0.26121238,19,22
"cerwar",0.36434168,21,24
"amecro",0.9893364,23,26
"carwre",0.51328254,23,26
"eastow",0.9511558,28,31
"reevir1",0.99112624,34,37
"grycat",0.49680522,35,38
