"species_code","score","start_offset_sec","end_offset_sec"
"sonspa",0.885352,6,9
"amecro",0.61376226,7,10
"reevir1",0.93945134,16,19
"hoomer",0.31825095,16,19
"amerob",0.7457818,17,20
"houwre",0.48135078,18,21
"rebwoo",0.5593308,23,26
"robgro",0.9452642,25,28
"grycat",0.9638308,31,34
"comrav",0.999944,32,35
