"species_code","score","start_offset_sec","end_offset_sec"
"winwre3",0.99944293,36,39
"pinwar",0.26693165,56,59
"naswar",0.9899212,115,118
"gockin",0.9838555,126,129
"yerwar",0.9725942,126,129
"herthr",0.32935995,128,131
"bkpwar",0.999768,147,150
