"species_code","score","start_offset_sec","end_offset_sec"
"tuftit",0.61142576,0,3
"indbun",0.9980577,2,5
"comyel",0.9908141,5,8
"fiespa",0.43922582,5,8
"acafly",0.38988608,7,10
"whevir",0.9844782,8,11
"prawar",0.60699224,9,12
"norcar",0.64638424,11,14
"eastow",0.95194185,15,18
"daejun",0.49619734,16,19
"amecro",0.31082273,16,19
