"species_code","score","start_offset_sec","end_offset_sec"
"yelwar",0.9691766,0,3
"houwre",0.9967185,3,6
"norcar",0.35066277,5,8
"barswa",0.9988823,8,11
"indbun",0.26756576,9,12
"grycat",0.26269543,12,15
"balori",0.34326708,16,19
"comyel",0.37941897,17,20
"amegfi",0.5982748,21,24
"veery",0.97251993,22,25
"amerob",0.653237,22,25
"buwwar",0.25304502,22,25
"graspa",0.58747995,23,26
