"species_code","score","start_offset_sec","end_offset_sec"
"reevir1",0.88387346,6,9
"sonspa",0.28608373,8,11
"btnwar",0.82725537,15,18
"eawpew",0.9936083,16,19
"norwat",0.9727533,23,26
"ovenbi1",0.9938951,24,27
"bkbwar",0.9931859,25,28
"buhvir",0.74318856,28,31
"herthr",0.70434654,28,31
"amered",0.3138122,28,31
"pinwar",0.991445,32,35
"amecro",0.5801094,35,38
"amerob",0.97505695,36,39
