"species_code","score","start_offset_sec","end_offset_sec"
"pinwar",0.31676868,2,5
"ovenbi1",0.99879164,4,7
"yerwar",0.89465487,11,14
"amecro",0.8224129,12,15
"amerob",0.42666286,18,21
"btbwar",0.39907262,18,21
"daejun",0.85421306,24,27
"bawwar",0.30703053,26,29
"chswar",0.5165124,45,48
"woewar1",0.32002243,49,52
"rewbla",0.4747861,63,66
"rebnut",0.84570324,65,68
"blujay",0.6778502,75,78
"scatan",0.99392384,81,84
