"species_code","score","start_offset_sec","end_offset_sec"
"amecro",0.86565363,0,3
"bawwar",0.8564534,0,3
"canwar",0.9663812,1,4
"reevir1",0.61709386,3,6
"leafly",0.9230564,4,7
"yelwar",0.41420656,4,7
"norcar",0.6186888,5,8
"grycat",0.91080177,6,9
"eastow",0.26361102,6,9
"bkcchi",0.74938625,7,10
"aldfly",0.8961648,9,12
"comyel",0.7258369,9,12
"amerob",0.5517881,9,12
"veery",0.726927,11,14
