"species_code","score","start_offset_sec","end_offset_sec"
"grcfly",0.99901795,0,3
"cedwax",0.46717626,5,8
"chispa",0.44839185,10,13
"norcar",0.9960742,17,20
"yelwar",0.2659406,18,21
"houspa",0.9904336,25,28
"reevir1",0.3154149,29,32
"bnhcow",0.9970705,46,49
"grycat",0.77854145,47,50
"rewbla",0.811792,51,54
"amerob",0.9908732,55,58
"eawpew",0.9824983,68,71
