"species_code","score","start_offset_sec","end_offset_sec"
"carwre",0.99647325,23,26
"sonspa",0.99129564,28,31
"comgra",0.5967822,50,53
"amerob",0.9961708,106,109
"woothr",0.3797739,112,115
"dowwoo",0.8313177,170,173
"reevir1",0.71512467,170,173
"grycat",0.5169282,201,204
"yelwar",0.9858349,211,214
"tuftit",0.45722038,224,227
"amegfi",0.31943753,225,228
