"species_code","score","start_offset_sec","end_offset_sec"
"buggna",0.7715788,14,17
"reevir1",0.99424475,28,31
"eawpew",0.9876116,31,34
"acafly",0.3538136,39,42
"yetvir",0.29015377,41,44
"carchi",0.66869354,46,49
"norcar",0.73345727,50,53
"carwre",0.98557484,63,66
"haiwoo",0.97165453,68,71
