"species_code","score","start_offset_sec","end_offset_sec"
"carchi",0.7027905,8,11
"woothr",0.30448067,8,11
"reevir1",0.5254166,10,13
"yebcha",0.3283202,10,13
"carwre",0.99071664,16,19
"norcar",0.78447044,29,32
"amerob",0.7284689,40,43
"acafly",0.99837315,42,45
"buggna",0.29699543,43,46
"eawpew",0.9417439,46,49
