"species_code","score","start_offset_sec","end_offset_sec"
"naswar",0.43902007,5,8
"chswar",0.9979153,8,11
"rehwoo",0.92897063,10,13
"yebsap",0.2577448,10,13
"eastow",0.9995516,18,21
"norcar",0.45113057,22,25
"blujay",0.9972427,25,28
"yelwar",0.84738684,28,31
"woothr",0.83997416,41,44
"comyel",0.2529571,46,49
"bkcchi",0.6667915,53,56
"magwar",0.34333894,69,72
"herthr",0.3122048,86,89
