"species_code","score","start_offset_sec","end_offset_sec"
"acafly",0.9938757,3,6
"scatan",0.42571703,4,7
"amerob",0.27735916,11,14
"amegfi",0.7102278,15,18
"swawar",0.3970939,17,20
"reevir1",0.9741344,18,21
"buggna",0.98313206,19,22
"yebcuc",0.9897727,22,25
"rewbla",0.26532844,25,28
"yetwar",0.3448482,30,33
"ovenbi1",0.99764127,33,36
"carwre",0.99897283,47,50
