"species_code","score","start_offset_sec","end_offset_sec"
"comyel",0.56563264,0,3
"whevir",0.9961184,11,14
"cedwax",0.40204954,14,17
"yelwar",0.31372377,14,17
"indbun",0.9452166,16,19
"yebcha",0.99999535,18,21
"blujay",0.6926712,62,65
"norcar",0.9951335,94,97
"tuftit",0.5055689,109,112
"orcori",0.29023725,111,114
"prawar",0.9850293,126,129
"carwre",0.9808597,127,130
"rewbla",0.2547978,129,132
"houwre",0.63218606,134,137
"amegfi",0.85733134,150,153
