"species_code","score","start_offset_sec","end_offset_sec"
"reevir1",0.9372701,4,7
"herthr",0.8936578,4,7
"amered",0.4946756,5,8
"brncre",0.49247155,9,12
"tuftit",0.50324756,22,25
"woewar1",0.4361759,22,25
"whbnut",0.98975664,30,33
"ovenbi1",0.9905902,33,36
"woothr",0.8263817,35,38
"chispa",0.88874453,48,51
"amerob",0.7899675,48,51
"bkcchi",0.44820374,50,53
"buggna",0.9846967,55,58
"btnwar",0.2798013,57,60
