"species_code","score","start_offset_sec","end_offset_sec"
"norcar",0.96944803,4,7
"indbun",0.99353576,8,11
"buggna",0.9965176,10,13
"moudov",0.4565761,18,21
"tuftit",0.26415303,21,24
"btnwar",0.2944297,22,25
"rewbla",0.6079561,27,30
"carwre",0.9959859,32,35
"haiwoo",0.9999482,41,44
"carchi",0.45394424,43,46
"prawar",0.87108827,44,47
"whevir",0.9759624,48,51
