"species_code","score","start_offset_sec","end_offset_sec"
"hoowar",0.42265704,2,5
"cangoo",0.8046126,3,6
"norfli",0.98519975,4,7
"gockin",0.53896534,4,7
"bkcchi",0.9704272,5,8
"ovenbi1",0.9990397,9,12
"comrav",0.8548636,9,12
"chswar",0.9995188,20,23
"yebsap",0.85211134,31,34
"amered",0.28757882,36,39
"bkbwar",0.37188962,54,57
"reevir1",0.9881759,57,60
