"species_code","score","start_offset_sec","end_offset_sec"
"louwat",0.43888947,21,24
"acafly",0.63737375,34,37
"easpho",0.4276229,65,68
"scatan",0.9733976,81,84
"eastow",0.3045564,110,113
"cerwar",0.5206175,125,128
"woothr",0.9932985,135,138
"carwre",0.91947824,142,145
"ovenbi1",0.999025,154,157
"reevir1",0.9703011,173,176
"pinwar",0.61191624,208,211
"buggna",0.99998647,213,216
