"species_code","score","start_offset_sec","end_offset_sec"
"tuftit",0.9899328,0,3
"brncre",0.7841333,4,7
"ovenbi1",0.28144088,5,8
"reevir1",0.2905247,12,15
"grcfly",0.26851827,13,16
"bawwar",0.9831722,15,18
"eastow",0.426659,16,19
"norcar",0.82465875,17,20
"herthr",0.9884787,22,25
"btnwar",0.95604575,22,25
"eawpew",0.9507701,25,28
"hoowar",0.99762356,29,32
"comyel",0.35562727,31,34
"veery",0.9564824,35,38
