"species_code","score","start_offset_sec","end_offset_sec"
"amered",0.59731066,0,3
"robgro",0.67187977,3,6
"amerob",0.99015474,14,17
"norpar",0.38419124,23,26
"yelwar",0.9547231,26,29
"norcar",0.33503085,32,35
"amegfi",0.9826252,37,40
"moudov",0.89145917,39,42
"rewbla",0.28837797,40,43
"cedwax",0.91783124,44,47
