"species_code","score","start_offset_sec","end_offset_sec"
"reevir1",0.35162345,0,3
"cedwax",0.9949478,8,11
"comyel",0.95762026,9,12
"carwre",0.995949,17,20
"norcar",0.9747518,17,20
"fiespa",0.95302284,30,33
"indbun",0.63778317,30,33
"tuftit",0.2775322,38,41
"buggna",0.9982525,42,45
"eastow",0.99936837,50,53
"buwwar",0.40075842,51,54
"gowwar",0.82610714,53,56
"grycat",0.79970694,56,59
"robgro",0.47359768,60,63
"amerob",0.4856472,113,116
"cerwar",0.26416728,113,116
