"species_code","score","start_offset_sec","end_offset_sec"
"comyel",0.9976162,0,3
"moudov",0.89379776,4,7
"norcar",0.6242548,9,12
"orcori",0.40217364,10,13
"blujay",0.5100035,15,18
"sonspa",0.95442,18,21
"whevir",0.659154,20,23
"norfli",0.5139497,23,26
"grycat",0.99983984,27,30
"herthr",0.4563466,29,32
"amerob",0.9612359,40,43
"warvir",0.9484745,43,46
"carwre",0.25618908,44,47
"fiespa",0.9960045,47,50
"rewbla",0.8885834,54,57
