"species_code","score","start_offset_sec","end_offset_sec"
"daejun",0.25623512,2,5
"bkcchi",0.85659695,3,6
"fiespa",0.7359849,5,8
"chispa",0.9999253,13,16
"pinwar",0.99502796,13,16
"comyel",0.8752967,19,22
"blujay",0.34422454,25,28
"moudov",0.98935163,29,32
"amerob",0.99200964,32,35
"swaspa",0.38855538,37,40
"gockin",0.99665016,41,44
"norcar",0.4948431,41,44
"easblu",0.9886291,47,50
"sonspa",0.856737,47,50
