"species_code","score","start_offset_sec","end_offset_sec"
"eawpew",0.9226181,9,12
"veery",0.40520737,14,17
"rebwoo",0.5226116,20,23
"dowwoo",0.9996993,21,24
"amerob",0.7456223,29,32
"norcar",0.58995,29,32
"eastow",0.9964339,32,35
"easblu",0.33465677,33,36
"bnhcow",0.58325773,41,44
"carwre",0.9869289,57,60
"carchi",0.99452853,62,65
"orcori",0.30318186,65,68
"blujay",0.59966344,75,78
"tuftit",0.49422118,94,97
"scatan",0.99654454,96,99
