"species_code","score","start_offset_sec","end_offset_sec"
"chswar",0.66494733,14,17
"amerob",0.71083754,64,67
"cedwax",0.4748362,71,74
"amered",0.43809953,79,82
"yelwar",0.9998696,82,85
"comyel",0.7375993,89,92
"norcar",0.3855748,104,107
"brnthr",0.6475351,111,114
"grycat",0.8158284,112,115
"balori",0.3660697,114,117
"houwre",0.99961215,115,118
"sonspa",0.9307819,122,125
