"species_code","score","start_offset_sec","end_offset_sec"
"bkcchi",0.9998233,1,4
"comyel",0.9952028,1,4
"cedwax",0.9767271,1,4
"yerwar",0.55917823,6,9
"amegfi",0.97032374,13,16
"amecro",0.4782675,13,16
"norcar",0.27988347,14,17
"blujay",0.6075669,18,21
"indbun",0.43496978,21,24
"grycat",0.28035775,21,24
"chispa",0.46764296,28,31
