"species_code","score","start_offset_sec","end_offset_sec"
"bnhcow",0.6043976,9,12
"amerob",0.88801605,13,16
"sonspa",0.9261565,14,17
"amegfi",0.9986447,16,19
"yelwar",0.94939786,19,22
"comyel",0.99695414,21,24
"rewbla",0.97496873,26,29
"yebcha",0.99992377,33,36
"blujay",0.34148252,41,44
"indbun",0.90281326,46,49
"fiespa",0.99727154,58,61
