"species_code","score","start_offset_sec","end_offset_sec"
"comyel",0.83753514,4,7
"virrai",0.99998593,26,29
"yelwar",0.5676964,40,43
"aldfly",0.91731435,43,46
"swaspa",0.99999356,46,49
"wilfly",0.88201624,49,52
"rewbla",0.87922037,49,52
"sonspa",0.98974246,52,55
"grnher",0.5265604,58,61
