"species_code","score","start_offset_sec","end_offset_sec"
"woothr",0.419234,4,7
"woewar1",0.9977107,9,12
"ovenbi1",0.3816175,27,30
"amered",0.9045673,32,35
"yelwar",0.41635326,45,48
"belkin1",0.26607072,59,62
"chispa",0.58466226,69,72
"rewbla",0.30817547,69,72
"buggna",0.28994635,69,72
"amecro",0.7492526,70,73
"reevir1",0.89189756,81,84
"prawar",0.648343,85,88
"indbun",0.9840384,91,94
"cerwar",0.7475423,94,97
"eastow",0.9966171,123,126
