"species_code","score","start_offset_sec","end_offset_sec"
"hoomer",0.7415257,33,36
"easwpw1",0.9999674,168,171
"wiltur",0.45765293,195,198
"woothr",0.9999163,199,202
"scatan",0.998877,202,205
"eastow",0.5695734,202,205
"tuftit",0.26481223,203,206
"bkcchi",0.34764346,204,207
"cerwar",0.45765612,205,208
"btbwar",0.29557225,205,208
"indbun",0.8279263,240,243
"eawpew",0.9179927,251,254
