"species_code","score","start_offset_sec","end_offset_sec"
"reevir1",0.462892,4,7
"robgro",0.99954814,5,8
"grycat",0.4567046,8,11
"bkcchi",0.6923979,11,14
"veery",0.99085796,17,20
"eastow",0.6366438,20,23
"comyel",0.35818154,20,23
"chswar",0.5880198,22,25
"amerob",0.26907477,27,30
"fiespa",0.667794,31,34
