"species_code","score","start_offset_sec","end_offset_sec"
"eastow",0.86640346,1,4
"tuftit",0.96781266,16,19
"moudov",0.3386649,17,20
"amered",0.4948805,18,21
"blujay",0.25827858,23,26
"carchi",0.9995196,25,28
"bkcchi",0.66750216,28,31
"woothr",0.999777,33,36
"acafly",0.28926504,33,36
"carwre",0.2683801,35,38
"amerob",0.30784884,41,44
"balori",0.90342534,46,49
"indbun",0.39721462,54,57
"buggna",0.35027096,54,57
