"species_code","score","start_offset_sec","end_offset_sec"
"grycat",0.97810864,0,3
"reevir1",0.8459703,7,10
"amered",0.99156725,14,17
"chswar",0.87808627,19,22
"mouwar",0.7197548,19,22
"ovenbi1",0.99994135,23,26
"swathr",0.49517682,25,28
"herthr",0.541914,28,31
"woothr",0.66586,37,40
"eastow",0.9914926,46,49
