"species_code","score","start_offset_sec","end_offset_sec"
"cedwax",0.32145688,1,4
"indbun",0.9802442,2,5
"amerob",0.5317781,4,7
"norcar",0.7421619,10,13
"woothr",0.59837097,10,13
"rewbla",0.33887634,18,21
"amered",0.7790941,23,26
"warvir",0.70618105,30,33
"eastow",0.99044114,32,35
"daejun",0.3805941,34,37
"reevir1",0.61846364,37,40
"robgro",0.9949507,44,47
"sonspa",0.90545213,48,51
"grycat",0.99954444,52,55
"orcori",0.66371465,53,56
"fiespa",0.99985117,60,63
"yelwar",0.9214652,63,66
