"species_code","score","start_offset_sec","end_offset_sec"
"amered",0.34037814,8,11
"hoowar",0.78835213,14,17
"reevir1",0.9383719,15,18
"grycat",0.99999267,19,22
"yelwar",0.99395865,22,25
"amerob",0.8346179,22,25
"cedwax",0.99364495,26,29
"scatan",0.40931773,34,37
"norcar",0.98187125,36,39
"woothr",0.97646767,39,42
"mouwar",0.99462366,44,47
"veery",0.80761695,51,54
