"species_code","score","start_offset_sec","end_offset_sec"
"dunlin",0.32677624,74,77
"comyel",0.5450742,89,92
"amegfi",0.9497974,93,96
"amerob",0.88640803,94,97
"normoc",0.987344,104,107
"whbnut",0.5928658,114,117
"amecro",0.30188587,125,128
"rewbla",0.31639597,126,129
"treswa",0.46407628,133,136
"woothr",0.7428613,135,138
"rethaw",0.5861821,159,162
"blujay",0.39755708,180,183
