"species_code","score","start_offset_sec","end_offset_sec"
"acafly",0.9904662,0,3
"bnhcow",0.9294703,2,5
"grycat",0.31280082,2,5
"amered",0.9998857,5,8
"reevir1",0.59764725,16,19
"woothr",0.98099935,30,33
"bawwar",0.296616,36,39
"veery",0.9677801,40,43
"norpar",0.28208214,41,44
"norcar",0.41205758,45,48
"blujay",0.99828064,50,53
"buggna",0.28657517,58,61
