"species_code","score","start_offset_sec","end_offset_sec"
"woothr",0.78732353,0,3
"whevir",0.9989691,7,10
"pinwar",0.5706432,8,11
"norcar",0.64652985,9,12
"swaspa",0.98157823,13,16
"carwre",0.98969364,16,19
"rewbla",0.9672718,19,22
"normoc",0.43395644,21,24
"amerob",0.3983923,21,24
"herthr",0.45622322,22,25
