"species_code","score","start_offset_sec","end_offset_sec"
"veery",0.9997923,3,6
"balori",0.28084397,14,17
"buggna",0.49694794,20,23
"sonspa",0.97998565,23,26
"houwre",0.9992565,29,32
"grycat",0.99989724,36,39
"amerob",0.5028026,39,42
"brnthr",0.32112843,43,46
"norcar",0.7714196,46,49
"whbnut",0.269086,48,51
"yelwar",0.48294193,53,56
