"species_code","score","start_offset_sec","end_offset_sec"
"houspa",0.9990802,3,6
"graspa",0.9995863,13,16
"comgra",0.9967939,16,19
"moudov",0.81799763,16,19
"amerob",0.9935227,22,25
"woothr",0.9936663,23,26
"chispa",0.98764354,23,26
"cedwax",0.3913987,24,27
"amecro",0.9479844,27,30
"fiespa",0.9913053,34,37
"bnhcow",0.4581155,35,38
"indbun",0.99605554,37,40
"rewbla",0.5812767,42,45
"bkpwar",0.3178588,47,50
"normoc",0.30846307,49,52
