"species_code","score","start_offset_sec","end_offset_sec"
"blujay",0.8653648,12,15
"norcar",0.34047422,40,43
"comyel",0.6147538,60,63
"fiespa",0.94844663,119,122
"carwre",0.78014207,126,129
"woothr",0.9496434,133,136
"reevir1",0.9467714,161,164
"buggna",0.9999094,267,270
"amecro",0.9940162,282,285
"daejun",0.38665423,298,301
"yebcuc",0.7139154,309,312
"yelwar",0.32150158,314,317
"indbun",0.99269605,323,326
"sumtan",0.39558008,325,328
