"species_code","score","start_offset_sec","end_offset_sec"
"woothr",0.35436243,60,63
"cerwar",0.97750634,62,65
"whbnut",0.9999858,140,143
"yebsap",0.7144869,141,144
"eastow",0.9989883,148,151
"dowwoo",0.90202445,167,170
"btbwar",0.46564934,222,225
"reevir1",0.9754346,224,227
"haiwoo",0.99747276,226,229
"tuftit",0.26209372,227,230
"rewbla",0.3890741,285,288
