"species_code","score","start_offset_sec","end_offset_sec"
"amecro",0.34851065,3,6
"norcar",0.99524826,18,21
"bnhcow",0.83052486,21,24
"easmea",0.9838905,22,25
"sonspa",0.9239322,23,26
"vesspa",0.26382262,25,28
"eursta",0.81322795,34,37
"whbnut",0.48764694,37,40
"blujay",0.42283788,38,41
"normoc",0.85537916,40,43
