"species_code","score","start_offset_sec","end_offset_sec"
"easpho",0.99801654,8,11
"robgro",0.29298663,11,14
"comgra",0.99914,23,26
"cedwax",0.9580847,31,34
"amerob",0.9741227,32,35
"purmar",0.54389685,37,40
"houfin",0.2557904,39,42
"rewbla",0.9626649,42,45
"eastow",0.52842706,45,48
"blujay",0.9847183,47,50
"whtspa",0.26301354,60,63
"houspa",0.7941471,61,64
