"species_code","score","start_offset_sec","end_offset_sec"
"norpar",0.99452376,3,6
"normoc",0.9770543,3,6
"eursta",0.9978691,13,16
"cedwax",0.44049886,14,17
"eastow",0.8156631,16,19
"monpar",0.7309356,16,19
"norcar",0.9912653,19,22
"comgra",0.26245978,19,22
"amerob",0.9485934,21,24
"chiswi",0.4154818,22,25
