"species_code","score","start_offset_sec","end_offset_sec"
"carwre",0.9950692,5,8
"amegfi",0.31267145,5,8
"yelwar",0.93982637,8,11
"sonspa",0.66720796,8,11
"indbun",0.99759567,15,18
"woothr",0.2663806,19,22
"eastow",0.37839052,21,24
"reevir1",0.35174477,22,25
"houspa",0.4779246,29,32
"rewbla",0.96955174,38,41
"tuftit",0.3718182,41,44
"grycat",0.9999346,45,48
"bnhcow",0.5332489,49,52
"brnthr",0.33385473,51,54
"normoc",0.3109756,53,56
"amerob",0.8521851,61,64
"belkin1",0.7527658,62,65
