"species_code","score","start_offset_sec","end_offset_sec"
"tuftit",0.89855635,11,14
"eastow",0.7007924,12,15
"woothr",0.34679765,13,16
"reevir1",0.98812145,23,26
"yetvir",0.9930048,31,34
"acafly",0.45092615,38,41
"norcar",0.8472329,53,56
"hoowar",0.9973807,64,67
"grcfly",0.4659431,64,67
