"species_code","score","start_offset_sec","end_offset_sec"
"hoowar",0.4148536,0,3
"acafly",0.79639184,1,4
"eawpew",0.90943485,6,9
"dowwoo",0.9964173,26,29
"indbun",0.91964364,33,36
"eastow",0.9889947,35,38
"woothr",0.8834921,36,39
"tuftit",0.9918163,39,42
"carchi",0.42590323,42,45
"rewbla",0.31511095,43,46
"norfli",0.98956037,57,60
"reevir1",0.9904245,59,62
