"species_code","score","start_offset_sec","end_offset_sec"
"amecro",0.39927742,1,4
"rewbla",0.53479856,4,7
"comyel",0.82248366,6,9
"indbun",0.79322684,6,9
"yebcha",0.29344457,6,9
"reevir1",0.98884624,10,13
"fiespa",0.9944723,14,17
"eastow",0.9586177,14,17
"easmea",0.9577601,17,20
"norhar2",0.48294765,19,22
"amegfi",0.45849174,19,22
"henspa",0.99983174,20,23
"purfin",0.6188568,27,30
