"species_code","score","start_offset_sec","end_offset_sec"
"sonspa",0.6594161,15,18
"grcfly",0.989717,16,19
"amegfi",0.97927696,16,19
"cedwax",0.9994243,19,22
"norcar",0.39022607,22,25
"comgra",0.90466404,27,30
"marwre",0.99996126,34,37
"cangoo",0.3418168,34,37
"swaspa",0.43695587,47,50
"eawpew",0.99303585,61,64
"rewbla",0.94746476,65,68
"amecro",0.99915135,70,73
