"species_code","score","start_offset_sec","end_offset_sec"
"amekes",0.99714804,9,12
"amegfi",0.9549055,11,14
"carwre",0.5025775,15,18
"moudov",0.30915222,15,18
"eawpew",0.43588218,25,28
"normoc",0.9993724,26,29
"yebcha",0.3803741,28,31
"rewbla",0.2714721,31,34
"indbun",0.9775056,32,35
"orcori",0.6233013,33,36
