"species_code","score","start_offset_sec","end_offset_sec"
"yebcuc",0.97854054,1,4
"reevir1",0.99917006,3,6
"norcar",0.36965445,8,11
"warvir",0.38873,18,21
"bkcchi",0.42946512,26,29
"eastow",0.54935414,34,37
"eawpew",0.99430704,38,41
"btnwar",0.31628877,39,42
"robgro",0.6908502,46,49
"buhvir",0.2934332,46,49
"amerob",0.3161416,48,51
