"species_code","score","start_offset_sec","end_offset_sec"
"sonspa",0.999505,14,17
"dickci",0.3468853,20,23
"fiespa",0.33851793,24,27
"amegfi",0.99622566,31,34
"tuftit",0.56964576,31,34
"woothr",0.98802066,40,43
"eastow",0.671336,51,54
"carwre",0.7632691,55,58
"houfin",0.6114724,59,62
"comyel",0.28484923,65,68
"yelwar",0.2619756,67,70
"norcar",0.36141595,82,85
"nrwswa",0.9971497,89,92
"reevir1",0.7458821,90,93
"amerob",0.8602223,91,94
