"species_code","score","start_offset_sec","end_offset_sec"
"pinwar",0.85500455,0,3
"amegfi",0.979025,4,7
"haiwoo",0.6423799,9,12
"warvir",0.9992454,13,16
"rewbla",0.6654407,22,25
"reevir1",0.28284088,23,26
"leafly",0.99890935,24,27
"norcar",0.9656239,27,30
"comyel",0.9326932,29,32
"amerob",0.5393712,35,38
"grycat",0.96561885,41,44
"yelwar",0.41547298,41,44
"sonspa",0.9833577,42,45
"moudov",0.8951043,45,48
"cedwax",0.5256553,45,48
