"species_code","score","start_offset_sec","end_offset_sec"
"buwwar",0.99824417,6,9
"gowwar",0.6060219,7,10
"comyel",0.9815961,13,16
"amerob",0.98859316,20,23
"reevir1",0.56279445,20,23
"norcar",0.98433334,25,28
"veery",0.90599537,31,34
"cedwax",0.9970139,32,35
"whtspa",0.3113688,34,37
"herthr",0.33255628,45,48
"sonspa",0.94657034,65,68
