"species_code","score","start_offset_sec","end_offset_sec"
"cedwax",0.26190788,6,9
"hoowar",0.94969964,9,12
"cangoo",0.69771373,15,18
"yelwar",0.26784945,17,20
"norcar",0.9865186,18,21
"bkcchi",0.27626845,30,33
"woothr",0.85294306,32,35
"amered",0.29069,33,36
"herthr",0.54118,34,37
"purfin",0.5589984,36,39
"rewbla",0.54308635,37,40
"sonspa",0.36315927,37,40
"amecro",0.9738512,39,42
