"species_code","score","start_offset_sec","end_offset_sec"
"indbun",0.9946076,7,10
"dickci",0.9999505,8,11
"chispa",0.30037883,15,18
"norcar",0.59363246,21,24
"tuftit",0.37755337,27,30
"rewbla",0.9921997,32,35
"amecro",0.57408357,33,36
"graspa",0.9895724,36,39
"yebcha",0.6670216,37,40
"sumtan",0.30027908,37,40
"carwre",0.95713216,38,41
"amerob",0.45435032,43,46
"comyel",0.45419294,44,47
