"species_code","score","start_offset_sec","end_offset_sec"
"reevir1",0.88287365,7,10
"rebwoo",0.94705385,9,12
"woothr",0.9995038,13,16
"norcar",0.7678138,28,31
"carwre",0.38232738,29,32
"buggna",0.9998848,30,33
"veery",0.99816066,34,37
"moudov",0.97814023,34,37
"amerob",0.37363225,42,45
"scatan",0.530963,55,58
"tuftit",0.28922212,57,60
"louwat",0.28692225,64,67
