"species_code","score","start_offset_sec","end_offset_sec"
"eawpew",0.9928554,5,8
"indbun",0.5586052,5,8
"norcar",0.2618079,18,21
"buggna",0.36065924,21,24
"dowwoo",0.3214524,21,24
"whevir",0.99992424,31,34
"carwre",0.38495272,35,38
"amerob",0.52406573,64,67
"comyel",0.95128274,66,69
"tuftit",0.35505965,69,72
