"species_code","score","start_offset_sec","end_offset_sec"
"reevir1",0.3944328,14,17
"cangoo",0.9957447,20,23
"orcori",0.49370018,37,40
"amegfi",0.97243446,41,44
"rewbla",0.79903597,47,50
"amerob",0.9482156,49,52
"sonspa",0.8877999,61,64
"norcar",0.39794573,72,75
"grycat",0.32888994,75,78
"warvir",0.9998751,78,81
"cedwax",0.8555402,78,81
"bkcchi",0.9812889,83,86
"yelwar",0.9965507,96,99
"whbnut",0.45383918,97,100
"dowwoo",0.280207,100,103
