"species_code","score","start_offset_sec","end_offset_sec"
"amecro",0.910827,1,4
"amerob",0.9915909,15,18
"amegfi",0.6592012,51,54
"rewbla",0.45796,54,57
"blujay",0.5055231,72,75
"rehwoo",0.999374,73,76
"warvir",0.34452033,142,145
"carwre",0.9949475,158,161
"balori",0.95944846,172,175
"houwre",0.63798386,175,178
"grycat",0.99830836,223,226
"buhvir",0.4285406,226,229
"dowwoo",0.542887,237,240
