"species_code","score","start_offset_sec","end_offset_sec"
"sonspa",0.8802478,0,3
"balori",0.39516032,4,7
"amegfi",0.27869225,18,21
"eursta",0.26999742,20,23
"yelwar",0.9837416,23,26
"comgra",0.3616781,28,31
"normoc",0.7765558,31,34
"carwre",0.5810043,33,36
"treswa",0.95633554,45,48
"swaspa",0.73166573,47,50
"comyel",0.9975749,48,51
"bkcchi",0.28057468,48,51
"grycat",0.99996716,51,54
"robgro",0.4128945,54,57
"gockin",0.44156283,60,63
