"species_code","score","start_offset_sec","end_offset_sec"
"reevir1",0.87916136,8,11
"woothr",0.99893457,10,13
"btnwar",0.34595713,12,15
"bkcchi",0.25788978,17,20
"buhvir",0.9859563,21,24
"ovenbi1",0.94418234,22,25
"blujay",0.27907598,24,27
"haiwoo",0.9986497,25,28
"yetvir",0.3152738,25,28
