"species_code","score","start_offset_sec","end_offset_sec"
"cedwax",0.9900633,0,3
"rewbla",0.38064307,2,5
"amerob",0.5580927,5,8
"herthr",0.6728274,7,10
"bkbcuc",0.44336715,9,12
"reevir1",0.98037523,11,14
"louwat",0.8620422,12,15
"sonspa",0.99353737,17,20
"indbun",0.9998775,22,25
"eastow",0.2676804,28,31
"grycat",0.95987684,30,33
"comyel",0.9996186,32,35
