"species_code","score","start_offset_sec","end_offset_sec"
"swathr",0.5412407,2,5
"bkcchi",0.74333125,4,7
"reevir1",0.3107198,11,14
"ovenbi1",0.96485597,14,17
"herthr",0.99996066,21,24
"tuftit",0.72192776,27,30
"buggna",0.614758,30,33
"scatan",0.69877017,48,51
"woothr",0.44324842,48,51
"norcar",0.25066105,48,51
