"species_code","score","start_offset_sec","end_offset_sec"
"rewbla",0.32388073,3,6
"buhvir",0.9531428,13,16
"reevir1",0.9890447,29,32
"coohaw",0.9965215,36,39
"btnwar",0.7821006,43,46
"eawpew",0.39084542,46,49
"ovenbi1",0.87806004,47,50
"bkcchi",0.71541166,52,55
"yebcuc",0.82455426,62,65
