"species_code","score","start_offset_sec","end_offset_sec"
"easpho",0.415517,17,20
"bkbwar",0.86756855,28,31
"whbnut",0.9763597,30,33
"norpar",0.4071391,41,44
"bkcchi",0.95879275,53,56
"amered",0.46333563,75,78
"comyel",0.9812585,82,85
"ovenbi1",0.6488974,85,88
"chswar",0.5493104,97,100
"pinwar",0.95187247,100,103
"herthr",0.3976984,101,104
"woewar1",0.8673148,105,108
"reevir1",0.9218639,109,112
"woothr",0.39233172,118,121
"brncre",0.67315555,128,131
"yebcuc",0.9964937,147,150
