"species_code","score","start_offset_sec","end_offset_sec"
"eawpew",0.84137154,2,5
"yetvir",0.99971503,3,6
"norpar",0.99851537,6,9
"chispa",0.9982687,11,14
"buggna",0.6207193,23,26
"tuftit",0.78955686,32,35
"buhvir",0.7934422,36,39
"amegfi",0.98221093,39,42
"amered",0.27389506,43,46
"reevir1",0.93793297,44,47
