"species_code","score","start_offset_sec","end_offset_sec"
"reevir1",0.99845815,31,34
"btbwar",0.9949442,42,45
"btnwar",0.376381,48,51
"fiespa",0.49404877,51,54
"eawpew",0.5186035,71,74
"prawar",0.3372936,88,91
"bawwar",0.73391324,92,95
"bkpwar",0.26186588,104,107
"amered",0.59398997,130,133
"scatan",0.26170942,133,136
