"species_code","score","start_offset_sec","end_offset_sec"
"bkcchi",0.40225506,2,5
"swaspa",0.35636404,3,6
"grycat",0.32606527,3,6
"sonspa",0.99578387,5,8
"comyel",0.9632527,8,11
"amegfi",0.98335195,14,17
"amerob",0.33470914,15,18
"yelwar",0.9755377,21,24
"wilfly",0.8373277,23,26
"rewbla",0.7700193,25,28
"marwre",0.99924207,29,32
