"species_code","score","start_offset_sec","end_offset_sec"
"buhvir",0.3860999,3,6
"gockin",0.577524,12,15
"herthr",0.93755424,17,20
"blujay",0.8239806,24,27
"comyel",0.71092916,26,29
"amegfi",0.9957428,34,37
"houspa",0.35284796,51,54
"houfin",0.46704078,74,77
"eastow",0.9855692,89,92
"yerwar",0.9998306,93,96
"daejun",0.978775,99,102
"amerob",0.9528996,99,102
