"species_code","score","start_offset_sec","end_offset_sec"
"indbun",0.45862135,5,8
"norcar",0.99854666,13,16
"fiscro",0.9965323,14,17
"tuftit",0.99990183,23,26
"houwre",0.4513024,23,26
"moudov",0.38390282,24,27
"comyel",0.6506849,36,39
"whbnut",0.99888843,41,44
"carwre",0.9698847,44,47
"blujay",0.9331579,57,60
"carchi",0.9886822,58,61
"eastow",0.6423649,60,63
