"species_code","score","start_offset_sec","end_offset_sec"
"moudov",0.9382186,15,18
"norpar",0.79919493,17,20
"eastow",0.93270445,18,21
"brnthr",0.30014175,52,55
"norcar",0.9511084,55,58
"sumtan",0.28449762,56,59
"amegfi",0.38991296,63,66
"yebcha",0.8918989,69,72
"scatan",0.9868355,72,75
"tuftit",0.56190044,76,79
