"species_code","score","start_offset_sec","end_offset_sec"
"eastow",0.41572928,0,3
"scatan",0.99722457,2,5
"indbun",0.59334,5,8
"carwre",0.43906346,7,10
"comyel",0.81920993,9,12
"yetvir",0.63542694,15,18
"tuftit",0.7241313,17,20
"amegfi",0.9414174,31,34
"yebcha",0.43783247,32,35
"fiespa",0.99148446,38,41
"sumtan",0.31514394,46,49
"carchi",0.9905744,49,52
"henspa",0.8760668,58,61
"norcar",0.739806,65,68
