"species_code","score","start_offset_sec","end_offset_sec"
"indbun",0.63862085,0,3
"rewbla",0.473277,5,8
"bnhcow",0.30212972,5,8
"carchi",0.5632196,8,11
"reevir1",0.9237882,10,13
"tuftit",0.97665066,11,14
"kenwar",0.38322544,18,21
"haiwoo",0.9690059,31,34
"dowwoo",0.32542682,36,39
"carwre",0.9779564,39,42
"amecro",0.9223624,49,52
"buggna",0.96787155,51,54
"osprey",0.69610995,56,59
"sonspa",0.7926728,57,60
"warvir",0.9935578,58,61
"norcar",0.99862254,59,62
