"species_code","score","start_offset_sec","end_offset_sec"
"rewbla",0.51031363,0,3
"amerob",0.97547805,3,6
"orcori",0.8063627,8,11
"yelwar",0.99946874,11,14
"warvir",0.28306574,12,15
"dickci",0.41642427,16,19
"veery",0.48358268,18,21
"houwre",0.9127708,20,23
"barswa",0.53903013,23,26
"marwre",0.9994412,25,28
