"species_code","score","start_offset_sec","end_offset_sec"
"hoowar",0.99062663,0,3
"btbwar",0.9495586,5,8
"magwar",0.99923736,15,18
"whtspa",0.5573684,15,18
"cerwar",0.33644027,26,29
"eawpew",0.99787515,27,30
"reevir1",0.98452264,27,30
"bkcchi",0.30066398,30,33
"btnwar",0.36356822,32,35
"norpar",0.2770596,38,41
