"species_code","score","start_offset_sec","end_offset_sec"
"btnwar",0.29092672,1,4
"comyel",0.32313597,3,6
"marwre",0.99403316,7,10
"grbher3",0.98577034,10,13
"chispa",0.41238284,12,15
"rebwoo",0.7477054,40,43
"sonspa",0.99920017,41,44
"bkcchi",0.45365855,45,48
"comgra",0.98813796,46,49
"norcar",0.2517713,48,51
"blujay",0.64707416,50,53
"whtspa",0.64175904,51,54
"indbun",0.99625266,52,55
"rewbla",0.94319296,57,60
