"species_code","score","start_offset_sec","end_offset_sec"
"rebwoo",0.82699776,0,3
"carwre",0.65310204,7,10
"blujay",0.9947484,11,14
"louwat",0.3336411,11,14
"comyel",0.78506964,29,32
"eawpew",0.48960596,30,33
"carchi",0.2689307,34,37
"tuftit",0.2916402,35,38
"indbun",0.9951187,37,40
"norbob",0.72170204,42,45
"yebcha",0.6252432,46,49
"amecro",0.9298488,48,51
"brnthr",0.73240024,48,51
"easowl1",0.28463507,56,59
