"species_code","score","start_offset_sec","end_offset_sec"
"rebnut",0.34994924,0,3
"hoowar",0.4853841,3,6
"amecro",0.33983532,3,6
"woothr",0.99297476,7,10
"sonspa",0.2736462,8,11
"winwre3",0.9975748,14,17
"herthr",0.5981092,15,18
"magwar",0.98862743,20,23
"yerwar",0.54690814,25,28
"btbwar",0.99976695,29,32
"scatan",0.561148,30,33
"daejun",0.4904113,30,33
"whbnut",0.7063795,36,39
"chispa",0.29319978,38,41
"reevir1",0.97778577,39,42
"tuftit",0.48959768,41,44
