"species_code","score","start_offset_sec","end_offset_sec"
"swaspa",0.2574897,11,14
"norcar",0.9691963,16,19
"amegfi",0.35629594,18,21
"barswa",0.9827045,25,28
"comgal1",0.95729494,27,30
"whtspa",0.2639477,35,38
"rewbla",0.9651368,39,42
"indbun",0.9617408,39,42
"belkin1",0.82977766,67,70
"eawpew",0.4067651,71,74
"sonspa",0.99980277,73,76
"easkin",0.8436818,78,81
