"species_code","score","start_offset_sec","end_offset_sec"
"amerob",0.9889951,1,4
"carwre",0.99984664,3,6
"blujay",0.53543514,4,7
"grycat",0.9254917,6,9
"reevir1",0.9889448,26,29
"reshaw",0.29069605,50,53
"comgra",0.44377473,185,188
"norcar",0.95847404,206,209
"woothr",0.35797226,224,227
"buggna",0.9841808,256,259
