"species_code","score","start_offset_sec","end_offset_sec"
"eawpew",0.9827159,0,3
"tuftit",0.2927407,6,9
"amecro",0.92489326,10,13
"pilwoo",0.9952517,20,23
"reevir1",0.9939044,21,24
"louwat",0.45218888,28,31
"barswa",0.78367347,32,35
"comgra",0.9403498,33,36
"amerob",0.51467764,33,36
"carwre",0.77456105,34,37
"rewbla",0.99906343,42,45
"norcar",0.8709734,53,56
"whbnut",0.9302241,56,59
