"species_code","score","start_offset_sec","end_offset_sec"
"norcar",0.9989348,10,13
"carwre",0.9999616,21,24
"comyel",0.3155461,29,32
"cedwax",0.268426,38,41
"reevir1",0.79690194,39,42
"indbun",0.9879024,40,43
"bnhcow",0.44879025,83,86
"prawar",0.30455095,101,104
"amegfi",0.2703828,103,106
"ovenbi1",0.30007315,104,107
"blujay",0.99900025,113,116
"daejun",0.4844814,118,121
"fiespa",0.9992805,125,128
