"species_code","score","start_offset_sec","end_offset_sec"
"btnwar",0.43524724,18,21
"sonspa",0.9977421,19,22
"indbun",0.50096536,23,26
"blujay",0.9851661,28,31
"reevir1",0.9915294,37,40
"yelwar",0.6879267,40,43
"chswar",0.5845922,42,45
"grycat",0.8529205,46,49
"comyel",0.9774459,73,76
"whbnut",0.75225955,76,79
"swathr",0.5740927,77,80
"norcar",0.97974396,81,84
"magwar",0.33485916,82,85
"amerob",0.9748857,97,100
"swaspa",0.83514875,97,100
"cedwax",0.9947524,101,104
