"species_code","score","start_offset_sec","end_offset_sec"
"comyel",0.5309408,8,11
"norcar",0.9870755,9,12
"rewbla",0.4489765,11,14
"woothr",0.96728474,15,18
"amerob",0.8131487,17,20
"cedwax",0.8799515,30,33
"norfli",0.5014778,34,37
"whevir",0.998769,35,38
"houwre",0.99755013,40,43
"grycat",0.84907746,43,46
