"species_code","score","start_offset_sec","end_offset_sec"
"fiespa",0.8954854,1,4
"comyel",0.99822026,37,40
"graspa",0.9994405,40,43
"houwre",0.75568724,54,57
"sonspa",0.577131,60,63
"barswa",0.4909617,65,68
"rewbla",0.885858,103,106
"houspa",0.28612888,133,136
"amegfi",0.99849,134,137
"btnwar",0.33317304,134,137
"grycat",0.45790607,135,138
"boboli",0.99073344,154,157
"easmea",0.92825747,154,157
"rethaw",0.4751811,162,165
