"species_code","score","start_offset_sec","end_offset_sec"
"reevir1",0.80398273,2,5
"eawpew",0.7715853,2,5
"rethaw",0.9592988,3,6
"amegfi",0.99971867,17,20
"norfli",0.3279235,20,23
"rewbla",0.45154673,38,41
"fiespa",0.7112812,49,52
"comyel",0.92747074,55,58
"normoc",0.8245861,58,61
"norcar",0.9391902,60,63
"bkcchi",0.84414274,65,68
"sedwre1",0.99985015,72,75
"blujay",0.35927433,77,80
"boboli",0.99065095,79,82
"sonspa",0.7223388,90,93
