"species_code","score","start_offset_sec","end_offset_sec"
"woothr",0.99941707,9,12
"grycat",0.5545055,10,13
"louwat",0.98603296,13,16
"reevir1",0.97629625,15,18
"robgro",0.98321456,22,25
"norcar",0.81607515,24,27
"indbun",0.41752195,29,32
"buggna",0.45038235,33,36
"eawpew",0.9969572,40,43
