"species_code","score","start_offset_sec","end_offset_sec"
"btnwar",0.649821,0,3
"rewbla",0.36207142,0,3
"cedwax",0.34334582,5,8
"chswar",0.98915213,6,9
"houwre",0.89147675,7,10
"sonspa",0.9852203,8,11
"dowwoo",0.9462785,8,11
"comyel",0.9984209,15,18
"yelwar",0.4658243,20,23
"amegfi",0.33880788,21,24
"ovenbi1",0.5534601,25,28
"robgro",0.2513783,29,32
"cangoo",0.98265064,34,37
"eastow",0.3768563,34,37
"grycat",0.32223588,35,38
"amerob",0.79748535,38,41
"balori",0.47548828,39,42
