"species_code","score","start_offset_sec","end_offset_sec"
"sonspa",0.97916675,6,9
"robgro",0.7117097,12,15
"woothr",0.5414895,12,15
"blujay",0.85609967,18,21
"amerob",0.35191515,18,21
"whbnut",0.2750513,18,21
"tuftit",0.2747725,19,22
"swaspa",0.9963676,20,23
"norcar",0.87535435,31,34
"grycat",0.9999753,43,46
"amecro",0.2784717,44,47
