"species_code","score","start_offset_sec","end_offset_sec"
"rewbla",0.99679494,14,17
"carwre",0.9997014,16,19
"norcar",0.7572198,32,35
"amegfi",0.99945045,42,45
"eastow",0.42471778,49,52
"orcori",0.6140785,67,70
"blujay",0.28344297,81,84
"sonspa",0.98197746,84,87
"normoc",0.25953573,85,88
"sumtan",0.412144,87,90
"yelwar",0.5094553,88,91
