"species_code","score","start_offset_sec","end_offset_sec"
"reevir1",0.2580196,4,7
"rewbla",0.9571011,30,33
"sumtan",0.2715274,33,36
"buggna",0.6788272,50,53
"warvir",0.99483263,51,54
"norcar",0.7592034,51,54
"carchi",0.9994174,54,57
"gockin",0.31765625,72,75
"amegfi",0.9969595,79,82
"tuftit",0.99285764,79,82
"herthr",0.54992926,82,85
"houwre",0.35115105,88,91
