"species_code","score","start_offset_sec","end_offset_sec"
"normoc",0.9041737,3,6
"dickci",0.99822104,4,7
"norbob",0.98279625,6,9
"rewbla",0.70542616,6,9
"comyel",0.33188856,9,12
"norcar",0.26120114,10,13
"indbun",0.9813683,16,19
"reevir1",0.35095206,20,23
"graspa",0.9986205,34,37
"blugrb1",0.88590413,37,40
