"species_code","score","start_offset_sec","end_offset_sec"
"louwat",0.8876188,6,9
"btnwar",0.7839317,13,16
"bawwar",0.42488742,24,27
"norcar",0.58594847,34,37
"woewar1",0.466345,34,37
"hoowar",0.99713683,35,38
"norfli",0.5938755,42,45
"comyel",0.51126176,47,50
"sumtan",0.42600045,56,59
"woothr",0.9996845,60,63
"veery",0.99979144,83,86
"reevir1",0.8941802,93,96
"blujay",0.9406602,111,114
