"species_code","score","start_offset_sec","end_offset_sec"
"rebnut",0.5284821,0,3
"amerob",0.34952122,26,29
"dowwoo",0.9638609,28,31
"buhvir",0.86281985,32,35
"bkcchi",0.48815605,44,47
"reevir1",0.9230646,49,52
"amegfi",0.9995313,65,68
"cedwax",0.98692924,65,68
"whbnut",0.9999367,66,69
