"species_code","score","start_offset_sec","end_offset_sec"
"grycat",0.9984543,1,4
"amegfi",0.5297976,3,6
"amecro",0.9902366,5,8
"normoc",0.30650175,7,10
"blujay",0.37270963,11,14
"houwre",0.5055783,12,15
"bkcchi",0.9036385,24,27
"wilfly",0.92951405,25,28
"sonspa",0.83342606,26,29
"amerob",0.6833978,30,33
"houspa",0.9699007,31,34
