"species_code","score","start_offset_sec","end_offset_sec"
"sonspa",0.31806484,7,10
"easwpw1",0.9999115,8,11
"amerob",0.8144755,17,20
"woothr",0.28852376,28,31
"fiespa",0.97211975,39,42
"rewbla",0.33940086,41,44
"bkcchi",0.67594594,42,45
"grycat",0.751918,48,51
"eastow",0.9929861,53,56
"amegfi",0.35881338,55,58
