"species_code","score","start_offset_sec","end_offset_sec"
"rewbla",0.2710806,5,8
"comyel",0.96618295,6,9
"indbun",0.3480091,17,20
"killde",0.37087882,23,26
"rebwoo",0.92374057,24,27
"comgra",0.97583956,31,34
"reevir1",0.98178846,33,36
"amerob",0.9627561,36,39
"balori",0.69129497,43,46
"norcar",0.9205511,47,50
"tuftit",0.3557812,47,50
"houwre",0.9995249,50,53
"carwre",0.41162243,51,54
