"species_code","score","start_offset_sec","end_offset_sec"
"grcfly",0.85757256,1,4
"bkcchi",0.99987036,11,14
"sonspa",0.34214875,11,14
"reevir1",0.98646003,15,18
"ovenbi1",0.36805272,17,20
"yetvir",0.9854393,18,21
"comyel",0.5002231,19,22
"tuftit",0.91701955,20,23
"buhvir",0.894621,24,27
