"species_code","score","start_offset_sec","end_offset_sec"
"tuftit",0.5914917,0,3
"reevir1",0.39263234,9,12
"sonspa",0.9015113,15,18
"eastow",0.39514723,18,21
"normoc",0.5331133,20,23
"indbun",0.98218983,26,29
"houspa",0.866628,49,52
"amegfi",0.9548386,60,63
"norcar",0.99471384,61,64
"chispa",0.9032585,62,65
"fiespa",0.9996621,64,67
