"species_code","score","start_offset_sec","end_offset_sec"
"reevir1",0.3185762,4,7
"comyel",0.89905083,6,9
"bkcchi",0.8867492,11,14
"cangoo",0.761733,11,14
"yelwar",0.7967582,14,17
"daejun",0.38755083,22,25
"louwat",0.28613186,22,25
"sonspa",0.97433907,23,26
"brdowl",0.4158399,23,26
"amecro",0.6913187,27,30
"bawwar",0.9443762,29,32
"norcar",0.43509945,31,34
"balori",0.97341573,33,36
"amered",0.9792984,39,42
