"species_code","score","start_offset_sec","end_offset_sec"
"buggna",0.2602574,13,16
"woewar1",0.4819336,56,59
"carwre",0.84313196,109,112
"eawpew",0.39262608,130,133
"amerob",0.7502642,144,147
"pilwoo",0.61603445,152,155
"reevir1",0.99116683,233,236
"tuftit",0.7885064,263,266
"chispa",0.8883844,268,271
"yebcuc",0.99197024,284,287
