"species_code","score","start_offset_sec","end_offset_sec"
"aldfly",0.40584594,10,13
"brdowl",0.46109393,14,17
"reevir1",0.34273008,41,44
"norcar",0.9044516,113,116
"killde",0.7657079,113,116
"carwre",0.9999104,131,134
"normoc",0.25350556,138,141
"marwre",0.5723912,187,190
"houspa",0.4049292,231,234
