"species_code","score","start_offset_sec","end_offset_sec"
"yetvir",0.64944446,0,3
"herthr",0.5028369,1,4
"woothr",0.31394768,11,14
"amerob",0.99797934,13,16
"orcori",0.36449993,15,18
"carwre",0.2557221,19,22
"buggna",0.8504229,21,24
"amecro",0.82887596,32,35
"blujay",0.7008908,32,35
"norfli",0.9409088,35,38
"sonspa",0.5406736,35,38
"comyel",0.70500046,36,39
