"species_code","score","start_offset_sec","end_offset_sec"
"brnthr",0.29575157,1,4
"grycat",0.64358515,2,5
"sonspa",0.6518584,3,6
"tuftit",0.44006974,9,12
"woothr",0.5314899,24,27
"yebsap",0.6942991,28,31
"whbnut",0.3384733,28,31
"comyel",0.99994123,33,36
"moudov",0.9156745,39,42
"amerob",0.9991801,40,43
"amegfi",0.26245573,41,44
"rewbla",0.41328594,42,45
"rethaw",0.4645234,45,48
"veery",0.251847,64,67
