"species_code","score","start_offset_sec","end_offset_sec"
"carwre",0.9993725,4,7
"amegfi",0.99902445,5,8
"sonspa",0.37798223,8,11
"cedwax",0.3266729,15,18
"grbher3",0.9922616,16,19
"amerob",0.99768245,27,30
"norcar",0.95450646,34,37
"normoc",0.7398643,37,40
"grycat",0.39096156,37,40
"blujay",0.7655319,38,41
"whbnut",0.54377776,52,55
"eawpew",0.5628625,57,60
