"species_code","score","start_offset_sec","end_offset_sec"
"whtspa",0.6370746,2,5
"eastow",0.5063571,10,13
"amecro",0.9884562,14,17
"uplsan",0.42323303,14,17
"easblu",0.8496311,16,19
"fiscro",0.98601764,18,21
"purmar",0.7211708,20,23
"normoc",0.53770673,20,23
"amegfi",0.39448044,20,23
"norcar",0.7358136,21,24
"blujay",0.9472272,27,30
"whbnut",0.55756724,31,34
"mallar3",0.43208116,42,45
