"species_code","score","start_offset_sec","end_offset_sec"
"blujay",0.29584944,5,8
"sposan",0.28695136,30,33
"easblu",0.4857238,32,35
"greyel",0.6760223,34,37
"shbdow",0.2773645,35,38
"osprey",0.38106495,41,44
"normoc",0.32866204,41,44
"amerob",0.27119297,45,48
"balori",0.9448597,48,51
"lesyel",0.7197133,52,55
