"species_code","score","start_offset_sec","end_offset_sec"
"comyel",0.46422598,0,3
"amegfi",0.99256825,2,5
"blugrb1",0.9567929,7,10
"grycat",0.99170953,9,12
"yebcha",0.37622565,14,17
"blujay",0.8348683,18,21
"osprey",0.2776618,24,27
"amerob",0.552951,31,34
"fiespa",0.9999237,39,42
"reevir1",0.9608767,40,43
"tuftit",0.79104257,43,46
"carwre",0.9947523,44,47
"amecro",0.33809036,60,63
"norbob",0.97891724,63,66
"norcar",0.682399,64,67
