"species_code","score","start_offset_sec","end_offset_sec"
"amecro",0.822993,7,10
"amerob",0.30781156,16,19
"amegfi",0.9530427,26,29
"boboli",0.9979079,40,43
"grycat",0.7358759,70,73
"norcar",0.32539374,70,73
"whbnut",0.25352982,71,74
"sedwre1",0.9997984,72,75
"normoc",0.81037384,80,83
"carwre",0.99086446,89,92
"eastow",0.27791935,90,93
"comyel",0.6099253,95,98
