"species_code","score","start_offset_sec","end_offset_sec"
"bkcchi",0.9996961,3,6
"norcar",0.25989875,18,21
"amerob",0.5297554,51,54
"amegfi",0.99978584,57,60
"amecro",0.8429052,58,61
"houwre",0.9990751,74,77
"eastow",0.830599,92,95
"sonspa",0.99227697,97,100
"comgra",0.28635877,100,103
"belkin1",0.9373614,108,111
"comyel",0.9919874,125,128
"barswa",0.3114697,137,140
"blujay",0.9998677,152,155
"grycat",0.9999219,155,158
"redcro",0.28454164,162,165
