"species_code","score","start_offset_sec","end_offset_sec"
"amegfi",0.68973255,5,8
"indbun",0.99702513,11,14
"amecro",0.9390139,31,34
"reevir1",0.5290431,42,45
"yetvir",0.2802182,42,45
"amerob",0.5311708,47,50
"tuftit",0.5419897,49,52
"bnhcow",0.8261356,56,59
"carwre",0.97551656,58,61
"eawpew",0.9128882,58,61
"eastow",0.9994449,59,62
"carchi",0.938803,60,63
"norcar",0.9968662,64,67
"yebcha",0.36469734,67,70
