"species_code","score","start_offset_sec","end_offset_sec"
"scatan",0.75466317,0,3
"grcfly",0.9890849,1,4
"swaspa",0.89678216,7,10
"easpho",0.99791914,10,13
"tuftit",0.71449506,29,32
"yebcuc",0.999413,36,39
"reevir1",0.9877687,37,40
"yebsap",0.28834707,39,42
"hoowar",0.33477387,41,44
"veery",0.86461335,42,45
