"species_code","score","start_offset_sec","end_offset_sec"
"amegfi",0.26348838,7,10
"boboli",0.99999547,14,17
"savspa",0.9162323,20,23
"sedwre1",0.9999049,25,28
"rewbla",0.99454224,35,38
"yelwar",0.41796145,35,38
"marwre",0.41628042,40,43
"fiespa",0.25218916,41,44
"barswa",0.9393615,56,59
"cedwax",0.2517787,59,62
"moudov",0.3869824,64,67
"sonspa",0.4230457,65,68
