"species_code","score","start_offset_sec","end_offset_sec"
"houwre",0.98501754,3,6
"sonspa",0.8687988,12,15
"yelwar",0.9982589,14,17
"yerwar",0.9649933,28,31
"amerob",0.9904192,35,38
"indbun",0.38008052,43,46
"rufgro",0.6037961,54,57
"balori",0.7112905,61,64
"chispa",0.81552124,64,67
"comyel",0.77785605,83,86
"amegfi",0.9959019,90,93
"comgra",0.9588348,91,94
"rebwoo",0.7283129,94,97
"houfin",0.9190121,97,100
"fiespa",0.3233772,109,112
