"species_code","score","start_offset_sec","end_offset_sec"
"amecro",0.9776968,0,3
"reevir1",0.97263145,0,3
"amerob",0.83879346,17,20
"buggna",0.99781775,18,21
"chispa",0.99988776,31,34
"rewbla",0.48685434,35,38
"balori",0.77029526,36,39
"eawpew",0.57709545,55,58
"norcar",0.30875838,83,86
"eastow",0.9884913,85,88
"tuftit",0.997237,91,94
"woothr",0.6654017,127,130
