"species_code","score","start_offset_sec","end_offset_sec"
"carwre",0.9884127,0,3
"purfin",0.3630832,4,7
"rthhum",0.94403535,6,9
"amerob",0.2583151,9,12
"daejun",0.44265383,11,14
"tuftit",0.95229834,24,27
"reevir1",0.9981061,25,28
"eastow",0.9941016,29,32
"norcar",0.98472595,29,32
"hoowar",0.94421864,32,35
"whevir",0.72184134,38,41
