"species_code","score","start_offset_sec","end_offset_sec"
"sonspa",0.99052125,4,7
"ovenbi1",0.6780467,10,13
"tuftit",0.4623273,16,19
"blujay",0.75192815,35,38
"amerob",0.36301318,58,61
"yetvir",0.52256894,69,72
"indbun",0.47995973,87,90
"reevir1",0.99488956,115,118
"yebcha",0.39271426,125,128
"woothr",0.99993104,129,132
"yetwar",0.9789645,153,156
"norcar",0.8012309,153,156
"grcfly",0.39465448,153,156
"louwat",0.60781604,155,158
"acafly",0.98252046,164,167
"carwre",0.47520024,195,198
