"species_code","score","start_offset_sec","end_offset_sec"
"amerob",0.2826337,13,16
"norcar",0.88622016,16,19
"reevir1",0.9875247,26,29
"yelwar",0.93803215,38,41
"ovenbi1",0.99891996,40,43
"balori",0.8899786,51,54
"amered",0.9995495,52,55
"comyel",0.9925869,53,56
"gowwar",0.99882954,60,63
"veery",0.7989166,61,64
