"species_code","score","start_offset_sec","end_offset_sec"
"amered",0.97558844,9,12
"swathr",0.9990416,15,18
"comyel",0.87545687,19,22
"bawwar",0.97054684,20,23
"ovenbi1",0.32607996,20,23
"btbwar",0.96114045,27,30
"daejun",0.56694704,46,49
"yerwar",0.37343094,47,50
"veery",0.2714078,53,56
"herthr",0.33500975,59,62
"yelwar",0.2944246,77,80
"magwar",0.42467582,78,81
