"species_code","score","start_offset_sec","end_offset_sec"
"buhvir",0.3656224,9,12
"amecro",0.9755862,10,13
"daejun",0.30082446,14,17
"norcar",0.9917609,19,22
"tuftit",0.99979097,82,85
"bkcchi",0.84753186,82,85
"amegfi",0.5669178,91,94
"naswar",0.27296826,102,105
"balori",0.3854532,111,114
"reevir1",0.9859103,115,118
"blujay",0.9573468,130,133
"rebwoo",0.95165193,133,136
"tenwar",0.5766755,163,166
"chispa",0.99695367,178,181
"amerob",0.9995785,194,197
"grycat",0.26513717,228,231
