"species_code","score","start_offset_sec","end_offset_sec"
"blujay",0.8916034,0,3
"houwre",0.98553246,2,5
"amerob",0.96508527,4,7
"chispa",0.9990717,7,10
"pinwar",0.9933446,10,13
"balori",0.3148084,15,18
"amecro",0.9822625,17,20
"whtspa",0.43404272,18,21
"bnhcow",0.25722113,23,26
"robgro",0.50971663,24,27
"amegfi",0.7233923,30,33
"grcfly",0.94706374,32,35
"eursta",0.6333496,34,37
"houspa",0.35874775,34,37
