"species_code","score","start_offset_sec","end_offset_sec"
"rewbla",0.8203705,3,6
"houwre",0.35427934,4,7
"orcori",0.25524724,10,13
"warvir",0.99871284,12,15
"yebcha",0.9989774,14,17
"sonspa",0.67837256,19,22
"normoc",0.27328283,19,22
"whevir",0.4826395,20,23
"comyel",0.9111552,21,24
"norcar",0.969404,25,28
"veery",0.74015015,26,29
"yebcuc",0.98968107,30,33
"barswa",0.35955408,30,33
"reevir1",0.8611075,31,34
