"species_code","score","start_offset_sec","end_offset_sec"
"indbun",0.99772644,3,6
"chswar",0.98488146,7,10
"reevir1",0.97460765,19,22
"cedwax",0.5584156,21,24
"comyel",0.9764141,26,29
"easblu",0.25799322,30,33
"tuftit",0.39761385,31,34
"yelwar",0.45548528,56,59
"boboli",0.46618956,87,90
"sonspa",0.98458135,109,112
"rewbla",0.46366546,109,112
"houwre",0.5343515,128,131
"amerob",0.25865054,131,134
