"species_code","score","start_offset_sec","end_offset_sec"
"robgro",0.992719,1,4
"swaspa",0.8234699,2,5
"comgal1",0.99965215,4,7
"rewbla",0.9929092,6,9
"y00475",0.34558716,7,10
"amegfi",0.57692635,9,12
"comgra",0.9416684,11,14
"moudov",0.47819805,12,15
"comyel",0.31099117,14,17
"cedwax",0.8959177,27,30
"daejun",0.28865942,28,31
