"species_code","score","start_offset_sec","end_offset_sec"
"yerwar",0.28038618,25,28
"sonspa",0.26937026,32,35
"normoc",0.3130532,39,42
"treswa",0.9984151,51,54
"veery",0.6775796,69,72
"swaspa",0.9974248,101,104
"commer",0.25334063,101,104
"marwre",0.9971376,119,122
"rewbla",0.9989076,134,137
"comgra",0.91475,167,170
"amerob",0.99024546,184,187
"balori",0.6817403,197,200
"moudov",0.5500943,230,233
