"species_code","score","start_offset_sec","end_offset_sec"
"wooduc",0.8897003,1,4
"robgro",0.27844563,7,10
"killde",0.9952077,11,14
"moudov",0.71175075,14,17
"swaspa",0.89208275,18,21
"ovenbi1",0.45876178,27,30
"amerob",0.62069577,28,31
"marwre",0.2950613,36,39
"rewbla",0.9985079,41,44
"yelwar",0.87726563,41,44
"virrai",0.4009184,43,46
