"species_code","score","start_offset_sec","end_offset_sec"
"sonspa",0.48201603,4,7
"winwre3",0.35956758,15,18
"veery",0.37369803,20,23
"buhvir",0.29218352,20,23
"eawpew",0.4912359,32,35
"reevir1",0.25476623,32,35
"herthr",0.9981586,35,38
"ovenbi1",0.45876992,40,43
