"species_code","score","start_offset_sec","end_offset_sec"
"magwar",0.94226503,4,7
"comyel",0.67151594,12,15
"yetvir",0.56980455,13,16
"hoowar",0.9718445,20,23
"veery",0.9994765,23,26
"woothr",0.9865276,28,31
"bkbwar",0.89231676,29,32
"btnwar",0.27508828,39,42
"ovenbi1",0.7542931,44,47
"reevir1",0.9716686,47,50
