"species_code","score","start_offset_sec","end_offset_sec"
"reevir1",0.97739303,2,5
"robgro",0.9948611,8,11
"btbwar",0.77559984,10,13
"ovenbi1",0.37969393,12,15
"woothr",0.6262493,17,20
"amerob",0.64097726,26,29
"magwar",0.5919849,26,29
"brncre",0.5548704,29,32
"mouwar",0.9981931,30,33
"veery",0.35475826,47,50
