"species_code","score","start_offset_sec","end_offset_sec"
"yebsap",0.58606845,7,10
"btnwar",0.7202085,9,12
"canwar",0.99551475,21,24
"daejun",0.9987869,23,26
"blujay",0.9857767,25,28
"ovenbi1",0.9948153,85,88
"reevir1",0.9124699,93,96
"bkbwar",0.9246383,94,97
"woothr",0.8805789,247,250
"amerob",0.8948163,312,315
