"species_code","score","start_offset_sec","end_offset_sec"
"reevir1",0.27001694,21,24
"eawpew",0.9826658,24,27
"ovenbi1",0.99973404,33,36
"bkcchi",0.9876003,39,42
"yebsap",0.9883358,45,48
"wilsni1",0.45297423,46,49
"baleag",0.25829247,46,49
"btnwar",0.30846715,50,53
"pilwoo",0.35503176,54,57
"blujay",0.9996717,68,71
"bkbwar",0.9396159,68,71
"eastow",0.95688415,80,83
"norcar",0.63402003,80,83
