"species_code","score","start_offset_sec","end_offset_sec"
"chispa",0.5044871,0,3
"yebsap",0.9404581,3,6
"brwhaw",0.39691767,5,8
"amerob",0.41204962,7,10
"houwre",0.25014547,9,12
"yelwar",0.69823897,10,13
"daejun",0.98232895,18,21
"chswar",0.9966347,30,33
"btbwar",0.99553996,34,37
"ovenbi1",0.9852896,35,38
"reevir1",0.25933486,35,38
"bkcchi",0.82843477,41,44
