"species_code","score","start_offset_sec","end_offset_sec"
"chispa",0.98322743,2,5
"reevir1",0.8732335,8,11
"gockin",0.4721242,14,17
"comyel",0.4513072,26,29
"amegfi",0.99959576,30,33
"norfli",0.37154406,30,33
"cedwax",0.92223215,33,36
"houwre",0.9880923,37,40
"acafly",0.9954266,38,41
"treswa",0.39531562,41,44
"sonspa",0.2505118,43,46
"moudov",0.28598806,53,56
"ovenbi1",0.44812402,57,60
"swaspa",0.9035286,59,62
