"species_code","score","start_offset_sec","end_offset_sec"
"reevir1",0.40588313,5,8
"btnwar",0.47236818,6,9
"indbun",0.57453525,10,13
"mouwar",0.9963451,15,18
"bkcchi",0.8165408,20,23
"pinwar",0.2546174,23,26
"daejun",0.2544541,23,26
"whtspa",0.33806247,25,28
"carwre",0.37280735,32,35
"amecro",0.74316055,33,36
"ovenbi1",0.9986011,39,42
"gockin",0.36346173,43,46
"moudov",0.7523665,44,47
"blujay",0.5751673,51,54
