"species_code","score","start_offset_sec","end_offset_sec"
"naswar",0.39644542,5,8
"leafly",0.45658568,33,36
"whtspa",0.99841315,106,109
"magwar",0.9645414,107,110
"bkbwar",0.975994,110,113
"yerwar",0.27393487,124,127
"whbnut",0.52655613,133,136
"rebnut",0.99500036,153,156
"norpar",0.9970947,180,183
"scatan",0.27800736,183,186
"balori",0.3110157,187,190
"yetvir",0.6098171,194,197
"gockin",0.6552741,197,200
"buhvir",0.5934907,252,255
"eastow",0.7872524,254,257
"veery",0.392613,255,258
