"species_code","score","start_offset_sec","end_offset_sec"
"reevir1",0.7960413,0,3
"ovenbi1",0.9932876,3,6
"rewbla",0.7422499,6,9
"yelwar",0.43321636,25,28
"woothr",0.99791646,37,40
"comyel",0.9869129,54,57
"hoowar",0.98820287,85,88
"canwar",0.32676205,107,110
"magwar",0.5732765,110,113
