"species_code","score","start_offset_sec","end_offset_sec"
"hoowar",0.99883056,51,54
"magwar",0.8482116,73,76
"cerwar",0.8738835,88,91
"amered",0.9992223,101,104
"btnwar",0.783096,132,135
"norwat",0.66057056,135,138
"bkbwar",0.84515524,196,199
"bawwar",0.79462326,201,204
"chswar",0.96635115,212,215
"yelwar",0.7213435,216,219
"norpar",0.51667273,216,219
"comyel",0.6458344,236,239
"mouwar",0.41774902,249,252
"reevir1",0.9689606,282,285
"houwre",0.6630165,291,294
"btbwar",0.9899986,306,309
