"species_code","score","start_offset_sec","end_offset_sec"
"amerob",0.80855346,13,16
"sonspa",0.3854493,14,17
"reevir1",0.9976056,23,26
"blujay",0.9956779,29,32
"reshaw",0.6776639,39,42
"perfal",0.9680912,46,49
"btbwar",0.38703772,46,49
"buggna",0.71852374,48,51
"woothr",0.54725826,63,66
"yelwar",0.25535405,79,82
"daejun",0.9807511,80,83
"amered",0.9997051,101,104
"ovenbi1",0.9999261,113,116
