"species_code","score","start_offset_sec","end_offset_sec"
"grbher3",0.4881541,13,16
"boboli",0.99990284,25,28
"easkin",0.4432023,30,33
"sonspa",0.39714947,34,37
"rewbla",0.99108326,35,38
"fiespa",0.8395766,57,60
"amerob",0.83383256,57,60
"eastow",0.35905325,57,60
"comgra",0.9939394,63,66
"eawpew",0.8316524,73,76
"comyel",0.91788816,83,86
"brdowl",0.9469261,90,93
"balori",0.3303169,91,94
"swaspa",0.9998173,123,126
"grycat",0.49057996,125,128
"barswa",0.45751506,153,156
