"species_code","score","start_offset_sec","end_offset_sec"
"comyel",0.9988312,11,14
"norcar",0.9432795,15,18
"rewbla",0.96129096,18,21
"amecro",0.99108386,34,37
"orcori",0.34817597,36,39
"eawpew",0.99334323,46,49
"houfin",0.996689,49,52
"carwre",0.98897666,58,61
"normoc",0.4487709,58,61
"sonspa",0.40131375,73,76
"warvir",0.36250484,74,77
"tuftit",0.66830003,75,78
"easmea",0.2578668,81,84
"norbob",0.9944947,82,85
