"species_code","score","start_offset_sec","end_offset_sec"
"fiespa",0.8818001,4,7
"yebcha",0.99063545,5,8
"amecro",0.98991036,6,9
"rewbla",0.6871254,7,10
"houspa",0.307171,7,10
"rebnut",0.4811882,10,13
"chispa",0.85927784,13,16
"bkcchi",0.91238487,16,19
"whbnut",0.47091728,17,20
"ovenbi1",0.8481626,19,22
"virrai",0.923226,20,23
