"species_code","score","start_offset_sec","end_offset_sec"
"veery",0.79724973,12,15
"gockin",0.6496244,16,19
"eastow",0.47840318,17,20
"comyel",0.91280174,21,24
"woothr",0.65254104,23,26
"brncre",0.7744033,29,32
"grycat",0.38219142,33,36
"whbnut",0.34716287,37,40
"yelwar",0.5374224,38,41
"ovenbi1",0.61234915,40,43
"btbwar",0.96805644,43,46
"bkcchi",0.45140633,46,49
"chswar",0.9427197,47,50
"sonspa",0.53920114,51,54
"reevir1",0.2840841,51,54
"blujay",0.9994173,56,59
