"species_code","score","start_offset_sec","end_offset_sec"
"whbnut",0.9983118,10,13
"btbwar",0.9866596,36,39
"woothr",0.25805187,43,46
"cerwar",0.7439853,50,53
"sonspa",0.5277088,67,70
"canwar",0.2976559,87,90
"dowwoo",0.97718924,110,113
"eawpew",0.45801276,111,114
"btnwar",0.9984561,149,152
"reevir1",0.8913619,169,172
