"species_code","score","start_offset_sec","end_offset_sec"
"buhvir",0.9994861,3,6
"ovenbi1",0.9900612,24,27
"winwre3",0.99993026,55,58
"brncre",0.99756086,71,74
"belkin1",0.41005856,75,78
"scatan",0.5928313,138,141
"reevir1",0.5370957,143,146
"daejun",0.9256546,144,147
"swaspa",0.44617158,148,151
"chispa",0.86256325,158,161
"bkcchi",0.48472002,162,165
"gockin",0.6985211,166,169
