"species_code","score","start_offset_sec","end_offset_sec"
"btnwar",0.94968355,1,4
"canwar",0.4258448,11,14
"magwar",0.41584095,11,14
"yelwar",0.3781258,16,19
"comyel",0.7692705,17,20
"ovenbi1",0.99996275,22,25
"bkbwar",0.92147803,27,30
"swathr",0.9757232,28,31
"hoowar",0.9084478,31,34
"reevir1",0.6770787,33,36
"gockin",0.39897504,36,39
"woothr",0.6113231,38,41
"chswar",0.92884195,52,55
