"species_code","score","start_offset_sec","end_offset_sec"
"leafly",0.99903095,7,10
"carwre",0.6743455,7,10
"mouwar",0.31855762,9,12
"tuftit",0.31071493,15,18
"amerob",0.53610563,35,38
"comyel",0.63599306,39,42
"daejun",0.948077,41,44
"louwat",0.8697581,59,62
"ovenbi1",0.9972461,66,69
"buhvir",0.97014076,72,75
"swathr",0.4304055,93,96
"reevir1",0.9851917,108,111
"robgro",0.84587365,133,136
"scatan",0.97977364,157,160
"veery",0.3287647,158,161
