"species_code","score","start_offset_sec","end_offset_sec"
"ovenbi1",0.9999317,30,33
"amerob",0.35825306,68,71
"purfin",0.25918588,107,110
"swathr",0.48764542,136,139
"reevir1",0.9933645,173,176
"buhvir",0.8074607,195,198
"btnwar",0.8700575,202,205
"yebsap",0.9600038,205,208
"herthr",0.9770282,218,221
"veery",0.37759557,234,237
"whtspa",0.33561614,244,247
"haiwoo",0.9877616,250,253
"woothr",0.8629144,307,310
"hoowar",0.98759687,331,334
