"species_code","score","start_offset_sec","end_offset_sec"
"carwre",0.3074274,1,4
"swathr",0.5609265,4,7
"reevir1",0.9929564,20,23
"magwar",0.9315239,20,23
"amerob",0.32034805,23,26
"ovenbi1",0.91903526,37,40
"scatan",0.90232044,40,43
"winwre3",0.9996685,45,48
"herthr",0.9869791,60,63
"bkbwar",0.6693816,65,68
"acafly",0.95554054,91,94
"woothr",0.65750587,95,98
"daejun",0.81064594,109,112
