"species_code","score","start_offset_sec","end_offset_sec"
"houfin",0.77666163,5,8
"whevir",0.2595232,7,10
"buggna",0.83883744,8,11
"houspa",0.51913923,10,13
"dowwoo",0.8157052,11,14
"norcar",0.9369402,18,21
"rewbla",0.8295366,21,24
"rebwoo",0.9563186,23,26
"reevir1",0.4457106,28,31
"eawpew",0.26077607,29,32
"rethaw",0.99584305,30,33
"grycat",0.8938504,42,45
"yelwar",0.3291559,46,49
"amegfi",0.92957973,50,53
"monpar",0.5794061,63,66
