"species_code","score","start_offset_sec","end_offset_sec"
"ovenbi1",0.77006984,10,13
"amerob",0.99834746,12,15
"carchi",0.29803,19,22
"easpho",0.30370176,21,24
"tuftit",0.9132687,28,31
"magwar",0.30361778,28,31
"amered",0.30282128,29,32
"normoc",0.96432465,32,35
"eastow",0.9999125,42,45
"amecro",0.98814344,45,48
"whbnut",0.90466243,48,51
"norcar",0.992578,50,53
