"species_code","score","start_offset_sec","end_offset_sec"
"whbnut",0.41628522,4,7
"carwre",0.49431235,6,9
"yelwar",0.41440696,8,11
"normoc",0.450835,15,18
"prawar",0.98964787,19,22
"blujay",0.9530391,36,39
"fiespa",0.9728107,39,42
"grycat",0.980545,45,48
"yebcha",0.6945438,48,51
"comyel",0.93319166,49,52
"indbun",0.99201024,50,53
"grnher",0.99399126,53,56
"norcar",0.9936929,53,56
