"species_code","score","start_offset_sec","end_offset_sec"
"swaspa",0.9221598,0,3
"norfli",0.29606044,4,7
"yelwar",0.62252724,7,10
"amerob",0.66505456,11,14
"warvir",0.3133766,12,15
"chswar",0.98679256,14,17
"grycat",0.9999698,19,22
"rewbla",0.45073682,25,28
"comyel",0.99149203,28,31
"veery",0.33867478,28,31
"blujay",0.9770794,33,36
"reevir1",0.37377203,33,36
