"species_code","score","start_offset_sec","end_offset_sec"
"normoc",0.35417083,2,5
"norcar",0.49163622,4,7
"brnthr",0.6022297,9,12
"comyel",0.3331916,9,12
"whbnut",0.30954853,10,13
"comgra",0.9673921,11,14
"cedwax",0.99971956,13,16
"mouwar",0.25314277,16,19
"balori",0.95899624,19,22
"eursta",0.8988902,22,25
"fiespa",0.32342649,28,31
"sonspa",0.99818206,29,32
"rewbla",0.92555326,40,43
"robgro",0.8835694,47,50
"killde",0.3887507,49,52
"amerob",0.73976874,50,53
"indbun",0.99588484,53,56
