"species_code","score","start_offset_sec","end_offset_sec"
"chispa",0.35833558,3,6
"herthr",0.99995726,8,11
"bkbwoo",0.97083175,13,16
"canwar",0.97269034,15,18
"comyel",0.4980151,25,28
"magwar",0.9911036,36,39
"woothr",0.3185074,52,55
"naswar",0.99256647,62,65
"yebfly",0.9996752,63,66
"swathr",0.5578285,65,68
"cedwax",0.9714683,80,83
"whtspa",0.99944884,86,89
