"species_code","score","start_offset_sec","end_offset_sec"
"btnwar",0.29651955,1,4
"magwar",0.999039,4,7
"comyel",0.7485553,7,10
"eastow",0.33093074,11,14
"naswar",0.974918,12,15
"eawpew",0.41801393,12,15
"canwar",0.99920666,32,35
"winwre3",0.81996757,36,39
"mouwar",0.332164,36,39
"yebfly",0.99774516,44,47
"daejun",0.472602,97,100
"tuftit",0.2995923,97,100
"ovenbi1",0.7038955,101,104
"whtspa",0.99944335,106,109
