"species_code","score","start_offset_sec","end_offset_sec"
"palwar",0.99505717,4,7
"chispa",0.77755165,5,8
"buhvir",0.9959537,14,17
"whtspa",0.9994077,29,32
"yebfly",0.79188687,29,32
"veery",0.32510155,35,38
"dowwoo",0.6429905,40,43
"daejun",0.28216413,42,45
"winwre3",0.9927856,43,46
"naswar",0.9942609,44,47
"herthr",0.99724275,48,51
"comyel",0.9954413,49,52
"rebnut",0.30411103,49,52
"bkbwoo",0.75489247,53,56
"olsfly",0.99282223,55,58
