"species_code","score","start_offset_sec","end_offset_sec"
"boboli",0.40984365,7,10
"moudov",0.9968631,9,12
"balori",0.27790084,9,12
"tuftit",0.25647405,10,13
"amerob",0.8877024,22,25
"normoc",0.38365236,30,33
"houwre",0.99815214,33,36
"yelwar",0.26485634,34,37
"brnthr",0.99302626,41,44
"sonspa",0.98536724,41,44
"norcar",0.58494747,49,52
"chispa",0.3479649,49,52
