"species_code","score","start_offset_sec","end_offset_sec"
"eawpew",0.8218957,4,7
"chiswi",0.98592514,11,14
"blujay",0.40956247,11,14
"robgro",0.36180675,13,16
"amerob",0.9623293,15,18
"norpar",0.7570355,15,18
"acafly",0.9974731,19,22
"woothr",0.3040715,19,22
"carwre",0.40987256,21,24
"pinsis",0.36539215,21,24
