"species_code","score","start_offset_sec","end_offset_sec"
"veery",0.8209861,7,10
"sonspa",0.4230118,12,15
"eastow",0.9310796,17,20
"prawar",0.9980138,19,22
"fiespa",0.99975145,28,31
"comnig",0.54967904,38,41
"eawpew",0.34633866,43,46
"comyel",0.6474285,44,47
"bkcchi",0.97221047,49,52
"ovenbi1",0.9821584,50,53
"whbnut",0.30115265,51,54
"yelwar",0.3230412,52,55
"magwar",0.44440347,53,56
"yerwar",0.8035219,54,57
"reevir1",0.66950494,57,60
"amerob",0.64873683,61,64
"grycat",0.9987172,63,66
