"species_code","score","start_offset_sec","end_offset_sec"
"amered",0.9995317,3,6
"haiwoo",0.87949353,7,10
"leafly",0.995337,8,11
"veery",0.99827296,9,12
"ovenbi1",0.8251381,18,21
"woothr",0.99073815,21,24
"reevir1",0.9646417,25,28
"moudov",0.7223215,25,28
"buwwar",0.9430206,36,39
"cedwax",0.58620226,39,42
