"species_code","score","start_offset_sec","end_offset_sec"
"acafly",0.96260554,0,3
"amecro",0.98960185,5,8
"amerob",0.25928593,20,23
"dowwoo",0.99395657,21,24
"ovenbi1",0.6498635,21,24
"yetvir",0.28105298,23,26
"herthr",0.8826812,29,32
"woothr",0.98065495,31,34
"reevir1",0.9645452,31,34
"tuftit",0.32605729,40,43
"eawpew",0.9731557,43,46
