"species_code","score","start_offset_sec","end_offset_sec"
"rewbla",0.9759381,5,8
"amerob",0.66757834,7,10
"eastow",0.49555075,12,15
"grycat",0.97897965,14,17
"carwre",0.26951313,14,17
"comyel",0.97058445,16,19
"reevir1",0.976553,19,22
"blujay",0.81628364,22,25
"yelwar",0.3654902,22,25
