"species_code","score","start_offset_sec","end_offset_sec"
"comyel",0.6374482,4,7
"robgro",0.61109644,4,7
"amerob",0.27406216,6,9
"yerwar",0.9369544,8,11
"yelwar",0.38722962,19,22
"eastow",0.8008584,20,23
"ovenbi1",0.9953655,24,27
"chispa",0.26523384,39,42
"brncre",0.8765105,43,46
"aldfly",0.95919085,48,51
"bawwar",0.43823126,51,54
"yetwar",0.27503985,51,54
"magwar",0.94829607,53,56
"amered",0.45581147,61,64
"gockin",0.99922293,65,68
"bkcchi",0.9122503,68,71
"reevir1",0.3463136,68,71
