"species_code","score","start_offset_sec","end_offset_sec"
"reevir1",0.9869814,10,13
"winwre3",0.9998513,15,18
"buhvir",0.3044577,21,24
"ovenbi1",0.9958446,39,42
"bkbwar",0.9276475,46,49
"gockin",0.53218746,46,49
"amered",0.42678723,55,58
"babwar",0.55959845,57,60
"magwar",0.9860101,61,64
