"species_code","score","start_offset_sec","end_offset_sec"
"chswar",0.6917242,0,3
"indbun",0.9994385,2,5
"amerob",0.9077139,9,12
"yelwar",0.46294618,9,12
"reevir1",0.27405074,11,14
"sonspa",0.99665403,25,28
"tuftit",0.36247864,26,29
"eastow",0.9980888,27,30
"norcar",0.55106556,27,30
"grycat",0.9964623,29,32
"amegfi",0.91809016,35,38
"rewbla",0.95595294,37,40
"grcfly",0.99563503,42,45
