"species_code","score","start_offset_sec","end_offset_sec"
"rewbla",0.8754374,0,3
"yebcha",0.34792072,4,7
"amerob",0.25946587,5,8
"chiswi",0.9684942,7,10
"norpar",0.313291,7,10
"norcar",0.9394891,10,13
"woothr",0.37117186,10,13
"comyel",0.2717616,10,13
"carwre",0.9955616,17,20
"yelwar",0.9802834,19,22
"grycat",0.78126013,19,22
"amered",0.9984438,22,25
"moudov",0.282903,24,27
