"species_code","score","start_offset_sec","end_offset_sec"
"amecro",0.3479527,0,3
"yebcha",0.6933476,2,5
"amerob",0.26120433,2,5
"chiswi",0.96529084,4,7
"norcar",0.94843745,7,10
"woothr",0.81244546,7,10
"magwar",0.5184178,7,10
"carwre",0.9958652,14,17
"yelwar",0.9845474,17,20
"rewbla",0.6199014,18,21
"amered",0.99822474,19,22
"moudov",0.26211062,23,26
"grycat",0.7835839,25,28
