"species_code","score","start_offset_sec","end_offset_sec"
"norbob",0.962047,2,5
"yebcuc",0.355375,10,13
"yebcha",0.981823,11,14
"amerob",0.61450815,18,21
"ycnher",0.4680577,22,25
"moudov",0.8638301,24,27
"normoc",0.25227875,47,50
"reevir1",0.97640705,55,58
"amegfi",0.78579235,65,68
"carwre",0.98659056,69,72
"norcar",0.9987983,72,75
