"species_code","score","start_offset_sec","end_offset_sec"
"amecro",0.75519174,7,10
"dowwoo",0.9968953,13,16
"yelwar",0.8255719,16,19
"chswar",0.9667149,19,22
"reevir1",0.9461295,22,25
"tuftit",0.58172303,23,26
"yebcuc",0.998687,36,39
"amegfi",0.45720968,36,39
"comyel",0.9988022,39,42
"rebwoo",0.9883566,42,45
"bnhcow",0.94304204,46,49
"bkbwar",0.35936886,47,50
"robgro",0.37231442,58,61
"veery",0.9932766,70,73
"sonspa",0.42982212,73,76
"amerob",0.3638461,93,96
"mallar3",0.6912414,95,98
