"species_code","score","start_offset_sec","end_offset_sec"
"wilfly",0.96060294,0,3
"purfin",0.27953476,0,3
"swaspa",0.977996,1,4
"amegfi",0.41597334,2,5
"buwwar",0.92530555,7,10
"reevir1",0.99268377,11,14
"daejun",0.31414747,11,14
"comyel",0.99599695,18,21
"warvir",0.72432,23,26
"indbun",0.98543924,33,36
"rewbla",0.9971777,35,38
"amerob",0.62051487,38,41
"cedwax",0.9997183,39,42
"tuftit",0.8936017,46,49
"houfin",0.27392516,47,50
