"species_code","score","start_offset_sec","end_offset_sec"
"norpar",0.27530873,4,7
"prowar",0.956392,5,8
"warvir",0.99630946,8,11
"barswa",0.2770719,12,15
"carwre",0.99997216,45,48
"indbun",0.5843321,51,54
"norcar",0.9912,60,63
"reevir1",0.3238652,62,65
"bnhcow",0.9952946,63,66
"eawpew",0.99303913,68,71
"tuftit",0.9969179,76,79
"amecro",0.45667887,76,79
