"species_code","score","start_offset_sec","end_offset_sec"
"swaspa",0.97895813,2,5
"rewbla",0.9986465,4,7
"buwtea",0.2556944,7,10
"yelwar",0.981113,9,12
"warvir",0.910097,12,15
"amerob",0.33752036,15,18
"norwat",0.9932338,18,21
"comyel",0.5892519,20,23
"commer",0.78210086,54,57
"veery",0.5319432,59,62
"blujay",0.9950962,64,67
"yebcha",0.2698373,66,69
"wilfly",0.26617962,68,71
"aldfly",0.9700563,69,72
"wooduc",0.9885336,76,79
"norfli",0.40509915,76,79
