"species_code","score","start_offset_sec","end_offset_sec"
"veery",0.31116515,0,3
"scatan",0.9986093,1,4
"norpar",0.27649814,6,9
"eawpew",0.9975936,8,11
"norcar",0.3239291,11,14
"pinwar",0.9782249,20,23
"rebwoo",0.9485491,20,23
"tuftit",0.99967283,30,33
"acafly",0.9949801,38,41
"ovenbi1",0.9238549,44,47
"reevir1",0.8621094,48,51
"moudov",0.36322647,48,51
"norfli",0.6066224,54,57
"daejun",0.76917636,73,76
