"species_code","score","start_offset_sec","end_offset_sec"
"daejun",0.45633724,12,15
"dowwoo",0.2602863,14,17
"carchi",0.7942419,23,26
"moudov",0.31411496,23,26
"robgro",0.36026323,31,34
"norcar",0.97074884,39,42
"carwre",0.9999266,40,43
"eawpew",0.9851974,68,71
"reevir1",0.44679812,69,72
"amecro",0.93001854,78,81
"eastow",0.72395515,91,94
"chispa",0.281646,95,98
"amerob",0.9686392,113,116
"easpho",0.65162534,118,121
"woothr",0.73345566,125,128
"sonspa",0.5034107,130,133
