"species_code","score","start_offset_sec","end_offset_sec"
"woothr",0.7459412,10,13
"tuftit",0.60745174,17,20
"carchi",0.99982846,19,22
"rebwoo",0.98875874,19,22
"bnhcow",0.5173186,24,27
"amecro",0.96978414,25,28
"reevir1",0.28990528,26,29
"houfin",0.38385978,32,35
"norcar",0.563696,37,40
"carwre",0.99784815,41,44
"bkcchi",0.81758505,44,47
"amerob",0.9866373,46,49
"warvir",0.30699837,56,59
"sonspa",0.28244907,63,66
"eawpew",0.988645,64,67
