"species_code","score","start_offset_sec","end_offset_sec"
"houspa",0.38580367,1,4
"norcar",0.31680304,3,6
"grycat",0.7449387,4,7
"wilfly",0.93962973,6,9
"sonspa",0.6196581,6,9
"yebcha",0.49963498,6,9
"yelwar",0.9872811,7,10
"brnthr",0.8935029,8,11
"rewbla",0.42345423,9,12
"blujay",0.63956684,10,13
"normoc",0.99372923,15,18
"amegfi",0.98015773,19,22
"amerob",0.8058591,19,22
"robgro",0.28927162,24,27
