"species_code","score","start_offset_sec","end_offset_sec"
"barswa",0.9965129,2,5
"comyel",0.40866974,5,8
"yerwar",0.25776988,6,9
"swaspa",0.46343985,8,11
"rewbla",0.2715819,10,13
"ovenbi1",0.3827354,13,16
"amegfi",0.37520093,14,17
"tuftit",0.66850084,17,20
"chispa",0.55129033,19,22
"cedwax",0.9978056,20,23
"daejun",0.6567898,20,23
"amerob",0.3233729,23,26
"sonspa",0.9900496,25,28
"reevir1",0.99676734,30,33
