"species_code","score","start_offset_sec","end_offset_sec"
"chispa",0.7174178,0,3
"eawpew",0.54304576,0,3
"killde",0.40613124,1,4
"whevir",0.89237434,3,6
"eastow",0.9705416,5,8
"sonspa",0.7215698,6,9
"rewbla",0.6072675,7,10
"brnthr",0.25683692,14,17
"normoc",0.9329518,18,21
"carwre",0.89022225,21,24
"fiespa",0.49739027,23,26
"indbun",0.7206914,25,28
"yebcha",0.9922662,26,29
