"species_code","score","start_offset_sec","end_offset_sec"
"norpar",0.37077907,1,4
"naswar",0.3434128,20,23
"sonspa",0.7455353,21,24
"amegfi",0.3879235,30,33
"bawwar",0.25773853,33,36
"tuftit",0.7204513,34,37
"indbun",0.9957956,36,39
"yelwar",0.9122649,46,49
"cedwax",0.996897,48,51
"reevir1",0.9671743,62,65
"comyel",0.64831144,65,68
"chswar",0.9818319,76,79
"amered",0.9949411,79,82
"amerob",0.7701621,87,90
