"species_code","score","start_offset_sec","end_offset_sec"
"norcar",0.8340378,19,22
"amered",0.4471492,60,63
"norfli",0.9700815,66,69
"bkcchi",0.91830397,89,92
"chswar",0.99627763,93,96
"reevir1",0.99086493,99,102
"ovenbi1",0.9869979,100,103
"bkbwar",0.99427116,109,112
