"species_code","score","start_offset_sec","end_offset_sec"
"chswar",0.84880996,0,3
"amecro",0.9045774,8,11
"yelwar",0.36790666,15,18
"herthr",0.3721086,19,22
"rewbla",0.68108726,38,41
"amered",0.99414796,50,53
"comyel",0.8990904,138,141
"reevir1",0.9409565,144,147
"cedwax",0.9923337,146,149
"bkbcuc",0.35919112,163,166
