"species_code","score","start_offset_sec","end_offset_sec"
"amerob",0.93756217,3,6
"norcar",0.99460286,7,10
"yelwar",0.68268067,12,15
"wilfly",0.99621993,16,19
"rewbla",0.38190126,16,19
"tuftit",0.3213518,27,30
"blugrb1",0.99946976,34,37
"warvir",0.36360088,39,42
"amegfi",0.74299794,55,58
