"species_code","score","start_offset_sec","end_offset_sec"
"moudov",0.46893883,5,8
"grycat",0.68587047,9,12
"veery",0.99984217,10,13
"rebwoo",0.9521549,12,15
"amerob",0.93155015,22,25
"reevir1",0.73020554,23,26
"woothr",0.9035174,26,29
"haiwoo",0.84754,35,38
"tuftit",0.45027962,36,39
"dowwoo",0.8414883,41,44
