"species_code","score","start_offset_sec","end_offset_sec"
"cedwax",0.3235408,2,5
"indbun",0.6010086,6,9
"eawpew",0.99203974,9,12
"yebcha",0.7656373,9,12
"carwre",0.5172345,9,12
"yetvir",0.45699555,9,12
"balori",0.315299,10,13
"chswar",0.29021373,10,13
"warvir",0.872024,13,16
"rewbla",0.9707222,15,18
"woothr",0.93374586,17,20
"yelwar",0.9967472,21,24
"amerob",0.99340326,22,25
"reevir1",0.44583258,26,29
"grycat",0.6323379,30,33
