"species_code","score","start_offset_sec","end_offset_sec"
"dowwoo",0.9723699,6,9
"sonspa",0.51236004,6,9
"houfin",0.63917935,8,11
"grcfly",0.9952599,21,24
"houspa",0.32575154,29,32
"cedwax",0.9951847,39,42
"rewbla",0.49020398,39,42
"yelwar",0.9768864,43,46
"bnhcow",0.8710784,44,47
"amerob",0.8808219,49,52
"blujay",0.25912917,49,52
"tuftit",0.33875766,51,54
"normoc",0.25904912,52,55
