"species_code","score","start_offset_sec","end_offset_sec"
"fiespa",0.33243605,2,5
"warvir",0.2687713,6,9
"easpho",0.9883932,10,13
"rewbla",0.614994,10,13
"amerob",0.7463713,20,23
"grycat",0.347305,20,23
"comyel",0.95427793,21,24
"sonspa",0.9959296,28,31
"veery",0.8627579,28,31
"moudov",0.3362465,40,43
"norcar",0.9977432,41,44
"chispa",0.6733428,47,50
"eastow",0.8505925,48,51
"brnthr",0.2950478,54,57
