"species_code","score","start_offset_sec","end_offset_sec"
"tuftit",0.6688032,6,9
"ovenbi1",0.9343426,14,17
"eawpew",0.9022445,17,20
"reevir1",0.996375,24,27
"blujay",0.44149557,25,28
"sonspa",0.7806394,29,32
"herthr",0.3577829,33,36
"hoowar",0.99000055,35,38
"kenwar",0.37508002,36,39
"woothr",0.99917257,48,51
