"species_code","score","start_offset_sec","end_offset_sec"
"magwar",0.6265088,2,5
"hoowar",0.30299684,2,5
"woothr",0.99995816,11,14
"rebwoo",0.92783654,14,17
"cedwax",0.4414162,24,27
"ovenbi1",0.9962025,31,34
"scatan",0.9408626,35,38
"reevir1",0.9594882,37,40
"eawpew",0.9950295,40,43
"brncre",0.9967232,43,46
"cangoo",0.4607142,44,47
