"species_code","score","start_offset_sec","end_offset_sec"
"norcar",0.82782763,0,3
"houwre",0.49400252,1,4
"ovenbi1",0.35660124,3,6
"buhvir",0.26210302,3,6
"bkcchi",0.67214555,5,8
"woothr",0.97788876,8,11
"whbnut",0.9892529,11,14
"brdowl",0.2841961,16,19
"reevir1",0.9950925,17,20
"carchi",0.25093406,18,21
"comyel",0.7768305,21,24
"mouwar",0.9692724,24,27
"eawpew",0.99991286,27,30
"tuftit",0.3729977,28,31
