"species_code","score","start_offset_sec","end_offset_sec"
"houwre",0.45769188,2,5
"buggna",0.43694985,5,8
"ovenbi1",0.34733889,7,10
"carwre",0.38016388,11,14
"bkcchi",0.99242437,12,15
"rewbla",0.6575602,12,15
"norcar",0.63666815,35,38
"houfin",0.77385503,43,46
"comrav",0.9999146,48,51
"normoc",0.31525025,51,54
