"species_code","score","start_offset_sec","end_offset_sec"
"pinwar",0.97737455,1,4
"houwre",0.57350796,12,15
"carchi",0.44489622,26,29
"rewbla",0.3959893,37,40
"whbnut",0.46284503,50,53
"tuftit",0.9901874,78,81
"reevir1",0.37412086,79,82
"sumtan",0.3498107,86,89
"norcar",0.31694368,95,98
"carwre",0.9995771,100,103
