"species_code","score","start_offset_sec","end_offset_sec"
"norcar",0.9923163,11,14
"indbun",0.88908964,14,17
"osprey",0.49549115,16,19
"prawar",0.9994254,18,21
"tuftit",0.3934383,33,36
"comyel",0.997433,35,38
"sonspa",0.822671,36,39
"fiespa",0.7660177,41,44
"blujay",0.27693725,51,54
"yebcha",0.8541581,55,58
"amegfi",0.69441056,55,58
