"species_code","score","start_offset_sec","end_offset_sec"
"carwre",0.82046604,1,4
"sonspa",0.8202323,2,5
"rewbla",0.9966652,3,6
"orcori",0.5766165,4,7
"balori",0.98297733,5,8
"norcar",0.6688581,5,8
"amegfi",0.96596366,6,9
"buggna",0.7164475,7,10
"bkcchi",0.96540695,11,14
"amerob",0.872217,11,14
"robgro",0.9973837,14,17
"purfin",0.9774463,19,22
"warvir",0.34590665,25,28
