"species_code","score","start_offset_sec","end_offset_sec"
"fiespa",0.99946296,7,10
"yelwar",0.3962395,9,12
"easmea",0.28308606,18,21
"yetwar",0.55665237,19,22
"sonspa",0.89259213,25,28
"indbun",0.7439342,28,31
"chispa",0.936207,30,33
"grcfly",0.9231598,33,36
"amecro",0.27576637,34,37
"amerob",0.339381,35,38
"moudov",0.9784401,39,42
"brnthr",0.5678445,40,43
"norcar",0.9884739,41,44
