"species_code","score","start_offset_sec","end_offset_sec"
"amerob",0.82859117,19,22
"herthr",0.40759152,19,22
"brncre",0.40431908,20,23
"henspa",0.99743605,23,26
"normoc",0.2660101,28,31
"brnthr",0.25049376,29,32
"swaspa",0.54241204,30,33
"yelwar",0.33301684,31,34
"bnhcow",0.30722272,33,36
"rewbla",0.49471968,34,37
