"species_code","score","start_offset_sec","end_offset_sec"
"rewbla",0.99285215,4,7
"eawpew",0.95828915,6,9
"cedwax",0.99912715,7,10
"eastow",0.77911437,8,11
"yelwar",0.99357176,15,18
"amegfi",0.7401137,20,23
"amered",0.2843066,22,25
"reevir1",0.28753254,23,26
"amecro",0.8971839,25,28
"sonspa",0.9867464,26,29
"swaspa",0.9976342,30,33
"grycat",0.99989456,32,35
"comyel",0.97782975,32,35
"chswar",0.67310554,34,37
"veery",0.61285377,34,37
