"species_code","score","start_offset_sec","end_offset_sec"
"comyel",0.99534106,2,5
"grycat",0.26488996,10,13
"rebwoo",0.96062595,15,18
"amegfi",0.26653317,16,19
"cedwax",0.6018287,19,22
"yelwar",0.99661034,24,27
"rewbla",0.9683178,24,27
"houwre",0.9979168,29,32
"amerob",0.998886,30,33
"chswar",0.44449884,33,36
