"species_code","score","start_offset_sec","end_offset_sec"
"blujay",0.6860803,1,4
"rewbla",0.8976805,6,9
"buggna",0.91255623,10,13
"amered",0.88763636,19,22
"eawpew",0.9886692,20,23
"grycat",0.9601228,24,27
"norfli",0.54719764,31,34
"carwre",0.32893807,31,34
"norcar",0.3659191,35,38
"orcori",0.45138866,36,39
"prowar",0.99802625,37,40
"balori",0.43146002,40,43
