"species_code","score","start_offset_sec","end_offset_sec"
"reevir1",0.819514,0,3
"woothr",0.9261717,8,11
"yetvir",0.8246408,8,11
"chswar",0.9377446,13,16
"bkbwar",0.8952366,16,19
"gockin",0.27402017,19,22
"buhvir",0.99462706,21,24
"blujay",0.7343657,27,30
"norpar",0.38604113,27,30
"tuftit",0.273205,27,30
"ovenbi1",0.31192964,28,31
"btbwar",0.37791333,29,32
