"species_code","score","start_offset_sec","end_offset_sec"
"amerob",0.5806503,5,8
"yelwar",0.47687456,10,13
"woothr",0.99947983,12,15
"carwre",0.6723785,17,20
"comyel",0.9465824,18,21
"amered",0.99953777,20,23
"balori",0.38187996,21,24
"grycat",0.9994068,23,26
"rewbla",0.67946106,24,27
