"species_code","score","start_offset_sec","end_offset_sec"
"bkbwar",0.52423996,1,4
"norcar",0.35767475,3,6
"bawwar",0.2983527,3,6
"amered",0.26682997,4,7
"yetvir",0.748204,5,8
"buhvir",0.9277644,9,12
"eastow",0.95890623,10,13
"buggna",0.53054255,13,16
"carchi",0.59696776,17,20
"chswar",0.99154055,20,23
"reevir1",0.996192,26,29
"woothr",0.98583037,26,29
"amecro",0.97328746,26,29
