"species_code","score","start_offset_sec","end_offset_sec"
"cangoo",0.2705794,2,5
"blugrb1",0.38676807,15,18
"rewbla",0.92176545,23,26
"amecro",0.95782846,35,38
"norcar",0.96463513,38,41
"easkin",0.9995494,42,45
"warvir",0.9900099,69,72
"whwdov",0.26268983,73,76
"moudov",0.99713945,86,89
"blujay",0.30277935,91,94
"eursta",0.48695052,92,95
"comgra",0.46127674,92,95
