"species_code","score","start_offset_sec","end_offset_sec"
"fiespa",0.43381,163,166
"eawpew",0.9352332,165,168
"btnwar",0.36599958,224,227
"woothr",0.9999996,228,231
"veery",0.6589251,338,341
"grcfly",0.7473738,340,343
"rewbla",0.62172294,538,541
"normoc",0.3030078,561,564
"norcar",0.65405315,572,575
"carwre",0.6154812,674,677
"yebcha",0.4090365,703,706
"comyel",0.34796783,705,708
"amerob",0.73543525,793,796
"eastow",0.5155955,795,798
"easpho",0.9994879,797,800
