"species_code","score","start_offset_sec","end_offset_sec"
"eawpew",0.52738655,6,9
"indbun",0.9178589,7,10
"easpho",0.8305856,7,10
"rewbla",0.88012975,8,11
"orcori",0.3899575,8,11
"sonspa",0.9533303,18,21
"easkin",0.44538406,19,22
"blujay",0.9974577,21,24
"amerob",0.9819393,23,26
"rebwoo",0.99678534,25,28
"eursta",0.9605676,27,30
"eucdov",0.2964532,28,31
"graspa",0.99814546,30,33
"normoc",0.9342213,34,37
