"species_code","score","start_offset_sec","end_offset_sec"
"grycat",0.9998276,7,10
"blujay",0.5749259,9,12
"eastow",0.361337,16,19
"tuftit",0.47399318,32,35
"reevir1",0.6765166,35,38
"reshaw",0.30426168,36,39
"woothr",0.5767486,41,44
"amerob",0.9703695,42,45
"norcar",0.98146874,48,51
"carchi",0.42316955,48,51
"veery",0.99958783,53,56
