"species_code","score","start_offset_sec","end_offset_sec"
"fiespa",0.99610806,4,7
"whbnut",0.9728892,4,7
"amecro",0.9890818,5,8
"rewbla",0.33966297,6,9
"yelwar",0.2821911,9,12
"comyel",0.9946793,10,13
"yebcha",0.98601323,13,16
"amerob",0.96224946,14,17
"carwre",0.48750293,15,18
"sonspa",0.9386838,17,20
"houfin",0.27607653,17,20
