"species_code","score","start_offset_sec","end_offset_sec"
"grycat",0.9990185,13,16
"robgro",0.61889285,16,19
"bkcchi",0.26630372,16,19
"cedwax",0.76162094,18,21
"eursta",0.29611796,21,24
"comgal1",0.2638,21,24
"norcar",0.66291344,28,31
"reevir1",0.49445376,28,31
"amerob",0.72185445,38,41
