"species_code","score","start_offset_sec","end_offset_sec"
"rethaw",0.99617016,1,4
"bkcchi",0.5370329,1,4
"amerob",0.9980156,7,10
"warvir",0.7316952,17,20
"sonspa",0.9914501,20,23
"blujay",0.9446814,21,24
"barswa",0.49682096,26,29
"norcar",0.2636661,31,34
"amegfi",0.9882129,37,40
"grycat",0.97871584,40,43
"comyel",0.8223604,43,46
"brnthr",0.45771822,46,49
"rewbla",0.4534622,46,49
"amered",0.7249949,51,54
