"species_code","score","start_offset_sec","end_offset_sec"
"swaspa",0.36683688,10,13
"bkcchi",0.9788461,19,22
"gockin",0.36561817,23,26
"rewbla",0.34877932,42,45
"carchi",0.9786654,46,49
"blujay",0.25828335,46,49
"carwre",0.67901486,84,87
"tuftit",0.33526513,84,87
"woothr",0.9992165,87,90
"comnig",0.38307974,116,119
