"species_code","score","start_offset_sec","end_offset_sec"
"houwre",0.34068808,2,5
"rewbla",0.37154293,3,6
"houspa",0.9781355,10,13
"normoc",0.43041855,27,30
"comgra",0.26389578,27,30
"woothr",0.9996346,30,33
"houfin",0.6951459,30,33
"amerob",0.3436052,33,36
"eursta",0.32256454,38,41
"rthhum",0.92380255,57,60
