"species_code","score","start_offset_sec","end_offset_sec"
"fiespa",0.99062216,0,3
"easblu",0.9991836,3,6
"amegfi",0.77207994,18,21
"houwre",0.28927487,18,21
"balori",0.33644888,19,22
"warvir",0.7340905,23,26
"carwre",0.30770048,25,28
"grycat",0.3648569,29,32
"amerob",0.30232498,29,32
"indbun",0.9986862,31,34
"norcar",0.2713259,34,37
"wesmea",0.6574512,35,38
"eawpew",0.9689665,43,46
"sonspa",0.6323026,47,50
"vesspa",0.9907027,49,52
"eastow",0.45830786,53,56
