"species_code","score","start_offset_sec","end_offset_sec"
"comgra",0.98138165,0,3
"rebwoo",0.3066786,6,9
"yetvir",0.818206,10,13
"norcar",0.9981844,23,26
"blujay",0.28502703,33,36
"amerob",0.78683305,43,46
"scatan",0.5464774,45,48
"tuftit",0.29801726,48,51
"carwre",0.46472162,49,52
"indbun",0.99973214,51,54
"amecro",0.93255717,57,60
