"species_code","score","start_offset_sec","end_offset_sec"
"fiespa",0.98931396,11,14
"yelwar",0.35362476,35,38
"reevir1",0.9975699,52,55
"dowwoo",0.9956616,57,60
"magwar",0.91649234,59,62
"ovenbi1",0.4881912,63,66
"comyel",0.7159669,65,68
"daejun",0.40067345,67,70
"yetwar",0.569105,74,77
