"species_code","score","start_offset_sec","end_offset_sec"
"indbun",0.9969518,2,5
"eawpew",0.96494853,8,11
"grycat",0.9672472,14,17
"moudov",0.5272527,14,17
"dickci",0.7467077,17,20
"eastow",0.4741846,18,21
"norcar",0.96949136,21,24
"sonspa",0.9984573,22,25
"fiespa",0.8967447,22,25
"comgra",0.8133641,27,30
