"species_code","score","start_offset_sec","end_offset_sec"
"sonspa",0.98957306,0,3
"indbun",0.8118852,1,4
"eastow",0.88219714,4,7
"kinrai4",0.29450032,6,9
"rewbla",0.9745495,8,11
"fiscro",0.35786694,8,11
"comgra",0.3947145,9,12
"dowwoo",0.59738714,16,19
"blujay",0.869408,33,36
"whtspa",0.34112144,34,37
"carwre",0.9842372,36,39
"amegfi",0.8386456,44,47
"norcar",0.9565308,45,48
"amerob",0.9062542,46,49
"houspa",0.5761211,47,50
"amecro",0.446292,49,52
"tuftit",0.889673,55,58
