"species_code","score","start_offset_sec","end_offset_sec"
"rewbla",0.9885525,7,10
"norpar",0.45358282,10,13
"brnthr",0.372019,10,13
"normoc",0.6661507,19,22
"houspa",0.34077868,19,22
"grycat",0.95183617,20,23
"norcar",0.96318036,25,28
"amerob",0.28768888,27,30
"chswar",0.2952722,28,31
"comgra",0.97133076,32,35
"carwre",0.70985323,39,42
"indbun",0.33852136,47,50
"amegfi",0.8394865,51,54
"yelwar",0.999874,55,58
