"species_code","score","start_offset_sec","end_offset_sec"
"comgra",0.9926412,6,9
"sonspa",0.7877351,6,9
"rewbla",0.64971596,7,10
"norfli",0.77641994,9,12
"norcar",0.9446703,18,21
"houspa",0.6183583,18,21
"tuftit",0.37407506,19,22
"graspa",0.9989218,23,26
"eursta",0.74816096,27,30
"yelwar",0.28179574,29,32
"normoc",0.42391294,30,33
"amerob",0.7194385,33,36
"orcori",0.86466914,37,40
