"species_code","score","start_offset_sec","end_offset_sec"
"reevir1",0.36107042,5,8
"fiespa",0.9980376,9,12
"yerwar",0.30673388,11,14
"woothr",0.25639334,15,18
"amegfi",0.99997675,16,19
"sonspa",0.997535,40,43
"eastow",0.27974826,44,47
"naswar",0.9929977,52,55
"veery",0.9829439,58,61
"comyel",0.75571924,60,63
"vesspa",0.27586797,60,63
"amerob",0.87038887,61,64
