"species_code","score","start_offset_sec","end_offset_sec"
"moudov",0.98339653,14,17
"reevir1",0.8622119,14,17
"sonspa",0.9908856,22,25
"cedwax",0.655316,26,29
"rewbla",0.8000152,32,35
"warvir",0.48728547,33,36
"amerob",0.9422668,39,42
"amered",0.8731724,41,44
"amegfi",0.30321926,41,44
"yelwar",0.8273129,48,51
"comyel",0.9956662,49,52
"amecro",0.6410285,51,54
