"species_code","score","start_offset_sec","end_offset_sec"
"scatan",0.996216,1,4
"rebwoo",0.99427116,16,19
"carwre",0.91775256,18,21
"norcar",0.37821257,19,22
"yebcuc",0.9889427,21,24
"tuftit",0.69769174,30,33
"whbnut",0.96734554,37,40
"veery",0.26327205,40,43
"reevir1",0.9992671,43,46
"acafly",0.77683455,47,50
"grcfly",0.46308988,51,54
