"species_code","score","start_offset_sec","end_offset_sec"
"yetwar",0.35388514,3,6
"moudov",0.9759999,5,8
"yebsap",0.5719647,8,11
"chswar",0.8260844,9,12
"comyel",0.79403317,9,12
"scatan",0.9848851,13,16
"rewbla",0.56543136,14,17
"magwar",0.99812007,32,35
"amerob",0.27763322,37,40
"yelwar",0.62744296,45,48
"swaspa",0.2838971,47,50
"bkbwar",0.90713954,50,53
"ovenbi1",0.98639506,63,66
"daejun",0.9827664,68,71
"gockin",0.61981374,70,73
"yerwar",0.52649647,74,77
"reevir1",0.9861902,75,78
