"species_code","score","start_offset_sec","end_offset_sec"
"ovenbi1",0.69278216,0,3
"amerob",0.2794371,8,11
"reevir1",0.9871272,24,27
"comyel",0.8963207,27,30
"rewbla",0.2527812,33,36
"rehwoo",0.8103427,37,40
"yebsap",0.9709004,52,55
"gockin",0.31788212,64,67
"rinduc",0.36978495,70,73
"magwar",0.98296523,73,76
"amecro",0.27415073,77,80
