"species_code","score","start_offset_sec","end_offset_sec"
"rebwoo",0.9998727,0,3
"tuftit",0.9856712,7,10
"norcar",0.7865246,7,10
"bkcchi",0.7863265,9,12
"reevir1",0.98077,16,19
"cedwax",0.5477512,21,24
"yetvir",0.28502798,25,28
"brnthr",0.32174537,27,30
"amerob",0.8206773,28,31
"normoc",0.2876004,41,44
"comgra",0.35105467,43,46
