"species_code","score","start_offset_sec","end_offset_sec"
"carwre",0.6984239,0,3
"blugrb1",0.99443746,3,6
"norcar",0.45635375,13,16
"easblu",0.26088387,17,20
"indbun",0.99975425,21,24
"fiespa",0.28950545,27,30
"eawpew",0.7669626,39,42
"amegfi",0.6039848,40,43
"amerob",0.28649634,42,45
"amecro",0.35185358,44,47
"normoc",0.38524726,48,51
