"species_code","score","start_offset_sec","end_offset_sec"
"ovenbi1",0.32925764,1,4
"eawpew",0.99533904,3,6
"cedwax",0.99349046,5,8
"reevir1",0.9711887,6,9
"buggna",0.45299864,8,11
"bkcchi",0.9984918,18,21
"yerwar",0.37298486,19,22
"comyel",0.9918073,22,25
"yebsap",0.8850985,23,26
"buhvir",0.70419806,23,26
"olsfly",0.9969097,27,30
"daejun",0.32206318,27,30
