"species_code","score","start_offset_sec","end_offset_sec"
"fiespa",0.88359845,1,4
"comyel",0.98769337,5,8
"amecro",0.75710195,5,8
"amegfi",0.7739342,6,9
"sonspa",0.83281296,9,12
"balori",0.26815477,11,14
"woothr",0.93647987,14,17
"normoc",0.29089373,19,22
"yebcha",0.67903894,20,23
"eastow",0.9990398,22,25
