"species_code","score","start_offset_sec","end_offset_sec"
"woothr",0.8403809,0,3
"scatan",0.26665285,1,4
"amerob",0.50224274,10,13
"swaspa",0.95018303,12,15
"robgro",0.99430126,14,17
"balori",0.28484127,17,20
"yelwar",0.9795245,18,21
"sonspa",0.90961176,19,22
"aldfly",0.985488,20,23
"reevir1",0.39799815,21,24
"chswar",0.6085625,29,32
