"species_code","score","start_offset_sec","end_offset_sec"
"ovenbi1",0.8078661,0,3
"bkcchi",0.74748176,1,4
"easblu",0.90356916,2,5
"daejun",0.47168562,5,8
"magwar",0.8022056,6,9
"gockin",0.9884563,10,13
"comyel",0.630614,11,14
"herthr",0.906132,13,16
"brncre",0.9895936,19,22
"reevir1",0.45559964,19,22
"buhvir",0.97009295,21,24
