"species_code","score","start_offset_sec","end_offset_sec"
"rewbla",0.5995429,2,5
"eastow",0.44976285,3,6
"whevir",0.9992059,10,13
"houwre",0.40405738,12,15
"sonspa",0.8683815,13,16
"grycat",0.40916616,19,22
"amerob",0.29997766,26,29
"comyel",0.8464291,27,30
"yebcha",0.8213018,27,30
"norcar",0.8416839,28,31
"brnthr",0.7485028,28,31
"reevir1",0.83403873,30,33
"indbun",0.8562111,31,34
"fiespa",0.99987274,33,36
