"species_code","score","start_offset_sec","end_offset_sec"
"veery",0.9999993,1,4
"chswar",0.26997986,4,7
"normoc",0.3687054,14,17
"amecro",0.31669185,19,22
"comrav",0.67443925,21,24
"comyel",0.99975795,23,26
"amerob",0.7618304,25,28
"eastow",0.9965287,30,33
"scatan",0.7444367,34,37
"yelwar",0.5162125,40,43
"sonspa",0.6824715,43,46
