"species_code","score","start_offset_sec","end_offset_sec"
"blujay",0.81665,7,10
"eastow",0.9672883,9,12
"tuftit",0.75595766,9,12
"warvir",0.31424102,11,14
"carwre",0.50951046,14,17
"grcfly",0.56679106,15,18
"comyel",0.6128692,21,24
"rewbla",0.5050794,29,32
"norcar",0.96669626,31,34
"indbun",0.99274474,32,35
"sonspa",0.26806325,35,38
"fiespa",0.9979702,36,39
"prawar",0.6630723,36,39
"reevir1",0.98037404,37,40
"woothr",0.8839533,39,42
"amecro",0.9733902,41,44
