"species_code","score","start_offset_sec","end_offset_sec"
"bkcchi",0.9167662,14,17
"cedwax",0.49426785,15,18
"reevir1",0.567762,82,85
"canwar",0.2645702,94,97
"gockin",0.99974155,116,119
"brncre",0.41158265,137,140
"daejun",0.779229,145,148
"buhvir",0.79624885,148,151
