"species_code","score","start_offset_sec","end_offset_sec"
"amerob",0.9979529,5,8
"carwre",0.76926744,5,8
"eawpew",0.39390415,5,8
"acafly",0.9987803,26,29
"swathr",0.35479933,34,37
"woothr",0.9411137,36,39
"rewbla",0.34175792,39,42
"norcar",0.9561585,44,47
"blujay",0.7527929,45,48
"grycat",0.79880357,46,49
