"species_code","score","start_offset_sec","end_offset_sec"
"veery",0.99985015,15,18
"chswar",0.9702129,42,45
"amecro",0.30460852,45,48
"houwre",0.7783834,54,57
"reevir1",0.88357645,61,64
"bkcchi",0.5137009,61,64
"scatan",0.48650986,68,71
"comyel",0.97927016,79,82
"magwar",0.6146517,90,93
"grycat",0.9915073,101,104
"amerob",0.3961933,110,113
"yetvir",0.29884848,110,113
