"species_code","score","start_offset_sec","end_offset_sec"
"amerob",0.74960387,1,4
"rewbla",0.26646948,4,7
"amered",0.8543194,12,15
"comyel",0.92113465,23,26
"magwar",0.3273107,34,37
"yelwar",0.41161466,39,42
"chswar",0.996704,42,45
"veery",0.9992035,56,59
"norcar",0.37881124,66,69
"reevir1",0.7955793,77,80
"grycat",0.99983937,78,81
"eastow",0.9646733,80,83
"houwre",0.46322408,80,83
"amegfi",0.9757477,86,89
"sonspa",0.68691593,86,89
