"species_code","score","start_offset_sec","end_offset_sec"
"carwre",0.8001007,0,3
"blujay",0.8170162,3,6
"norcar",0.88457847,6,9
"balori",0.38974464,16,19
"normoc",0.40728262,19,22
"grycat",0.87166005,29,32
"sonspa",0.9505751,33,36
"carchi",0.94405794,35,38
"tuftit",0.7637156,37,40
"amerob",0.9213674,39,42
"whbnut",0.99883753,40,43
"bkcchi",0.8299415,42,45
"amegfi",0.9981587,44,47
