"species_code","score","start_offset_sec","end_offset_sec"
"amerob",0.94863886,1,4
"fiespa",0.4357158,3,6
"normoc",0.27950066,4,7
"carwre",0.6471943,5,8
"norcar",0.9635089,6,9
"tuftit",0.7428679,6,9
"balori",0.49846247,9,12
"grycat",0.30406454,9,12
"amegfi",0.9778561,11,14
"bkcchi",0.3251241,14,17
"carchi",0.33534306,18,21
"sonspa",0.97922766,19,22
"eawpew",0.34037423,22,25
