"species_code","score","start_offset_sec","end_offset_sec"
"bnhcow",0.78437173,2,5
"eastow",0.29814222,2,5
"fiespa",0.94662136,7,10
"yebcha",0.2745993,7,10
"purmar",0.25878516,7,10
"houwre",0.99962664,9,12
"amegfi",0.39840144,9,12
"rewbla",0.6501244,13,16
"carwre",0.37454724,13,16
"norcar",0.28218624,13,16
"amecro",0.9827672,14,17
"sonspa",0.38984123,17,20
"comyel",0.99837816,25,28
