"species_code","score","start_offset_sec","end_offset_sec"
"woothr",0.9184472,2,5
"amegfi",0.9958931,3,6
"rewbla",0.3095568,3,6
"whevir",0.990247,12,15
"houfin",0.3442669,12,15
"carwre",0.26701438,16,19
"bkcchi",0.2592051,24,27
"easkin",0.61575437,35,38
"indbun",0.9918096,41,44
"norcar",0.9926864,43,46
"normoc",0.9006542,47,50
"grycat",0.9975522,48,51
"amerob",0.9357498,49,52
"buggna",0.819033,54,57
