"species_code","score","start_offset_sec","end_offset_sec"
"easblu",0.59853286,9,12
"herthr",0.5724848,15,18
"balori",0.99782616,20,23
"blujay",0.9922364,36,39
"cedwax",0.39456245,50,53
"houspa",0.7907365,68,71
"chiswi",0.9994852,71,74
"mallar3",0.27278015,97,100
"amerob",0.39441073,113,116
"grycat",0.99966025,116,119
"carwre",0.8715672,132,135
"normoc",0.9996908,135,138
"norcar",0.64217114,143,146
