"species_code","score","start_offset_sec","end_offset_sec"
"cangoo",0.96363676,0,3
"houwre",0.6605062,5,8
"indbun",0.2762496,6,9
"fiespa",0.93951404,7,10
"eastow",0.29250208,10,13
"solsan",0.70497143,13,16
"rewbla",0.27957734,15,18
"chispa",0.75523293,21,24
"carwre",0.26151147,23,26
"norcar",0.95251346,25,28
"normoc",0.2508151,26,29
"blugrb1",0.99138093,31,34
