"species_code","score","start_offset_sec","end_offset_sec"
"sonspa",0.9940678,6,9
"veery",0.33140242,48,51
"cangoo",0.7026478,88,91
"osprey",0.9994172,94,97
"comyel",0.8019141,194,197
"comgal1",0.37297344,322,325
"whtspa",0.2929969,326,329
"virrai",0.8099564,333,336
"bkcchi",0.39263493,343,346
"rewbla",0.99546456,352,355
"amerob",0.6069173,353,356
"comgra",0.76831365,418,421
