"species_code","score","start_offset_sec","end_offset_sec"
"eastow",0.99793917,1,4
"easblu",0.9833313,10,13
"chispa",0.34050852,11,14
"swathr",0.31102586,22,25
"amegfi",0.9683846,23,26
"rewbla",0.93247366,23,26
"normoc",0.28025094,26,29
"grycat",0.44357938,64,67
"amerob",0.8382391,71,74
"houfin",0.41222632,72,75
"sonspa",0.9930642,73,76
"fiespa",0.29174304,95,98
"blujay",0.59249675,103,106
"savspa",0.27326393,105,108
"comgra",0.29539257,113,116
