"species_code","score","start_offset_sec","end_offset_sec"
"cedwax",0.61609095,0,3
"norpar",0.9067683,1,4
"magwar",0.9938655,7,10
"comyel",0.77780426,9,12
"prawar",0.9588076,10,13
"reevir1",0.99892646,19,22
"sonspa",0.9385322,19,22
"bkcchi",0.32485124,19,22
"amecro",0.8273762,22,25
"yelwar",0.74346745,22,25
