"species_code","score","start_offset_sec","end_offset_sec"
"pinwar",0.8554138,0,3
"buggna",0.42798895,0,3
"fiespa",0.9592523,12,15
"norcar",0.4059001,14,17
"blujay",0.9242211,16,19
"whbnut",0.99673337,18,21
"grycat",0.9985135,30,33
"amegfi",0.9876174,34,37
"bkcchi",0.7284261,38,41
"savspa",0.41929704,41,44
"tuftit",0.29742843,42,45
"carchi",0.26826355,43,46
"eastow",0.9713897,44,47
