"species_code","score","start_offset_sec","end_offset_sec"
"tuftit",0.997636,0,3
"swathr",0.2899975,4,7
"easpho",0.5648374,7,10
"bkcchi",0.96494776,13,16
"amegfi",0.33550268,29,32
"norcar",0.7172939,30,33
"amered",0.60374266,43,46
"hoowar",0.32570955,44,47
"eawpew",0.9852888,45,48
"magwar",0.64717895,64,67
"sonspa",0.33698466,70,73
"blujay",0.48685038,81,84
"eastow",0.9998652,90,93
"reevir1",0.6282344,138,141
"carchi",0.35719925,142,145
