"species_code","score","start_offset_sec","end_offset_sec"
"grycat",0.5510351,2,5
"tuftit",0.49680248,18,21
"blujay",0.3250131,28,31
"easpho",0.5542975,29,32
"cedwax",0.29738563,40,43
"amegfi",0.99600255,45,48
"bkcchi",0.8281979,45,48
"norcar",0.41101977,50,53
"chiswi",0.93337274,52,55
