"species_code","score","start_offset_sec","end_offset_sec"
"brnthr",0.96404797,2,5
"norcar",0.9091708,2,5
"carwre",0.9988913,22,25
"eawpew",0.95523745,24,27
"whbnut",0.9232043,36,39
"amerob",0.97686934,41,44
"dowwoo",0.834339,43,46
"rebwoo",0.99451166,54,57
"bkcchi",0.29944798,56,59
"reevir1",0.34423673,68,71
