"species_code","score","start_offset_sec","end_offset_sec"
"naswar",0.91866046,13,16
"blujay",0.99720883,14,17
"bkcchi",0.36051497,81,84
"whtspa",0.9929757,87,90
"fiespa",0.65035874,103,106
"pinwar",0.63879293,130,133
"reevir1",0.29591992,138,141
"buhvir",0.3969723,192,195
"ovenbi1",0.27428335,223,226
"comyel",0.99964803,303,306
"yerwar",0.529554,336,339
"yebfly",0.99838233,340,343
"chswar",0.29034704,342,345
"daejun",0.48042935,353,356
"magwar",0.65986145,388,391
"houspa",0.28863135,406,409
