"species_code","score","start_offset_sec","end_offset_sec"
"chispa",0.51382524,4,7
"blugrb1",0.9944715,8,11
"norbob",0.9769607,12,15
"sonspa",0.41998202,13,16
"indbun",0.9961316,17,20
"comgra",0.93214786,20,23
"buggna",0.5919061,20,23
"fiespa",0.9797494,28,31
"amegfi",0.287632,32,35
"boboli",0.25824472,33,36
