"species_code","score","start_offset_sec","end_offset_sec"
"ovenbi1",0.9986187,1,4
"gockin",0.98226154,74,77
"bkcchi",0.6294585,122,125
"moudov",0.757035,141,144
"yerwar",0.9504374,166,169
"reevir1",0.32764426,230,233
"buhvir",0.9177843,238,241
