"species_code","score","start_offset_sec","end_offset_sec"
"rebwoo",0.40857998,0,3
"easkin",0.6924439,3,6
"amerob",0.55662113,45,48
"whbnut",0.7072818,48,51
"blujay",0.9999459,50,53
"amegfi",0.99907273,82,85
"sonspa",0.5028269,86,89
"houfin",0.9895386,100,103
"eawpew",0.60741276,110,113
"reevir1",0.33632478,130,133
"bkcchi",0.8582315,131,134
"houspa",0.5819459,132,135
