"species_code","score","start_offset_sec","end_offset_sec"
"houspa",0.36674118,6,9
"grycat",0.99897784,15,18
"bkcchi",0.5905604,18,21
"indbun",0.5897933,35,38
"blujay",0.9999229,43,46
"amecro",0.5940927,47,50
"eastow",0.51745033,48,51
"amegfi",0.99802184,54,57
"rebwoo",0.43562436,62,65
"bawwar",0.5969794,84,87
"babwar",0.28624016,84,87
