"species_code","score","start_offset_sec","end_offset_sec"
"canwar",0.7231374,86,89
"pilwoo",0.81880194,88,91
"amegfi",0.95421565,89,92
"norcar",0.34323832,90,93
"acafly",0.8418082,114,117
"reevir1",0.99647665,119,122
"whbnut",0.9998085,165,168
"hoowar",0.73000014,180,183
"moudov",0.39847806,186,189
