"species_code","score","start_offset_sec","end_offset_sec"
"greyel",0.45219183,5,8
"killde",0.29844892,34,37
"blujay",0.33072305,38,41
"blkski",0.6824362,56,59
"laugul",0.9988045,102,105
"houfin",0.3827425,106,109
"coohaw",0.28979236,118,121
"cangoo",0.995738,150,153
"ribgul",0.97851425,159,162
"sonspa",0.34846914,169,172
"amerob",0.2769321,182,185
"royter1",0.5607043,206,209
"bkcchi",0.34778243,218,221
"houspa",0.7616483,230,233
"rethaw",0.7605069,234,237
"mallar3",0.3991636,263,266
