"species_code","score","start_offset_sec","end_offset_sec"
"grycat",0.393442,3,6
"blujay",0.63725907,9,12
"eastow",0.99281734,10,13
"indbun",0.9988111,14,17
"woothr",0.5129579,20,23
"herthr",0.39756224,22,25
"norcar",0.6548971,26,29
"comgra",0.6724213,29,32
"buhvir",0.70833236,37,40
"amerob",0.838315,38,41
"rewbla",0.36858374,38,41
