"species_code","score","start_offset_sec","end_offset_sec"
"blujay",0.98821604,3,6
"norcar",0.9597174,35,38
"robgro",0.3709942,37,40
"eawpew",0.99815696,63,66
"bkcchi",0.45992094,64,67
"reevir1",0.9510155,67,70
"amerob",0.98796153,75,78
"sonspa",0.3917771,76,79
"carwre",0.3764398,85,88
"tuftit",0.9800576,96,99
"cedwax",0.4240948,117,120
