"species_code","score","start_offset_sec","end_offset_sec"
"houwre",0.9136977,17,20
"rewbla",0.4621056,34,37
"purfin",0.35466287,42,45
"warvir",0.74111545,43,46
"houfin",0.2997061,50,53
"marwre",0.9607565,51,54
"norcar",0.7999902,51,54
"amerob",0.9852895,53,56
"carwre",0.9975878,58,61
"aldfly",0.5639994,61,64
