"species_code","score","start_offset_sec","end_offset_sec"
"chswar",0.9911852,11,14
"cedwax",0.99305445,23,26
"whtspa",0.9989822,27,30
"magwar",0.7645755,39,42
"yerwar",0.48082024,55,58
"yelwar",0.97586846,58,61
"bkcchi",0.9313016,65,68
"comyel",0.9828718,88,91
"rewbla",0.7986062,89,92
"comgra",0.30881023,90,93
"amegfi",0.2936235,103,106
"herthr",0.4259678,107,110
"purfin",0.25457937,118,121
