"species_code","score","start_offset_sec","end_offset_sec"
"btnwar",0.9303495,13,16
"bkcchi",0.6977581,18,21
"sonspa",0.44425842,31,34
"ovenbi1",0.99964744,67,70
"swathr",0.6063108,71,74
"mouwar",0.8288119,111,114
"scatan",0.35401878,129,132
"magwar",0.98786324,131,134
"canwar",0.99954635,138,141
"amerob",0.28835544,139,142
"reevir1",0.96648973,148,151
"whtspa",0.8689246,155,158
"naswar",0.8452515,234,237
"comyel",0.9987021,259,262
