"species_code","score","start_offset_sec","end_offset_sec"
"blujay",0.9288713,0,3
"magwar",0.99733675,14,17
"yerwar",0.60605985,24,27
"amerob",0.25571132,34,37
"yelwar",0.64490753,53,56
"reevir1",0.99034214,58,61
"rewbla",0.3430073,76,79
"chswar",0.99996686,187,190
"naswar",0.3944933,205,208
"vesspa",0.2831554,213,216
"norfli",0.881832,225,228
"bkcchi",0.32948548,245,248
"btnwar",0.44829592,249,252
"cangoo",0.31433567,262,265
"whtspa",0.9972746,274,277
"comyel",0.8390569,274,277
