"species_code","score","start_offset_sec","end_offset_sec"
"carwre",0.99903184,0,3
"comyel",0.9573175,3,6
"grycat",0.29629272,4,7
"indbun",0.370776,5,8
"pinwar",0.8685171,7,10
"prowar",0.96728027,8,11
"tuftit",0.517259,10,13
"grcfly",0.43828294,10,13
"amegfi",0.9720499,15,18
"normoc",0.84747684,21,24
"whevir",0.99947053,22,25
"reevir1",0.6987534,28,31
"woothr",0.26051068,30,33
