"species_code","score","start_offset_sec","end_offset_sec"
"tuftit",0.99284786,2,5
"reevir1",0.25611773,5,8
"whbnut",0.985426,7,10
"acafly",0.7885201,12,15
"btnwar",0.41576394,12,15
"easpho",0.37028643,13,16
"bkcchi",0.98749506,14,17
"amerob",0.8938151,17,20
"norcar",0.49910566,17,20
"winwre3",0.9995015,24,27
"buggna",0.99279886,26,29
"hoowar",0.8647256,29,32
"daejun",0.28634223,37,40
"brwhaw",0.45771825,38,41
"amegfi",0.9976419,40,43
