"species_code","score","start_offset_sec","end_offset_sec"
"amegfi",0.8068102,0,3
"swaspa",0.26816222,3,6
"cedwax",0.4938634,17,20
"eursta",0.28697145,17,20
"vesspa",0.28881958,23,26
"norcar",0.48280844,28,31
"rewbla",0.75280696,63,66
"marwre",0.44346756,66,69
"amered",0.39949557,98,101
"grycat",0.49603185,127,130
"pibgre",0.9963804,152,155
"chispa",0.28335845,205,208
"fiespa",0.7489938,207,210
"comgal1",0.44258907,214,217
"sonspa",0.9996601,231,234
