"species_code","score","start_offset_sec","end_offset_sec"
"amerob",0.32778648,0,3
"cerwar",0.2638415,45,48
"reevir1",0.48588067,52,55
"daejun",0.9957918,67,70
"scatan",0.9873651,76,79
"ovenbi1",0.99921185,84,87
"btbwar",0.3200119,91,94
"bkbwar",0.99133766,98,101
"babwar",0.343257,99,102
