"species_code","score","start_offset_sec","end_offset_sec"
"robgro",0.8579856,15,18
"yelwar",0.9299925,16,19
"magwar",0.46232226,17,20
"indbun",0.964476,18,21
"reevir1",0.46264732,19,22
"daejun",0.30953395,23,26
"comyel",0.9740194,32,35
"yebsap",0.8475146,35,38
"grycat",0.34360453,42,45
"amerob",0.9990644,58,61
"woewar1",0.36823693,59,62
"chispa",0.9499824,61,64
"ovenbi1",0.59397954,66,69
"rewbla",0.35732523,78,81
