"species_code","score","start_offset_sec","end_offset_sec"
"tuftit",0.43604544,4,7
"chispa",0.9586013,5,8
"amerob",0.37395024,6,9
"sonspa",0.6173275,8,11
"swaspa",0.6215064,23,26
"rehwoo",0.99687195,30,33
"carwre",0.80255187,39,42
"fiscro",0.7757391,57,60
"rebwoo",0.9998854,78,81
"rewbla",0.92437965,81,84
"yebsap",0.37537056,82,85
