"species_code","score","start_offset_sec","end_offset_sec"
"swaspa",0.5299814,0,3
"bnhcow",0.39957044,14,17
"daejun",0.40817738,15,18
"chispa",0.93552005,16,19
"blujay",0.62341976,16,19
"reevir1",0.44666454,16,19
"herthr",0.28876454,19,22
"amecro",0.94255763,21,24
"norcar",0.8684791,21,24
"carchi",0.57454187,21,24
"fiespa",0.39498216,22,25
"reshaw",0.95599246,26,29
"eawpew",0.99959475,27,30
"scatan",0.56760335,27,30
"rewbla",0.40736437,31,34
"ovenbi1",0.9909127,44,47
