"species_code","score","start_offset_sec","end_offset_sec"
"indbun",0.86126566,0,3
"bkcchi",0.52182674,3,6
"hoowar",0.9937261,8,11
"eastow",0.9760007,9,12
"woothr",0.2912071,9,12
"cangoo",0.31593287,12,15
"norcar",0.28536314,13,16
"btnwar",0.4167242,15,18
"sonspa",0.64303625,20,23
"yelwar",0.41920882,20,23
"eawpew",0.26454082,23,26
"reevir1",0.95698375,25,28
"amered",0.98621255,29,32
"grycat",0.8360767,33,36
"robgro",0.33010763,36,39
