"species_code","score","start_offset_sec","end_offset_sec"
"louwat",0.83523816,7,10
"hoowar",0.9976992,35,38
"norcar",0.2923358,40,43
"woothr",0.9993836,42,45
"norfli",0.5049495,42,45
"comyel",0.47638756,47,50
"sumtan",0.79943466,56,59
"bawwar",0.6457948,61,64
"daejun",0.44937629,70,73
"chispa",0.41258332,71,74
"veery",0.9991321,83,86
"carwre",0.53483915,92,95
