"species_code","score","start_offset_sec","end_offset_sec"
"marwre",0.99552906,3,6
"yelwar",0.8425933,14,17
"wooduc",0.99969137,17,20
"norcar",0.39441007,17,20
"swaspa",0.99379,22,25
"comyel",0.9031799,22,25
"sonspa",0.51529974,23,26
"tuftit",0.36855856,23,26
"fiscro",0.37742123,24,27
"cedwax",0.964987,36,39
"amecro",0.70075434,38,41
"rewbla",0.99649155,40,43
