"species_code","score","start_offset_sec","end_offset_sec"
"comgra",0.9969571,8,11
"robgro",0.40534255,22,25
"blujay",0.5290393,31,34
"bkcchi",0.39628956,33,36
"amerob",0.99310315,35,38
"houfin",0.7859305,39,42
"norcar",0.26488632,41,44
"rewbla",0.99617434,44,47
"yelwar",0.86076534,44,47
"sonspa",0.98437995,50,53
