"species_code","score","start_offset_sec","end_offset_sec"
"comyel",0.45120403,0,3
"bawwar",0.3345336,0,3
"bkcchi",0.5095051,1,4
"rewbla",0.2509261,2,5
"fiespa",0.9986947,3,6
"amerob",0.9540693,3,6
"reevir1",0.78586304,4,7
"woothr",0.551433,4,7
"scatan",0.34838367,5,8
"houwre",0.9508286,6,9
"yelwar",0.34572494,8,11
"bnhcow",0.9803775,10,13
"carwre",0.2885306,10,13
"eastow",0.25482947,10,13
"aldfly",0.99615246,13,16
"grycat",0.4863372,13,16
