"species_code","score","start_offset_sec","end_offset_sec"
"carwre",0.9788991,16,19
"norcar",0.95613784,21,24
"dowwoo",0.95579296,22,25
"tuftit",0.80057186,29,32
"pinwar",0.9843668,34,37
"reevir1",0.29164863,35,38
"bnhcow",0.3510865,37,40
"yetwar",0.97813064,38,41
"carchi",0.87679046,41,44
"houspa",0.37732992,42,45
