"species_code","score","start_offset_sec","end_offset_sec"
"indbun",0.9948257,1,4
"amecro",0.9712465,2,5
"amered",0.2906701,5,8
"yelwar",0.9724815,6,9
"norcar",0.95863926,7,10
"warvir",0.3286477,10,13
"sonspa",0.930331,13,16
"grycat",0.9993336,18,21
"houwre",0.9939992,22,25
"amegfi",0.80148965,27,30
"reevir1",0.7820236,27,30
"cedwax",0.31241557,29,32
"amerob",0.2796882,29,32
