"species_code","score","start_offset_sec","end_offset_sec"
"houfin",0.35596415,9,12
"rewbla",0.39693388,10,13
"comyel",0.9678169,12,15
"indbun",0.39087948,14,17
"warvir",0.36432964,15,18
"sonspa",0.99301726,16,19
"ruckin",0.7420737,18,21
"fiespa",0.27586225,22,25
"boboli",0.9995074,39,42
