"species_code","score","start_offset_sec","end_offset_sec"
"indbun",0.9931401,4,7
"amecro",0.93381304,7,10
"reevir1",0.9980154,9,12
"amerob",0.52818644,15,18
"norcar",0.9818771,17,20
"comyel",0.37222797,22,25
"fiespa",0.9887439,33,36
"norfli",0.27457076,39,42
"carwre",0.9979337,42,45
"tuftit",0.397204,45,48
