"species_code","score","start_offset_sec","end_offset_sec"
"yelwar",0.7895781,11,14
"easmea",0.9964924,12,15
"sonspa",0.98553634,19,22
"normoc",0.4243159,20,23
"amecro",0.40738878,21,24
"brnthr",0.26317808,21,24
"amerob",0.5277834,22,25
"scatan",0.5684012,23,26
"rewbla",0.86186194,27,30
