"species_code","score","start_offset_sec","end_offset_sec"
"tuftit",0.6023065,4,7
"hoowar",0.9840464,7,10
"comyel",0.9986367,9,12
"acafly",0.9987068,12,15
"blujay",0.49162868,18,21
"reevir1",0.92644525,19,22
"blugrb1",0.2514293,29,32
"scatan",0.27964368,37,40
"kenwar",0.2624204,43,46
"whevir",0.9951057,59,62
