"species_code","score","start_offset_sec","end_offset_sec"
"prowar",0.29650137,8,11
"commer",0.34768698,19,22
"reevir1",0.9574364,27,30
"ovenbi1",0.99839276,35,38
"marwre",0.9996776,38,41
"swaspa",0.9852239,47,50
"amebit",0.99934596,51,54
"aldfly",0.40622476,61,64
"amerob",0.7710868,73,76
"comyel",0.9537303,87,90
"rewbla",0.9494101,92,95
"mallar3",0.49003112,113,116
"yelwar",0.98846227,122,125
