"species_code","score","start_offset_sec","end_offset_sec"
"amerob",0.68526477,0,3
"ovenbi1",0.99373287,7,10
"carwre",0.99670714,15,18
"cedwax",0.89530873,26,29
"norcar",0.42597884,29,32
"rewbla",0.2749329,30,33
"grycat",0.96000594,31,34
"acafly",0.99659526,37,40
"scatan",0.9915121,39,42
"eawpew",0.9988399,40,43
"blujay",0.44077593,42,45
