"species_code","score","start_offset_sec","end_offset_sec"
"amerob",0.99293745,3,6
"amered",0.5302988,3,6
"bkcchi",0.865377,7,10
"eawpew",0.9986648,14,17
"woothr",0.94875634,15,18
"comyel",0.75712234,16,19
"ovenbi1",0.99947387,22,25
"reevir1",0.9822805,26,29
"btbwar",0.294384,28,31
"bkbwar",0.9996617,35,38
"bkbcuc",0.41888946,40,43
