"species_code","score","start_offset_sec","end_offset_sec"
"sonspa",0.99772507,1,4
"chispa",0.34265918,2,5
"comyel",0.27420008,7,10
"rewbla",0.25579062,25,28
"amerob",0.40298107,26,29
"fiespa",0.99806714,27,30
"amegfi",0.9760464,32,35
"yelwar",0.98353076,38,41
"winwre3",0.4468147,44,47
