"species_code","score","start_offset_sec","end_offset_sec"
"ovenbi1",0.31654882,0,3
"comyel",0.96882325,3,6
"reevir1",0.84770644,5,8
"indbun",0.9994105,7,10
"tuftit",0.32829863,7,10
"yebcha",0.99854046,9,12
"prawar",0.9939662,9,12
"eastow",0.9555265,11,14
"hoowar",0.3434131,12,15
"fiespa",0.90851486,15,18
"swathr",0.47455606,18,21
"rewbla",0.39879498,19,22
"bkpwar",0.3120618,22,25
