"species_code","score","start_offset_sec","end_offset_sec"
"houspa",0.81305003,1,4
"norpar",0.98858225,3,6
"norcar",0.9944574,5,8
"woewar1",0.2663662,10,13
"houfin",0.98159206,12,15
"rewbla",0.94694805,18,21
"comrav",0.3815575,19,22
"fiscro",0.8976337,25,28
"carwre",0.98933536,28,31
"chispa",0.9889486,34,37
