"species_code","score","start_offset_sec","end_offset_sec"
"grycat",0.99996966,3,6
"whevir",0.28382105,6,9
"sonspa",0.99087,8,11
"eastow",0.74160266,18,21
"rewbla",0.65199584,18,21
"norcar",0.26331648,23,26
"amerob",0.61573887,27,30
"norwat",0.99733615,29,32
"bnhcow",0.97599256,40,43
"veery",0.9615003,42,45
"ovenbi1",0.85497296,43,46
"robgro",0.26789424,44,47
