"species_code","score","start_offset_sec","end_offset_sec"
"bkbcuc",0.31376383,3,6
"chswar",0.65239125,4,7
"rewbla",0.4386254,6,9
"yelwar",0.94739175,8,11
"prowar",0.27287436,11,14
"indbun",0.28322092,14,17
"robgro",0.33042917,23,26
"brnthr",0.35365212,27,30
"yetvir",0.27755454,28,31
"norcar",0.9584935,38,41
"sonspa",0.5843343,49,52
"grycat",0.53263867,49,52
"reevir1",0.95710486,50,53
"yebcuc",0.9858823,51,54
"carwre",0.8519252,54,57
