"species_code","score","start_offset_sec","end_offset_sec"
"eastow",0.3182796,3,6
"reevir1",0.3972509,7,10
"yelwar",0.974493,12,15
"comyel",0.7971729,18,21
"grycat",0.3110418,18,21
"leafly",0.9990316,21,24
"bkcchi",0.57473904,22,25
"amecro",0.5503653,22,25
"sonspa",0.3451454,23,26
"moudov",0.7037421,26,29
"amegfi",0.99497,27,30
"rewbla",0.877968,32,35
"norcar",0.98746276,34,37
"warvir",0.9540885,36,39
"amerob",0.28237054,36,39
"whevir",0.7897406,42,45
