"species_code","score","start_offset_sec","end_offset_sec"
"moudov",0.48791453,7,10
"balori",0.7925056,15,18
"robgro",0.9952424,19,22
"btnwar",0.997408,21,24
"rewbla",0.38658255,25,28
"reevir1",0.993532,27,30
"veery",0.99974215,29,32
"acafly",0.568547,32,35
"amerob",0.29099956,32,35
"yebsap",0.69688314,37,40
