"species_code","score","start_offset_sec","end_offset_sec"
"woothr",0.50909334,4,7
"comyel",0.9722984,5,8
"reevir1",0.97398096,9,12
"amered",0.991726,13,16
"acafly",0.998244,19,22
"tuftit",0.3168017,21,24
"amerob",0.32357764,26,29
"norpar",0.25557393,29,32
"bkbwar",0.521941,31,34
"veery",0.50999945,37,40
