"species_code","score","start_offset_sec","end_offset_sec"
"woothr",0.9996961,18,21
"eastow",0.45201468,24,27
"carchi",0.30873272,25,28
"blujay",0.9997995,32,35
"bkcchi",0.37077585,32,35
"eawpew",0.9994388,38,41
"tuftit",0.6218441,44,47
"robgro",0.71709037,47,50
"norfli",0.99772674,48,51
"haiwoo",0.7908017,54,57
"amered",0.9811086,55,58
"comyel",0.51710767,55,58
"reevir1",0.4615455,59,62
"rehwoo",0.31013414,63,66
