"species_code","score","start_offset_sec","end_offset_sec"
"amegfi",0.99270326,6,9
"houwre",0.32069704,13,16
"amerob",0.55256915,14,17
"bawwar",0.45546943,29,32
"amered",0.98666096,41,44
"reevir1",0.9680529,42,45
"indbun",0.94902164,44,47
"fiespa",0.43040803,46,49
"norpar",0.9924334,50,53
