"species_code","score","start_offset_sec","end_offset_sec"
"eastow",0.6222016,0,3
"eawpew",0.93657804,4,7
"grcfly",0.9966964,10,13
"btnwar",0.55581933,11,14
"amerob",0.30743182,13,16
"hoowar",0.38636476,16,19
"tuftit",0.27142838,28,31
"reevir1",0.99086183,48,51
"sonspa",0.35773748,55,58
"robgro",0.9598485,57,60
