"species_code","score","start_offset_sec","end_offset_sec"
"yetvir",0.30140314,0,3
"barswa",0.9741669,4,7
"norbob",0.997,8,11
"carwre",0.46713084,21,24
"amecro",0.99029875,24,27
"norcar",0.9858511,37,40
"whbnut",0.9932731,39,42
"yebcha",0.66372377,41,44
"miskit",0.3955191,48,51
"reshaw",0.38826007,50,53
"balori",0.26904625,56,59
"houwre",0.70826155,74,77
"amerob",0.7514686,81,84
"normoc",0.6156151,85,88
"eawpew",0.9984517,87,90
"moudov",0.9407431,99,102
"rewbla",0.34397316,100,103
