"species_code","score","start_offset_sec","end_offset_sec"
"buggna",0.30857366,25,28
"amegfi",0.9990631,26,29
"chispa",0.9686356,28,31
"norcar",0.29794455,30,33
"yelwar",0.77261835,33,36
"daejun",0.9855183,37,40
"amerob",0.99891293,44,47
"houfin",0.5297811,52,55
"houspa",0.9936851,53,56
