"species_code","score","start_offset_sec","end_offset_sec"
"cedwax",0.26977295,4,7
"yelwar",0.95585346,10,13
"cerwar",0.7620058,15,18
"comyel",0.8388589,17,20
"eastow",0.5451976,22,25
"rebwoo",0.9239625,25,28
"amerob",0.92967635,29,32
"amered",0.9864153,30,33
"eawpew",0.7317115,34,37
"buggna",0.98890936,39,42
"grycat",0.67158824,48,51
"chispa",0.6296386,48,51
"carwre",0.33729982,52,55
"norcar",0.44410113,54,57
