"species_code","score","start_offset_sec","end_offset_sec"
"veery",0.6891908,0,3
"moudov",0.57598877,7,10
"houspa",0.5205292,7,10
"amegfi",0.7861617,8,11
"brnthr",0.39053485,8,11
"rewbla",0.29491434,8,11
"yelwar",0.7999409,9,12
"grycat",0.996235,10,13
"wilfly",0.71933013,10,13
"blujay",0.2829036,11,14
"swaspa",0.9943948,12,15
"reevir1",0.82994354,14,17
"belkin1",0.99883777,18,21
"houfin",0.953363,23,26
"sonspa",0.42979962,26,29
"comyel",0.968914,27,30
