"species_code","score","start_offset_sec","end_offset_sec"
"yetvir",0.8979261,0,3
"reevir1",0.9751846,5,8
"sonspa",0.63764787,6,9
"scatan",0.5015937,6,9
"houwre",0.2607134,7,10
"bkcchi",0.32799572,12,15
"warvir",0.36240578,13,16
"blujay",0.89211065,19,22
"cerwar",0.992838,26,29
"grycat",0.37710464,27,30
"buggna",0.86735135,37,40
"amered",0.99589473,38,41
"robgro",0.29866377,41,44
"norcar",0.9883513,48,51
