"species_code","score","start_offset_sec","end_offset_sec"
"indbun",0.9981512,16,19
"amerob",0.83174384,18,21
"yelwar",0.43463707,18,21
"buwwar",0.986121,19,22
"norcar",0.71296674,23,26
"eawpew",0.6966474,26,29
"rewbla",0.91887164,29,32
"sonspa",0.67550695,30,33
"amegfi",0.9842418,45,48
"balori",0.2659895,51,54
