"species_code","score","start_offset_sec","end_offset_sec"
"norpar",0.2876524,8,11
"aldfly",0.3530588,9,12
"fiespa",0.99063015,14,17
"sonspa",0.98707914,15,18
"amerob",0.6441443,15,18
"amered",0.98145,24,27
"warvir",0.367582,29,32
"cerwar",0.9100397,31,34
"robgro",0.9963929,43,46
"amegfi",0.7989199,44,47
"yelwar",0.91052246,55,58
"cedwax",0.6032016,64,67
