"species_code","score","start_offset_sec","end_offset_sec"
"amegfi",0.61192393,1,4
"eawpew",0.93529826,2,5
"reevir1",0.27326226,2,5
"comyel",0.7281796,3,6
"buwwar",0.9860204,5,8
"amecro",0.924093,15,18
"norcar",0.93125266,23,26
"rewbla",0.66844517,27,30
"grycat",0.7992934,29,32
"woewar1",0.61983585,32,35
"woothr",0.26211733,35,38
"amerob",0.366187,36,39
"indbun",0.99532914,37,40
"louwat",0.93393475,39,42
