"species_code","score","start_offset_sec","end_offset_sec"
"whevir",0.27386114,1,4
"carwre",0.48424825,4,7
"eawpew",0.996417,5,8
"hoowar",0.92227936,10,13
"norcar",0.9929532,13,16
"amered",0.99093634,14,17
"reevir1",0.70612305,17,20
"rewbla",0.84706694,24,27
"balori",0.30599803,27,30
"grcfly",0.3391683,29,32
"houwre",0.99744785,32,35
"amecro",0.8993336,32,35
