"species_code","score","start_offset_sec","end_offset_sec"
"comyel",0.34053057,5,8
"herthr",0.7947369,7,10
"naswar",0.42404592,27,30
"yelwar",0.81419337,30,33
"cedwax",0.8826951,33,36
"woothr",0.99257267,35,38
"swathr",0.999991,44,47
"gockin",0.52771133,61,64
"chswar",0.96339303,76,79
"amered",0.2500151,78,81
"yerwar",0.84610677,102,105
"rufgro",0.3822734,119,122
"magwar",0.98350245,123,126
