"species_code","score","start_offset_sec","end_offset_sec"
"eawpew",0.599493,5,8
"comyel",0.8131247,24,27
"btnwar",0.9973643,40,43
"buhvir",0.99730265,41,44
"bkbwar",0.9568586,69,72
"pinwar",0.5168899,73,76
"yerwar",0.37321976,78,81
"daejun",0.9388527,86,89
"ovenbi1",0.76098657,86,89
"reevir1",0.9779397,144,147
