"species_code","score","start_offset_sec","end_offset_sec"
"blujay",0.3883948,0,3
"swathr",0.9999883,14,17
"yerwar",0.90570265,18,21
"rufgro",0.29252946,24,27
"daejun",0.997104,25,28
"magwar",0.63142765,43,46
"btbwar",0.9670028,47,50
"herthr",0.32906523,51,54
"yelwar",0.32153878,65,68
"comyel",0.69334924,66,69
"sonspa",0.31100672,92,95
"grycat",0.99281555,94,97
"cedwax",0.8712065,94,97
"eursta",0.3124457,99,102
