"species_code","score","start_offset_sec","end_offset_sec"
"rewbla",0.9432587,2,5
"norcar",0.84047884,2,5
"blujay",0.48896462,3,6
"fiespa",0.38156107,4,7
"comgra",0.33782628,8,11
"bkcchi",0.8874131,18,21
"amerob",0.37867367,21,24
"tuftit",0.31862044,25,28
"sonspa",0.9907088,45,48
"yelwar",0.97438276,46,49
"easblu",0.98091847,49,52
"amegfi",0.52767473,49,52
