"species_code","score","start_offset_sec","end_offset_sec"
"amerob",0.6935821,6,9
"grycat",0.9992229,8,11
"houwre",0.9847086,24,27
"yelwar",0.9822582,24,27
"amered",0.99830663,27,30
"warvir",0.99661356,30,33
"norcar",0.99909604,37,40
"houfin",0.27913988,42,45
"amegfi",0.5910603,45,48
"sonspa",0.8066126,46,49
