"species_code","score","start_offset_sec","end_offset_sec"
"rewbla",0.77578557,0,3
"daejun",0.9873137,6,9
"tuftit",0.2909758,9,12
"bkcchi",0.27700144,10,13
"brncre",0.52242696,11,14
"veery",0.9997972,20,23
"bkbwar",0.3187656,28,31
"yerwar",0.45151055,29,32
"ovenbi1",0.99894094,33,36
"comyel",0.9734733,36,39
