"species_code","score","start_offset_sec","end_offset_sec"
"amegfi",0.67994314,1,4
"amerob",0.35672715,1,4
"comgra",0.4780084,14,17
"eursta",0.31507465,14,17
"indbun",0.9864102,17,20
"warvir",0.39273664,18,21
"vesspa",0.30574906,27,30
"wilfly",0.5426182,28,31
"fiespa",0.99165696,30,33
"blugrb1",0.9858816,38,41
"rewbla",0.5924833,47,50
"eastow",0.45779258,52,55
