"species_code","score","start_offset_sec","end_offset_sec"
"balori",0.6491892,4,7
"haiwoo",0.8744765,10,13
"grcfly",0.30225843,10,13
"carwre",0.88400024,13,16
"cedwax",0.27797619,20,23
"blujay",0.941219,30,33
"rewbla",0.97962236,35,38
"norcar",0.7321149,35,38
"warvir",0.9984105,38,41
"eawpew",0.51693624,39,42
"bkcchi",0.3773425,40,43
"amerob",0.9881645,45,48
"tuftit",0.3786821,51,54
"grycat",0.9914136,53,56
"chswar",0.52517635,53,56
"yelwar",0.4716157,53,56
