"species_code","score","start_offset_sec","end_offset_sec"
"norcar",0.36793396,7,10
"bkbwar",0.31814486,11,14
"tuftit",0.2787856,16,19
"rewbla",0.37534088,26,29
"reevir1",0.9759069,29,32
"ovenbi1",0.9997264,39,42
"herthr",0.6834906,42,45
"woothr",0.99969757,56,59
"blujay",0.51837015,74,77
