"species_code","score","start_offset_sec","end_offset_sec"
"daejun",0.31517065,1,4
"ovenbi1",0.93929183,9,12
"btbwar",0.26432386,9,12
"buhvir",0.90717036,15,18
"swaspa",0.99423766,18,21
"sonspa",0.77461845,19,22
"reevir1",0.40707564,20,23
"woothr",0.2551459,32,35
"rewbla",0.4618218,39,42
