"species_code","score","start_offset_sec","end_offset_sec"
"reevir1",0.30679837,2,5
"eawpew",0.6600412,8,11
"bkcchi",0.29739353,9,12
"amecro",0.28677937,9,12
"hoowar",0.9652548,10,13
"norpar",0.3013363,15,18
"acafly",0.7777291,16,19
"woothr",0.8831235,17,20
"amerob",0.9942325,27,30
"amered",0.9918075,28,31
