"species_code","score","start_offset_sec","end_offset_sec"
"reevir1",0.99194056,1,4
"norcar",0.63031447,53,56
"hoowar",0.9969352,55,58
"magwar",0.2796319,57,60
"veery",0.9608157,60,63
"tuftit",0.2778927,72,75
"amecro",0.98457557,75,78
"scatan",0.9385935,79,82
"normoc",0.72544646,85,88
"yebcha",0.25811648,92,95
