"species_code","score","start_offset_sec","end_offset_sec"
"eursta",0.45852298,0,3
"reshaw",0.3670446,3,6
"semsan",0.2988818,6,9
"sonspa",0.9053914,7,10
"amerob",0.99064034,17,20
"tuftit",0.5542316,26,29
"amegfi",0.7289104,39,42
"normoc",0.9997059,41,44
"moudov",0.26923272,47,50
"norcar",0.89073825,51,54
"rewbla",0.9876443,52,55
