"species_code","score","start_offset_sec","end_offset_sec"
"ovenbi1",0.9927962,4,7
"blujay",0.27704272,6,9
"woothr",0.87788355,9,12
"haiwoo",0.98542917,19,22
"scatan",0.75861996,21,24
"daejun",0.92469454,24,27
"veery",0.9980019,27,30
"amebit",0.57354593,28,31
"cedwax",0.9999878,35,38
"chswar",0.7859642,36,39
"yerwar",0.3947391,39,42
"reevir1",0.8297318,46,49
