"species_code","score","start_offset_sec","end_offset_sec"
"btbwar",0.86912817,10,13
"amered",0.59149903,15,18
"yelwar",0.33185723,16,19
"reevir1",0.9887027,21,24
"cedwax",0.97601444,32,35
"yebsap",0.9589741,45,48
"swaspa",0.37399593,53,56
"daejun",0.9753638,54,57
"veery",0.2541819,57,60
"comyel",0.9999804,63,66
"chswar",0.78874344,68,71
"eawpew",0.9935003,80,83
