"species_code","score","start_offset_sec","end_offset_sec"
"norcar",0.3863183,2,5
"hoowar",0.41925234,6,9
"balori",0.26998952,10,13
"tuftit",0.954235,15,18
"whbnut",0.7687152,16,19
"carchi",0.96281064,17,20
"reevir1",0.8894966,17,20
"sonspa",0.33717468,19,22
"swawar",0.9869226,22,25
"carwre",0.48953673,24,27
"woothr",0.30065638,24,27
