"species_code","score","start_offset_sec","end_offset_sec"
"blujay",0.4238753,9,12
"rewbla",0.3817742,11,14
"sposan",0.9935822,15,18
"rethaw",0.998588,20,23
"amerob",0.96840644,25,28
"savspa",0.40052652,34,37
"houfin",0.9210346,66,69
"chispa",0.35428602,68,71
"norcar",0.7025628,70,73
"houspa",0.39481148,71,74
"barswa",0.9994868,77,80
