"species_code","score","start_offset_sec","end_offset_sec"
"fiespa",0.9921067,6,9
"yelwar",0.8161393,12,15
"yebcha",0.91142464,41,44
"buwwar",0.32374343,53,56
"robgro",0.26562107,53,56
"daejun",0.9404512,54,57
"easwpw1",0.9901046,70,73
"balori",0.42410928,105,108
"cerwar",0.31023034,108,111
"gowwar",0.7139107,117,120
"comyel",0.9893061,154,157
"woothr",0.9738205,154,157
"indbun",0.9947243,203,206
"amerob",0.3866232,203,206
"eastow",0.657163,204,207
"norcar",0.87135094,266,269
