"species_code","score","start_offset_sec","end_offset_sec"
"yebcha",0.44274455,7,10
"rewbla",0.8168339,16,19
"killde",0.31387517,18,21
"yelwar",0.9968808,25,28
"amerob",0.8688312,26,29
"virrai",0.9997738,40,43
"swaspa",0.9988719,41,44
"grycat",0.62797374,46,49
"dowwoo",0.54791033,49,52
"sonspa",0.99914736,57,60
"comyel",0.9832298,58,61
"cedwax",0.26186317,58,61
"normoc",0.2825203,64,67
"bkbcuc",0.6383871,68,71
"moudov",0.47921044,69,72
