"species_code","score","start_offset_sec","end_offset_sec"
"whtspa",0.2937186,3,6
"winwre3",0.85743946,5,8
"bkcchi",0.51837945,11,14
"yelwar",0.37686464,13,16
"comyel",0.9980521,15,18
"cedwax",0.87357074,15,18
"redcro",0.9875955,21,24
"bkbwar",0.99258727,26,29
"gockin",0.77398694,29,32
"chswar",0.76299363,32,35
"amegfi",0.7214361,35,38
"moudov",0.9487343,39,42
"sonspa",0.2748654,39,42
"ovenbi1",0.9969273,44,47
