"species_code","score","start_offset_sec","end_offset_sec"
"indbun",0.599792,4,7
"houwre",0.25035283,9,12
"norcar",0.94833946,11,14
"brnthr",0.9922629,14,17
"fiespa",0.3273105,14,17
"amegfi",0.9996195,16,19
"normoc",0.968802,18,21
"moudov",0.7690404,22,25
"amerob",0.88909,25,28
"easpho",0.4772841,25,28
"comgra",0.99657714,27,30
