"species_code","score","start_offset_sec","end_offset_sec"
"buhvir",0.97897243,4,7
"magwar",0.99151105,7,10
"bkbwar",0.99205387,15,18
"naswar",0.49152184,28,31
"blujay",0.42518997,28,31
"btbwar",0.9638423,36,39
"chispa",0.6857718,41,44
"mouwar",0.27394527,43,46
"grycat",0.5256676,47,50
"yelwar",0.72000474,49,52
"ovenbi1",0.9997525,55,58
"norcar",0.34349084,62,65
"gockin",0.9165083,72,75
"comyel",0.9646753,75,78
"bkcchi",0.63550705,91,94
