"species_code","score","start_offset_sec","end_offset_sec"
"yelwar",0.9895739,4,7
"norcar",0.9976255,5,8
"orcori",0.98079085,6,9
"balori",0.3068936,10,13
"cedwax",0.9691969,12,15
"grycat",0.5796888,13,16
"rewbla",0.95561236,14,17
"sonspa",0.504882,14,17
"yerwar",0.60333854,19,22
"rebwoo",0.9837747,21,24
"fiespa",0.97023517,22,25
"indbun",0.8880683,22,25
"comyel",0.6331891,22,25
