"species_code","score","start_offset_sec","end_offset_sec"
"yelwar",0.5994377,0,3
"bkcchi",0.5149501,4,7
"eastow",0.99997205,5,8
"chswar",0.64258057,9,12
"grycat",0.46908358,11,14
"yerwar",0.406011,11,14
"ovenbi1",0.4305038,13,16
"sonspa",0.7004398,15,18
"rewbla",0.2913493,24,27
"comyel",0.979111,31,34
"amerob",0.9933811,33,36
"woothr",0.45503044,37,40
"bawwar",0.7989752,39,42
"eawpew",0.72331214,39,42
