"species_code","score","start_offset_sec","end_offset_sec"
"eastow",0.67975163,0,3
"amegfi",0.45647413,1,4
"whtspa",0.38342965,2,5
"comyel",0.963612,3,6
"fiespa",0.9397622,4,7
"reevir1",0.94926864,5,8
"daejun",0.28113675,5,8
"rewbla",0.25279063,8,11
"woothr",0.6423035,9,12
"blujay",0.37114662,9,12
"magwar",0.39555562,11,14
"yebcha",0.9999432,13,16
"indbun",0.8374538,13,16
"amecro",0.97082216,16,19
