"species_code","score","start_offset_sec","end_offset_sec"
"norcar",0.9434242,1,4
"rewbla",0.5667073,1,4
"sonspa",0.5652112,2,5
"amecro",0.9782796,3,6
"comyel",0.58330625,3,6
"chispa",0.88007116,5,8
"amegfi",0.3934527,7,10
"easmea",0.94539136,9,12
"norbob",0.9821321,12,15
"indbun",0.99906677,13,16
"normoc",0.6186328,14,17
"brnthr",0.604901,15,18
"whtspa",0.27421474,16,19
"marwre",0.40907854,19,22
"fiespa",0.9875248,28,31
