"species_code","score","start_offset_sec","end_offset_sec"
"robgro",0.9809966,1,4
"easblu",0.8689338,3,6
"normoc",0.34166542,7,10
"amerob",0.32648948,7,10
"graspa",0.9941907,15,18
"cedwax",0.4350082,20,23
"sonspa",0.93400776,28,31
"easkin",0.9904573,38,41
"amecro",0.9678469,39,42
"carchi",0.9969132,46,49
"fiespa",0.7705749,46,49
"eursta",0.8023338,49,52
"norcar",0.27504367,53,56
