"species_code","score","start_offset_sec","end_offset_sec"
"amerob",0.70884585,7,10
"norcar",0.46612993,9,12
"bnhcow",0.2849337,11,14
"rewbla",0.276331,11,14
"reevir1",0.94257075,14,17
"grycat",0.9990722,18,21
"brnthr",0.31066886,21,24
"amered",0.39242575,23,26
"carwre",0.3747495,26,29
"robgro",0.30578944,26,29
"yelwar",0.6018727,28,31
"woothr",0.96361035,29,32
