"species_code","score","start_offset_sec","end_offset_sec"
"fiscro",0.5596666,0,3
"normoc",0.71429145,2,5
"carwre",0.9971886,5,8
"yebcha",0.9999985,6,9
"indbun",0.35677302,6,9
"norcar",0.41292986,8,11
"reevir1",0.8437443,14,17
"woothr",0.45154566,25,28
"whevir",0.99165326,27,30
"amerob",0.69887453,31,34
"comyel",0.35549027,32,35
