"species_code","score","start_offset_sec","end_offset_sec"
"easpho",0.99998426,0,3
"houwre",0.9911638,1,4
"amecro",0.35322806,5,8
"carwre",0.5223083,10,13
"bnhcow",0.90600526,12,15
"rewbla",0.48133644,14,17
"grycat",0.743043,16,19
"amered",0.44924054,18,21
"moudov",0.2770474,18,21
"eawpew",0.29116288,21,24
"balori",0.25489268,24,27
"blujay",0.5978504,29,32
"reevir1",0.31378183,29,32
"amerob",0.98932433,31,34
