"species_code","score","start_offset_sec","end_offset_sec"
"hoowar",0.98436236,1,4
"scatan",0.39187697,15,18
"reevir1",0.98610723,26,29
"ovenbi1",0.99266917,30,33
"veery",0.94643486,31,34
"robgro",0.999182,34,37
"daejun",0.5582193,35,38
"eastow",0.45900592,37,40
"norcar",0.32212514,37,40
"amerob",0.29166597,40,43
"comyel",0.9524083,44,47
"woothr",0.9381834,51,54
"acafly",0.9932493,60,63
