"species_code","score","start_offset_sec","end_offset_sec"
"tuftit",0.7492632,8,11
"norcar",0.6063825,22,25
"reevir1",0.9793317,32,35
"ovenbi1",0.52876616,48,51
"acafly",0.9998552,52,55
"buggna",0.97858286,53,56
"woothr",0.3895379,83,86
"dowwoo",0.52952874,154,157
"whbnut",0.29867783,171,174
"eawpew",0.73473203,261,264
"blujay",0.9883879,263,266
"indbun",0.99706167,273,276
"scatan",0.71722335,309,312
"carwre",0.99851036,332,335
