"species_code","score","start_offset_sec","end_offset_sec"
"acafly",0.9993738,3,6
"indbun",0.9744123,92,95
"easwpw1",0.98107064,152,155
"blujay",0.9545391,176,179
"carwre",0.90876216,186,189
"reevir1",0.9871028,282,285
"yetvir",0.25000215,375,378
"yebcha",0.3983053,577,580
"norcar",0.7984242,754,757
"ovenbi1",0.3761037,797,800
"purfin",0.27228558,804,807
