"species_code","score","start_offset_sec","end_offset_sec"
"amerob",0.47604704,3,6
"comgra",0.4143402,3,6
"yelwar",0.99987274,8,11
"rewbla",0.9877953,9,12
"grycat",0.99998236,16,19
"yetvir",0.8075484,27,30
"comyel",0.9994851,34,37
"chswar",0.39061758,38,41
"balori",0.2758367,40,43
"houwre",0.938522,42,45
"brnthr",0.5653472,43,46
"norcar",0.6092713,47,50
