"species_code","score","start_offset_sec","end_offset_sec"
"amerob",0.6433247,0,3
"amegfi",0.6291589,0,3
"comgra",0.9645427,6,9
"grcfly",0.89364636,8,11
"marwre",0.9996649,18,21
"yelwar",0.2539722,21,24
"yerwar",0.35642174,24,27
"chispa",0.2593891,34,37
"treswa",0.3014243,36,39
"swaspa",0.99731076,43,46
"sonspa",0.6055244,46,49
"rewbla",0.9791637,51,54
"cedwax",0.54357654,60,63
