"species_code","score","start_offset_sec","end_offset_sec"
"swaspa",0.982357,2,5
"houwre",0.3297959,6,9
"cedwax",0.9853541,9,12
"carwre",0.8349297,9,12
"comyel",0.7315261,14,17
"amerob",0.6576964,15,18
"rewbla",0.9946738,16,19
"yelwar",0.8411691,22,25
"yebcha",0.61728185,26,29
"norcar",0.8905187,27,30
"easkin",0.7506292,40,43
"grycat",0.9999905,42,45
"warvir",0.99994123,43,46
"moudov",0.6555226,59,62
