"species_code","score","start_offset_sec","end_offset_sec"
"daejun",0.41624254,0,3
"comyel",0.99623466,3,6
"reevir1",0.943148,6,9
"sonspa",0.9926465,7,10
"indbun",0.9145402,10,13
"pinwar",0.9866778,11,14
"veery",0.96287507,13,16
"houfin",0.25946334,26,29
"norcar",0.6207662,27,30
"bkbwar",0.70330685,29,32
"chispa",0.8619017,30,33
"yelwar",0.35497066,31,34
"amered",0.26551545,32,35
