"species_code","score","start_offset_sec","end_offset_sec"
"amegfi",0.9994625,1,4
"whevir",0.3111692,3,6
"reevir1",0.9972665,7,10
"indbun",0.81781423,16,19
"easowl1",0.9783539,23,26
"carwre",0.998315,26,29
"yetvir",0.26977566,42,45
"amerob",0.4543156,43,46
"cangoo",0.25169313,46,49
"norcar",0.9612029,56,59
"dowwoo",0.4904453,60,63
