"species_code","score","start_offset_sec","end_offset_sec"
"cerwar",0.9995489,9,12
"ovenbi1",0.9975245,10,13
"reevir1",0.83677566,16,19
"btbwar",0.2556799,20,23
"amered",0.99663013,25,28
"kenwar",0.6954048,33,36
"woewar1",0.3386853,33,36
"hoowar",0.26982793,33,36
"warvir",0.44870734,47,50
"bawwar",0.44285414,51,54
"houwre",0.32438165,53,56
