"species_code","score","start_offset_sec","end_offset_sec"
"magwar",0.88462365,1,4
"prowar",0.6568669,3,6
"eastow",0.3425189,5,8
"ovenbi1",0.66050833,9,12
"amered",0.99395686,10,13
"yelwar",0.4389237,16,19
"cerwar",0.9671916,19,22
"kenwar",0.88354653,28,31
"scatan",0.28273523,28,31
"osprey",0.47092837,29,32
