"species_code","score","start_offset_sec","end_offset_sec"
"moudov",0.78778875,1,4
"grycat",0.9999079,11,14
"yelwar",0.87824136,12,15
"brnthr",0.27714595,21,24
"amegfi",0.9771773,23,26
"woothr",0.35550314,33,36
"magwar",0.2872398,34,37
"comyel",0.96996474,36,39
"norcar",0.9734179,38,41
"amered",0.98831373,42,45
"chswar",0.9658628,51,54
"rewbla",0.2559314,57,60
