"species_code","score","start_offset_sec","end_offset_sec"
"rufgro",0.6016332,19,22
"gockin",0.8582488,32,35
"comyel",0.75198406,35,38
"chswar",0.50994897,35,38
"bkbwar",0.9354148,36,39
"reevir1",0.8827265,36,39
"canwar",0.42785728,38,41
"winwre3",0.92032856,44,47
"ovenbi1",0.99952865,50,53
"carwre",0.79143965,53,56
"btbwar",0.97908485,54,57
"bawwar",0.6887645,66,69
