"species_code","score","start_offset_sec","end_offset_sec"
"comyel",0.9164536,14,17
"bawwar",0.7845305,20,23
"amerob",0.5820381,34,37
"reevir1",0.9453961,37,40
"btbwar",0.9639101,39,42
"bkbwar",0.78500295,47,50
"balori",0.2640199,51,54
"grycat",0.8742517,56,59
"canwar",0.57202965,62,65
