"species_code","score","start_offset_sec","end_offset_sec"
"amegfi",0.9997244,0,3
"ovenbi1",0.28481373,3,6
"yebsap",0.95582134,5,8
"amecro",0.42370754,10,13
"eawpew",0.9852481,19,22
"bkcchi",0.7324187,25,28
"reevir1",0.9934122,26,29
"rewbla",0.76578665,33,36
"woothr",0.8450444,34,37
"swaspa",0.74644107,35,38
"sonspa",0.32390383,38,41
"herthr",0.5258781,42,45
