"species_code","score","start_offset_sec","end_offset_sec"
"sonspa",0.9998433,9,12
"chispa",0.4962482,23,26
"houfin",0.3306347,36,39
"amegfi",0.9595564,37,40
"grycat",0.81913835,38,41
"warvir",0.4577527,38,41
"swaspa",0.9996685,47,50
"rewbla",0.9328973,52,55
"reevir1",0.56474036,55,58
"comyel",0.6435163,59,62
"orcori",0.30139473,60,63
"amerob",0.9619869,67,70
"marwre",0.9985621,68,71
"amecro",0.6450061,68,71
