"species_code","score","start_offset_sec","end_offset_sec"
"indbun",0.89385223,0,3
"blujay",0.6112884,3,6
"rewbla",0.5168225,3,6
"yebcha",0.9992763,4,7
"bkcchi",0.30386484,5,8
"amegfi",0.25140712,6,9
"chispa",0.92386025,8,11
"houspa",0.41008958,11,14
"normoc",0.37025297,14,17
"norcar",0.61086124,16,19
"brnthr",0.2645673,16,19
"houfin",0.5581575,17,20
"comyel",0.99240273,23,26
"fiespa",0.29084513,24,27
"sonspa",0.7762897,25,28
