"species_code","score","start_offset_sec","end_offset_sec"
"sonspa",0.98716724,1,4
"amerob",0.88545966,1,4
"bkcchi",0.9018431,19,22
"amegfi",0.55079544,22,25
"grycat",0.39499208,24,27
"baleag",0.87851524,27,30
"reevir1",0.9907057,28,31
"rethaw",0.9843959,28,31
"norcar",0.39979082,31,34
"herthr",0.2940352,36,39
