"species_code","score","start_offset_sec","end_offset_sec"
"yelwar",0.44473892,0,3
"eursta",0.30383718,0,3
"grycat",0.99156743,6,9
"sonspa",0.7785393,10,13
"ruckin",0.3052867,11,14
"indbun",0.96552783,20,23
"houwre",0.9946833,24,27
"buggna",0.77570444,25,28
"norcar",0.8744407,26,29
"carwre",0.26355714,29,32
"normoc",0.31088883,33,36
"balori",0.46097982,35,38
