"species_code","score","start_offset_sec","end_offset_sec"
"henspa",0.28030905,8,11
"boboli",0.32645452,26,29
"blugrb1",0.9099288,60,63
"easblu",0.9786841,81,84
"norcar",0.79307604,152,155
"rewbla",0.41813633,152,155
"carwre",0.9599454,162,165
"normoc",0.58913743,172,175
"fiespa",0.9252803,181,184
"graspa",0.9984644,184,187
"sonspa",0.7843788,195,198
"chispa",0.87004066,205,208
