"species_code","score","start_offset_sec","end_offset_sec"
"amerob",0.31051272,5,8
"blujay",0.9992334,9,12
"carchi",0.27683526,11,14
"whevir",0.2806093,22,25
"carwre",0.9998176,26,29
"eastow",0.9959507,36,39
"brdowl",0.9994589,38,41
"woothr",0.88182366,43,46
"pinwar",0.5264418,46,49
"hoowar",0.97308815,50,53
