"species_code","score","start_offset_sec","end_offset_sec"
"kenwar",0.9193359,4,7
"reevir1",0.8312097,9,12
"dowwoo",0.99875957,11,14
"yetvir",0.786464,15,18
"hoowar",0.9653424,17,20
"normoc",0.86279434,20,23
"norpar",0.33740956,20,23
"woewar1",0.74663615,21,24
"chispa",0.7467113,23,26
"blugrb1",0.6656803,27,30
"carwre",0.9585616,31,34
"swathr",0.5777179,38,41
"buggna",0.32919046,58,61
"norcar",0.6619288,61,64
"brnthr",0.5484411,63,66
"grcfly",0.8319907,64,67
