"species_code","score","start_offset_sec","end_offset_sec"
"yelwar",0.30552793,6,9
"yetvir",0.9087298,13,16
"sedwre1",0.27521095,16,19
"louwat",0.72348297,20,23
"btnwar",0.3040322,21,24
"chispa",0.9314319,28,31
"amerob",0.71318007,28,31
"indbun",0.99755996,33,36
"comyel",0.9840521,35,38
"norpar",0.45542094,36,39
"amegfi",0.31910947,38,41
"reevir1",0.91583693,45,48
"sonspa",0.9796895,46,49
"rewbla",0.8846425,47,50
"warvir",0.44900766,47,50
