"species_code","score","start_offset_sec","end_offset_sec"
"eastow",0.25262365,7,10
"eawpew",0.98813295,8,11
"norcar",0.97473407,8,11
"whbnut",0.9852182,9,12
"amerob",0.6635041,13,16
"warvir",0.99064827,15,18
"sonspa",0.37483755,15,18
"tuftit",0.9945835,16,19
"bkcchi",0.8310523,17,20
"prowar",0.9992822,19,22
"nrwswa",0.44569045,22,25
