"species_code","score","start_offset_sec","end_offset_sec"
"whtspa",0.40409,4,7
"norcar",0.97187716,7,10
"swaspa",0.9855115,10,13
"sonspa",0.9731388,13,16
"yelwar",0.95425034,32,35
"rewbla",0.6234839,38,41
"amerob",0.980814,40,43
"amegfi",0.46322998,46,49
"bkcchi",0.29460296,46,49
"robgro",0.42270193,51,54
"comyel",0.99762946,55,58
"balori",0.2771452,55,58
