"species_code","score","start_offset_sec","end_offset_sec"
"easpho",0.30428925,0,3
"warvir",0.9366895,7,10
"blujay",0.5094136,19,22
"norcar",0.97390956,28,31
"norfli",0.93546575,35,38
"comyel",0.56162435,55,58
"houwre",0.64980793,57,60
"woothr",0.25967133,60,63
"sonspa",0.9999193,64,67
"grycat",0.8937241,68,71
"swaspa",0.39220873,73,76
