"species_code","score","start_offset_sec","end_offset_sec"
"houspa",0.98648685,5,8
"bkcchi",0.8006068,17,20
"amerob",0.548626,17,20
"norfli",0.987816,22,25
"moudov",0.29458076,25,28
"houfin",0.4047893,35,38
"amecro",0.96943575,86,89
"blujay",0.89780337,105,108
"whtspa",0.93007565,120,123
"carwre",0.260071,126,129
