"species_code","score","start_offset_sec","end_offset_sec"
"moudov",0.75137407,1,4
"comyel",0.99676394,9,12
"yebcha",0.4224519,16,19
"tuftit",0.34216753,18,21
"buggna",0.98996127,19,22
"scatan",0.2502677,21,24
"amecro",0.88370615,27,30
"indbun",0.9480857,34,37
"reevir1",0.27452758,36,39
"norcar",0.88716304,38,41
"whevir",0.99846536,42,45
"grcfly",0.60723305,42,45
"carwre",0.9984699,44,47
