"species_code","score","start_offset_sec","end_offset_sec"
"savspa",0.9968091,7,10
"brnthr",0.72198695,12,15
"grycat",0.98625034,13,16
"norcar",0.50696224,13,16
"amerob",0.3111486,18,21
"treswa",0.53391904,23,26
"sonspa",0.9718932,27,30
"graspa",0.99722993,43,46
"boboli",0.4112531,46,49
"amecro",0.9470146,51,54
"barswa",0.7537824,51,54
"amegfi",0.5605424,51,54
"rewbla",0.8966826,56,59
