"species_code","score","start_offset_sec","end_offset_sec"
"easkin",0.9972173,9,12
"rewbla",0.8136675,13,16
"warvir",0.51854664,20,23
"sonspa",0.96543497,25,28
"marwre",0.9691033,28,31
"swaspa",0.8998184,31,34
"amerob",0.7582456,35,38
"normoc",0.30398077,39,42
"grnher",0.25284192,39,42
