"species_code","score","start_offset_sec","end_offset_sec"
"herthr",0.9581251,35,38
"btbwar",0.74541134,53,56
"ovenbi1",0.97097945,88,91
"whtspa",0.30298716,101,104
"fiespa",0.48992437,172,175
"rebnut",0.49156448,182,185
"reevir1",0.99946636,198,201
"whbnut",0.99898314,243,246
"yebsap",0.9719871,251,254
"winwre3",0.9996799,297,300
"magwar",0.994777,299,302
"bkcchi",0.76951,324,327
"comyel",0.4800111,325,328
"amecro",0.30686647,326,329
"woothr",0.6106459,341,344
"btnwar",0.9894309,373,376
