"species_code","score","start_offset_sec","end_offset_sec"
"amegfi",0.43943888,2,5
"fiespa",0.99920064,3,6
"grycat",0.9777891,8,11
"carchi",0.31232658,15,18
"houfin",0.36849585,21,24
"norcar",0.99525297,41,44
"sonspa",0.37038955,43,46
"barswa",0.35068616,50,53
"rehwoo",0.68364596,51,54
"amerob",0.9659098,53,56
"yebcha",0.6065953,55,58
"moudov",0.98491096,59,62
"rewbla",0.656743,63,66
