"species_code","score","start_offset_sec","end_offset_sec"
"carwre",0.9215737,16,19
"yelwar",0.49553055,20,23
"amegfi",0.99817485,25,28
"norcar",0.5013185,33,36
"whtspa",0.34085792,33,36
"graspa",0.8534705,46,49
"sonspa",0.98674244,47,50
"daejun",0.4167887,50,53
"eastow",0.3465352,52,55
"chispa",0.85466945,63,66
"amecro",0.9893358,82,85
"bkcchi",0.58675426,87,90
