"species_code","score","start_offset_sec","end_offset_sec"
"amegfi",0.6353736,0,3
"comyel",0.98277223,1,4
"grycat",0.99324286,4,7
"rewbla",0.9725301,6,9
"swaspa",0.45596674,6,9
"balori",0.6185292,8,11
"cedwax",0.7699751,9,12
"sonspa",0.9979819,10,13
"wilfly",0.9994976,23,26
"amerob",0.8785163,23,26
"whbnut",0.35183147,29,32
"yelwar",0.452972,32,35
