"species_code","score","start_offset_sec","end_offset_sec"
"norcar",0.78901094,7,10
"grcfly",0.96499217,13,16
"sonspa",0.98778236,16,19
"yelwar",0.9991183,18,21
"houspa",0.43745437,35,38
"houfin",0.853804,36,39
"chispa",0.30373955,37,40
"cedwax",0.93121135,41,44
"indbun",0.40466687,41,44
