"species_code","score","start_offset_sec","end_offset_sec"
"normoc",0.29659688,1,4
"amerob",0.9379342,6,9
"amecro",0.98027855,9,12
"woothr",0.2769268,9,12
"blujay",0.78279006,11,14
"purfin",0.3864522,13,16
"rewbla",0.99663943,15,18
"sedwre1",0.99967825,23,26
"sonspa",0.9472343,27,30
"norcar",0.6364767,31,34
"bkcchi",0.45554855,36,39
"amegfi",0.94241804,43,46
"gockin",0.26121026,43,46
"marwre",0.30918908,47,50
