"species_code","score","start_offset_sec","end_offset_sec"
"warvir",0.9971733,2,5
"houwre",0.8902915,4,7
"balori",0.44533083,4,7
"yelwar",0.8201006,8,11
"sonspa",0.99954724,20,23
"amegfi",0.46307373,28,31
"buhvir",0.8758474,29,32
"comyel",0.94479114,30,33
"amerob",0.9973003,34,37
"yetvir",0.98685104,42,45
"cerwar",0.37103426,42,45
"moudov",0.41409987,46,49
"rewbla",0.7584363,58,61
"purfin",0.29660472,74,77
"easblu",0.60837936,85,88
"bkcchi",0.37634373,86,89
