"species_code","score","start_offset_sec","end_offset_sec"
"blujay",0.9988889,7,10
"fiespa",0.9959431,16,19
"amegfi",0.97534496,30,33
"sonspa",0.9713911,61,64
"ovenbi1",0.71548295,68,71
"daejun",0.3045297,79,82
"chswar",0.9073102,89,92
"hoowar",0.3694488,89,92
"btbwar",0.96389675,94,97
"comgra",0.76648664,105,108
"rewbla",0.71479756,116,119
"comyel",0.99049336,167,170
"moudov",0.6374376,173,176
"amerob",0.99977577,175,178
"eastow",0.99534136,183,186
"bkcchi",0.38707584,202,205
