"species_code","score","start_offset_sec","end_offset_sec"
"houspa",0.25136992,1,4
"blujay",0.7586152,9,12
"wilfly",0.9997306,17,20
"rewbla",0.9595891,41,44
"indbun",0.56220996,45,48
"sonspa",0.99908215,49,52
"amegfi",0.99923754,55,58
"whtspa",0.45378634,76,79
"whevir",0.6605752,77,80
"fiespa",0.9014916,78,81
"swathr",0.2580751,82,85
"amecro",0.4727051,86,89
