"species_code","score","start_offset_sec","end_offset_sec"
"norcar",0.6447219,1,4
"hoowar",0.3588398,3,6
"comyel",0.8857434,5,8
"reevir1",0.46503595,5,8
"sonspa",0.8749886,7,10
"eastow",0.8246735,13,16
"osprey",0.29197013,13,16
"blujay",0.8603893,27,30
"rewbla",0.75704926,29,32
"amegfi",0.7897207,31,34
"moudov",0.46884406,31,34
"yebcuc",0.9996111,36,39
