"species_code","score","start_offset_sec","end_offset_sec"
"bkcchi",0.96103513,0,3
"buhvir",0.9562006,20,23
"whtspa",0.5290984,22,25
"houspa",0.46208164,25,28
"reevir1",0.83922935,27,30
"herthr",0.25240594,27,30
"yebsap",0.8651437,31,34
"coohaw",0.9914407,35,38
"purfin",0.35950592,38,41
