"species_code","score","start_offset_sec","end_offset_sec"
"cedwax",0.99458593,0,3
"whtspa",0.4285371,6,9
"bkcchi",0.8658869,7,10
"swaspa",0.9992227,8,11
"mallar3",0.5506997,15,18
"grbher3",0.25648355,15,18
"whbnut",0.8302774,16,19
"comyel",0.8111929,17,20
"rewbla",0.99500495,18,21
"amerob",0.9987525,19,22
"daejun",0.9127662,21,24
