"species_code","score","start_offset_sec","end_offset_sec"
"indbun",0.26306057,7,10
"carchi",0.99957836,9,12
"savspa",0.35215914,19,22
"tuftit",0.28533286,29,32
"louwat",0.99999386,38,41
"eawpew",0.30376902,47,50
"cedwax",0.48266676,52,55
"buggna",0.26050702,64,67
"blujay",0.9530522,68,71
"norcar",0.9412532,76,79
