"species_code","score","start_offset_sec","end_offset_sec"
"carwre",0.44035944,8,11
"caster1",0.8037454,12,15
"sonspa",0.9912183,17,20
"blujay",0.38481218,17,20
"virrai",0.97033453,22,25
"mallar3",0.29526952,29,32
"sora",0.40553623,41,44
"killde",0.42636183,45,48
"norcar",0.35867348,46,49
"purmar",0.28953606,47,50
"ribgul",0.9980435,77,80
