"species_code","score","start_offset_sec","end_offset_sec"
"woothr",0.41004542,8,11
"amegfi",0.74358606,27,30
"eastow",0.4061968,29,32
"sonspa",0.46658432,31,34
"blujay",0.96019113,39,42
"indbun",0.32796955,47,50
"gockin",0.34254247,77,80
"boboli",0.2602507,87,90
"daejun",0.99187225,93,96
