"species_code","score","start_offset_sec","end_offset_sec"
"yelwar",0.4615897,5,8
"grycat",0.9999795,11,14
"amecro",0.3731665,17,20
"amered",0.3199363,18,21
"fiespa",0.999719,28,31
"amerob",0.88653743,28,31
"cedwax",0.9831717,31,34
"bkcchi",0.50300974,31,34
"eastow",0.9983112,37,40
"sonspa",0.4016073,38,41
"blujay",0.36566067,39,42
