"species_code","score","start_offset_sec","end_offset_sec"
"norcar",0.9883797,18,21
"cedwax",0.9404882,18,21
"eawpew",0.99394524,19,22
"amecro",0.99620974,27,30
"grcfly",0.99149346,29,32
"reevir1",0.93955255,31,34
"pilwoo",0.99308485,45,48
"amerob",0.9986608,47,50
"bkcchi",0.9997227,50,53
"scatan",0.5803177,52,55
"sonspa",0.358739,52,55
"eastow",0.83563375,53,56
"carwre",0.28004616,61,64
