"species_code","score","start_offset_sec","end_offset_sec"
"whtspa",0.71721286,7,10
"sonspa",0.9998619,10,13
"comyel",0.5988428,14,17
"carwre",0.25892624,18,21
"amegfi",0.85929644,19,22
"eastow",0.78909075,23,26
"norcar",0.9918885,25,28
"houspa",0.99056804,36,39
"pinwar",0.3092489,39,42
