"species_code","score","start_offset_sec","end_offset_sec"
"carwre",0.99966955,0,3
"magwar",0.31280237,11,14
"yelwar",0.97801214,12,15
"swathr",0.42358586,23,26
"norcar",0.7401501,29,32
"buggna",0.47047797,37,40
"amerob",0.2609866,75,78
"rehwoo",0.60429245,76,79
"woothr",0.40850338,86,89
"bkcchi",0.99205947,90,93
"comyel",0.98964214,97,100
"grycat",0.99876404,99,102
"amegfi",0.31719458,108,111
"houspa",0.4400266,128,131
