"species_code","score","start_offset_sec","end_offset_sec"
"carwre",0.9662824,4,7
"norcar",0.8701575,6,9
"pilwoo",0.9907244,8,11
"buwwar",0.28610033,11,14
"whbnut",0.9998528,21,24
"sonspa",0.98859406,24,27
"buggna",0.61469066,27,30
"amecro",0.99124414,29,32
"eastow",0.74398565,31,34
"fiscro",0.9500086,36,39
"fiespa",0.8075331,37,40
"yebcha",0.4021674,37,40
"easpho",0.7839377,41,44
