"species_code","score","start_offset_sec","end_offset_sec"
"houwre",0.99995655,3,6
"grycat",0.96365386,6,9
"norcar",0.32654375,8,11
"comyel",0.97391117,21,24
"reevir1",0.6511869,21,24
"rewbla",0.9146322,38,41
"comgra",0.9974442,97,100
"ovenbi1",0.25176743,122,125
"sonspa",0.25333765,138,141
"marwre",0.54246885,143,146
"osprey",0.7548519,147,150
"cedwax",0.6062326,175,178
"houspa",0.5751026,236,239
