"species_code","score","start_offset_sec","end_offset_sec"
"balori",0.40579396,0,3
"comyel",0.99861157,3,6
"amerob",0.70875204,3,6
"norcar",0.28923982,6,9
"grycat",0.9972422,8,11
"marwre",0.6619315,8,11
"aldfly",0.44359523,18,21
"wilfly",0.4074194,18,21
"barswa",0.97574776,22,25
"sonspa",0.9757453,29,32
"swathr",0.37569377,30,33
"swaspa",0.9723803,34,37
"easkin",0.9645065,34,37
"rewbla",0.6509019,41,44
