"species_code","score","start_offset_sec","end_offset_sec"
"blujay",0.5612819,14,17
"amegfi",0.9976831,23,26
"tuftit",0.4029818,43,46
"easpho",0.42673695,76,79
"acafly",0.7081122,106,109
"bkcchi",0.8191491,118,121
"carchi",0.7104711,119,122
"normoc",0.34247917,130,133
"bnhnut",0.79160625,134,137
"norcar",0.93104404,159,162
"norfli",0.9889884,161,164
"houspa",0.5163904,197,200
"houfin",0.32902154,198,201
"sonspa",0.6658973,199,202
