"species_code","score","start_offset_sec","end_offset_sec"
"blujay",0.9875125,9,12
"amecro",0.90446407,12,15
"grycat",0.7865198,12,15
"carwre",0.8863749,13,16
"whbnut",0.27138966,15,18
"norcar",0.5734518,16,19
"fiespa",0.99298817,18,21
"bkcchi",0.2846463,18,21
"sonspa",0.38879645,20,23
"amerob",0.9213328,23,26
"yetvir",0.35504594,23,26
"moudov",0.25897995,24,27
