"species_code","score","start_offset_sec","end_offset_sec"
"carwre",0.4721019,2,5
"norcar",0.99665123,4,7
"normoc",0.9309883,9,12
"easblu",0.95127445,13,16
"brnthr",0.99973303,22,25
"tuftit",0.957066,23,26
"grycat",0.5862046,30,33
"rewbla",0.26604602,33,36
"yebcha",0.35005817,35,38
"indbun",0.9614009,36,39
