"species_code","score","start_offset_sec","end_offset_sec"
"normoc",0.7032492,1,4
"norcar",0.9797949,7,10
"rewbla",0.31395423,7,10
"wiltur",0.7667336,10,13
"whbnut",0.7682245,16,19
"swaspa",0.36964333,16,19
"blujay",0.48703465,18,21
"sonspa",0.42867905,19,22
"grnher",0.9786947,23,26
"bkcchi",0.98345643,26,29
"reevir1",0.45484388,27,30
"carchi",0.40387493,28,31
