"species_code","score","start_offset_sec","end_offset_sec"
"houspa",0.40327847,25,28
"reevir1",0.9615409,35,38
"purfin",0.33005267,48,51
"comyel",0.5496008,49,52
"daejun",0.6295166,60,63
"cedwax",0.8837555,70,73
"buhvir",0.9406247,140,143
"comrav",0.79391104,158,161
"amecro",0.9839196,166,169
"blujay",0.89227057,166,169
"norfli",0.333692,167,170
