"species_code","score","start_offset_sec","end_offset_sec"
"herthr",0.866496,10,13
"btnwar",0.5938254,20,23
"buhvir",0.99990547,27,30
"norcar",0.25025272,31,34
"scatan",0.6179037,42,45
"woothr",0.99452245,69,72
"swathr",0.29294026,70,73
"carchi",0.6986974,76,79
"bkcchi",0.97534645,78,81
"amerob",0.38617256,103,106
"blujay",0.31677067,106,109
"whbnut",0.58761746,120,123
"pilwoo",0.99766815,128,131
"reevir1",0.98870206,135,138
