"species_code","score","start_offset_sec","end_offset_sec"
"buhvir",0.9992206,3,6
"amerob",0.2738823,5,8
"carchi",0.52782327,8,11
"bkcchi",0.98106694,13,16
"rthhum",0.4994372,36,39
"scatan",0.98959804,39,42
"herthr",0.9777971,43,46
"norcar",0.46836352,44,47
"reevir1",0.297294,53,56
"woothr",0.99966043,55,58
"tuftit",0.656855,56,59
