"species_code","score","start_offset_sec","end_offset_sec"
"comyel",0.33880126,11,14
"balori",0.4696218,14,17
"eastow",0.9981998,22,25
"norcar",0.9312851,39,42
"whtspa",0.48719513,40,43
"amegfi",0.98307145,42,45
"tuftit",0.9803434,43,46
"pinwar",0.900158,44,47
"carchi",0.8157195,52,55
"chiswi",0.6284052,58,61
"moudov",0.30462477,59,62
"norwat",0.9931072,73,76
"veery",0.4857942,75,78
"carwre",0.9969617,93,96
"amecro",0.95836645,103,106
"sonspa",0.99862117,114,117
"canwar",0.28696316,129,132
