"species_code","score","start_offset_sec","end_offset_sec"
"boboli",0.97946846,10,13
"rewbla",0.9964608,11,14
"sedwre1",0.99327236,15,18
"wiltur",0.332648,27,30
"treswa",0.26914352,27,30
"fiespa",0.26494864,28,31
"swaspa",0.961911,32,35
"moudov",0.9279726,35,38
"henspa",0.9999974,39,42
"amecro",0.2599735,54,57
"sonspa",0.6348746,55,58
"easmea",0.8958182,70,73
"norcar",0.43668637,70,73
