"species_code","score","start_offset_sec","end_offset_sec"
"sonspa",0.9934869,7,10
"comgra",0.89687324,25,28
"laugul",0.6365372,26,29
"comrav",0.32892254,27,30
"houspa",0.8648631,46,49
"rewbla",0.5561897,51,54
"cangoo",0.99963474,67,70
"norcar",0.66124016,142,145
"cedwax",0.94776803,144,147
"eursta",0.98191386,146,149
"normoc",0.44258204,149,152
"comter",0.40226907,153,156
"bbwduc",0.3885712,158,161
"forter",0.5892172,168,171
"amerob",0.45303574,171,174
"houfin",0.35277596,178,181
