"species_code","score","start_offset_sec","end_offset_sec"
"royter1",0.3280519,44,47
"blujay",0.6563681,64,67
"mallar3",0.77130073,89,92
"amerob",0.30233344,96,99
"coohaw",0.2957598,99,102
"amecro",0.27238226,122,125
"sonspa",0.9793337,156,159
"blkski",0.29485103,170,173
"ribgul",0.9602398,200,203
"rewbla",0.9836778,216,219
"laugul",0.99719346,258,261
"houspa",0.8083242,275,278
"houfin",0.7951224,285,288
