"species_code","score","start_offset_sec","end_offset_sec"
"houfin",0.27195472,1,4
"sora",0.83439314,14,17
"moudov",0.9964589,22,25
"whbnut",0.7279363,22,25
"amerob",0.86249745,23,26
"warvir",0.5156536,24,27
"norbob",0.4118545,27,30
"barswa",0.9946445,41,44
"yebcha",0.9999663,48,51
"comyel",0.9775881,50,53
"norcar",0.37373173,53,56
"eastow",0.7711597,58,61
"amecro",0.48568606,64,67
"reevir1",0.3189704,64,67
