"species_code","score","start_offset_sec","end_offset_sec"
"prawar",0.99873924,2,5
"amegfi",0.9980254,6,9
"amecro",0.9860803,7,10
"eawpew",0.87151086,14,17
"reevir1",0.4083552,14,17
"norcar",0.44359437,17,20
"chispa",0.9793334,19,22
"blujay",0.30481797,20,23
"whevir",0.89828956,25,28
"eastow",0.9312046,34,37
"norfli",0.26276028,34,37
