"species_code","score","start_offset_sec","end_offset_sec"
"carwre",0.98251003,1,4
"greegr",0.4148435,4,7
"amerob",0.9830776,6,9
"grycat",0.9965027,10,13
"brnthr",0.57744384,14,17
"warvir",0.9960869,16,19
"norcar",0.59399325,19,22
"blugrb1",0.30479988,24,27
"buggna",0.38133752,25,28
"normoc",0.8128831,29,32
