"species_code","score","start_offset_sec","end_offset_sec"
"carwre",0.5226445,10,13
"sonspa",0.995678,25,28
"indbun",0.36648992,27,30
"buwwar",0.36645257,27,30
"bkcchi",0.8161073,31,34
"chispa",0.9960258,34,37
"balori",0.34660247,45,48
"amerob",0.976699,47,50
"norcar",0.42365,58,61
"eastow",0.9992268,61,64
"cedwax",0.9974096,61,64
