"species_code","score","start_offset_sec","end_offset_sec"
"acafly",0.9179239,0,3
"canwar",0.9999859,21,24
"amerob",0.2517325,25,28
"ovenbi1",0.27430892,38,41
"bkcchi",0.79798263,42,45
"leafly",0.377873,47,50
"yerwar",0.335879,66,69
"moudov",0.32265764,85,88
"comyel",0.29803824,98,101
"louwat",0.54384786,109,112
"reevir1",0.98602736,124,127
"daejun",0.9961226,151,154
