"species_code","score","start_offset_sec","end_offset_sec"
"eawpew",0.9943882,3,6
"louwat",0.9998119,6,9
"yebcuc",0.9874071,12,15
"reevir1",0.955761,12,15
"whbnut",0.668726,14,17
"scatan",0.99430615,18,21
"bkpwar",0.6936856,27,30
"daejun",0.575118,28,31
"acafly",0.9834286,31,34
"woothr",0.9987874,36,39
"ovenbi1",0.99760455,42,45
"tuftit",0.27393776,42,45
