"species_code","score","start_offset_sec","end_offset_sec"
"yetwar",0.2651329,7,10
"acafly",0.996686,29,32
"carwre",0.9998834,42,45
"prowar",0.9988334,45,48
"norcar",0.9347989,48,51
"amerob",0.38160524,55,58
"dowwoo",0.898729,64,67
"hoowar",0.27110994,71,74
"reevir1",0.86422735,78,81
"tuftit",0.94877064,84,87
"amecro",0.94412327,91,94
