"species_code","score","start_offset_sec","end_offset_sec"
"reevir1",0.89243186,13,16
"prowar",0.9968849,18,21
"amerob",0.46834904,24,27
"amecro",0.9846193,26,29
"buggna",0.9527344,36,39
"carwre",0.99540055,39,42
"libher",0.56265664,47,50
"tuftit",0.96374094,58,61
"louwat",0.53395915,59,62
"swawar",0.3078083,59,62
"rebwoo",0.8731762,60,63
