"species_code","score","start_offset_sec","end_offset_sec"
"woothr",0.7202026,9,12
"rewbla",0.9726011,25,28
"leafly",0.99342805,41,44
"yelwar",0.99719894,49,52
"reevir1",0.97699875,52,55
"moudov",0.57414365,72,75
"balori",0.9921999,96,99
"comyel",0.5957828,97,100
"indbun",0.49405593,97,100
