"species_code","score","start_offset_sec","end_offset_sec"
"yelwar",0.9803123,4,7
"sonspa",0.34386203,12,15
"yetvir",0.9831018,13,16
"norcar",0.98585624,15,18
"reevir1",0.9834549,15,18
"comyel",0.9406745,16,19
"rewbla",0.87800944,18,21
"rebwoo",0.9803997,20,23
"tuftit",0.63195217,20,23
"acafly",0.82327455,26,29
