"species_code","score","start_offset_sec","end_offset_sec"
"bkbwar",0.36038253,0,3
"warvir",0.28510267,4,7
"buhvir",0.61963403,6,9
"rebnut",0.95090055,9,12
"gockin",0.9927373,12,15
"comyel",0.9945975,13,16
"purfin",0.9427841,20,23
"eawpew",0.8821471,27,30
"ovenbi1",0.999916,29,32
"balori",0.27113652,30,33
"bkcchi",0.3369867,31,34
"acafly",0.99489015,36,39
