"species_code","score","start_offset_sec","end_offset_sec"
"mouwar",0.9965644,0,3
"woothr",0.7938918,5,8
"norcar",0.43558404,5,8
"reevir1",0.82078886,6,9
"ovenbi1",0.98717624,11,14
"cedwax",0.4877251,13,16
"comyel",0.4765268,15,18
"eastow",0.9997621,22,25
"daejun",0.2947058,24,27
"eawpew",0.99679834,26,29
"whbnut",0.69986975,28,31
"kenwar",0.9363296,32,35
