"species_code","score","start_offset_sec","end_offset_sec"
"amerob",0.9843702,2,5
"btnwar",0.3722571,3,6
"sonspa",0.8939755,4,7
"tuftit",0.9998517,10,13
"amered",0.9963527,14,17
"carchi",0.64136314,15,18
"balori",0.54453665,19,22
"amecro",0.92094636,21,24
"woothr",0.9967812,22,25
"norcar",0.9244579,22,25
"carwre",0.25673383,27,30
