"species_code","score","start_offset_sec","end_offset_sec"
"amerob",0.3494434,3,6
"chswar",0.90041745,12,15
"yelwar",0.5449054,12,15
"comyel",0.99636924,14,17
"houwre",0.26704225,15,18
"woothr",0.88013804,18,21
"amecro",0.92927486,21,24
"bkcchi",0.34576705,21,24
"eastow",0.6938407,23,26
