"species_code","score","start_offset_sec","end_offset_sec"
"eastow",0.99614954,8,11
"chswar",0.55963784,25,28
"mouwar",0.38534054,34,37
"comyel",0.9731119,35,38
"cedwax",0.9999559,44,47
"ovenbi1",0.3008281,44,47
"cerwar",0.997287,47,50
"yelwar",0.97417414,57,60
"gowwar",0.99917257,61,64
"veery",0.77889276,77,80
"amered",0.9986158,91,94
"reevir1",0.93851197,92,95
