"species_code","score","start_offset_sec","end_offset_sec"
"amecro",0.9862477,2,5
"sonspa",0.9563992,2,5
"rewbla",0.32454377,2,5
"houwre",0.9517602,11,14
"graspa",0.9960457,12,15
"vesspa",0.26511672,12,15
"fiespa",0.99885184,14,17
"indbun",0.5667694,14,17
"amerob",0.70984226,16,19
"eastow",0.40217525,17,20
"amegfi",0.29900846,17,20
