"species_code","score","start_offset_sec","end_offset_sec"
"moudov",0.44929224,2,5
"amerob",0.6520805,13,16
"bnhcow",0.8074879,15,18
"warvir",0.94175845,20,23
"comyel",0.8420877,24,27
"cedwax",0.27793515,32,35
"yelwar",0.9995834,46,49
"comgra",0.48526904,51,54
"swaspa",0.99772066,75,78
"reevir1",0.9560306,78,81
"houspa",0.51504624,82,85
"houwre",0.7114797,91,94
"rewbla",0.99820936,95,98
"amegfi",0.8553568,120,123
