"species_code","score","start_offset_sec","end_offset_sec"
"amerob",0.9678421,6,9
"eastow",0.6457099,20,23
"acafly",0.95335084,22,25
"kenwar",0.4100286,23,26
"bkcchi",0.5911175,25,28
"woewar1",0.99500453,27,30
"norcar",0.9970648,32,35
"grycat",0.38639492,44,47
"buhvir",0.5487566,48,51
"reevir1",0.9528994,56,59
