"species_code","score","start_offset_sec","end_offset_sec"
"carwre",0.7329739,0,3
"yelwar",0.624918,1,4
"purfin",0.43091556,2,5
"gockin",0.6093334,7,10
"reevir1",0.95881784,10,13
"yerwar",0.36904377,11,14
"comyel",0.3155836,12,15
"tuftit",0.52730626,13,16
"chswar",0.98836845,20,23
"cedwax",0.99968714,22,25
"amegfi",0.7728896,24,27
"bawwar",0.9827646,28,31
"mouwar",0.99832827,31,34
