"species_code","score","start_offset_sec","end_offset_sec"
"clcspa",0.3767999,58,61
"comrav",0.78988713,60,63
"henspa",0.99856085,64,67
"easmea",0.73644686,138,141
"rewbla",0.94946706,149,152
"comgra",0.935888,149,152
"pilwoo",0.29968038,149,152
"eursta",0.25717595,149,152
"yelwar",0.98868275,198,201
"amerob",0.84254867,198,201
"savspa",0.820608,198,201
"comyel",0.7245401,227,230
"boboli",0.9999709,230,233
