"species_code","score","start_offset_sec","end_offset_sec"
"amerob",0.6681077,4,7
"reevir1",0.4022385,10,13
"eastow",0.25762352,10,13
"norcar",0.9574882,11,14
"bnhcow",0.7209247,11,14
"swaspa",0.4543179,16,19
"louwat",0.34772876,20,23
"amegfi",0.97126746,27,30
"chispa",0.29775172,29,32
"warvir",0.9827929,34,37
"rewbla",0.92371935,36,39
"woothr",0.80600816,37,40
"buggna",0.9996324,39,42
"scatan",0.9739561,41,44
"yelwar",0.94702613,49,52
"grycat",0.8574319,49,52
