"species_code","score","start_offset_sec","end_offset_sec"
"eawpew",0.8523251,9,12
"grycat",0.9721109,20,23
"amerob",0.7729958,26,29
"houwre",0.64122605,27,30
"comrav",0.99934167,29,32
"reevir1",0.9503922,32,35
"wiltur",0.27482846,32,35
"woothr",0.7685039,35,38
"hoowar",0.440764,38,41
"scatan",0.9752878,49,52
"herthr",0.81349516,64,67
"yebsap",0.3178191,70,73
