"species_code","score","start_offset_sec","end_offset_sec"
"amegfi",0.5611389,0,3
"sonspa",0.99179465,11,14
"grycat",0.84980243,15,18
"amecro",0.99212754,20,23
"easpho",0.99978685,24,27
"yelwar",0.97833365,25,28
"daejun",0.36879212,33,36
"buggna",0.40133587,38,41
"moudov",0.9195843,40,43
"bnhcow",0.9517307,46,49
"comyel",0.53734267,48,51
"btnwar",0.864272,50,53
"comgra",0.26594707,53,56
"indbun",0.9985966,57,60
"rewbla",0.55563504,61,64
"blujay",0.65202177,71,74
"normoc",0.8303143,73,76
