"species_code","score","start_offset_sec","end_offset_sec"
"grycat",0.9999959,0,3
"yelwar",0.9219837,4,7
"indbun",0.89620364,6,9
"veery",0.99957746,7,10
"daejun",0.25492084,7,10
"houspa",0.2577565,16,19
"amecro",0.92612606,19,22
"moudov",0.29827514,22,25
"amegfi",0.9583869,25,28
"norcar",0.2613231,25,28
"sonspa",0.9982815,28,31
"rewbla",0.71049637,31,34
"whtspa",0.4356494,34,37
