"species_code","score","start_offset_sec","end_offset_sec"
"scatan",0.32849175,0,3
"veery",0.99973977,4,7
"norcar",0.26791945,6,9
"dowwoo",0.5884452,11,14
"reevir1",0.89710623,15,18
"bkcchi",0.51677686,21,24
"robgro",0.9998759,24,27
"ovenbi1",0.9749153,33,36
"woothr",0.93530405,33,36
"balori",0.47308266,34,37
