"species_code","score","start_offset_sec","end_offset_sec"
"blujay",0.94184685,56,59
"amegfi",0.5803947,72,75
"savspa",0.36085013,75,78
"dickci",0.99998474,81,84
"eursta",0.44476783,85,88
"rewbla",0.9964173,92,95
"sonspa",0.9680248,96,99
"easmea",0.35831976,99,102
"comyel",0.9367723,153,156
"horlar",0.76633024,154,157
"chispa",0.72611684,173,176
