"species_code","score","start_offset_sec","end_offset_sec"
"bnhcow",0.99423903,8,11
"comyel",0.9524178,12,15
"daejun",0.9999973,13,16
"rewbla",0.7472633,23,26
"eastow",0.2643359,23,26
"swaspa",0.35938522,25,28
"yerwar",0.931118,27,30
"blujay",0.9805255,30,33
"woothr",0.8013885,33,36
"btnwar",0.76972353,39,42
"amecro",0.98996085,56,59
"norwat",0.9813472,59,62
