"species_code","score","start_offset_sec","end_offset_sec"
"yebcha",0.31664664,8,11
"yelwar",0.88184416,14,17
"veery",0.9972357,29,32
"norfli",0.4915032,35,38
"yerwar",0.55380094,54,57
"woothr",0.99968773,56,59
"swathr",0.678878,59,62
"bkcchi",0.8113837,64,67
"amerob",0.9985195,67,70
"grycat",0.725469,74,77
