"species_code","score","start_offset_sec","end_offset_sec"
"cliswa",0.9897494,4,7
"amecro",0.94209135,17,20
"norcar",0.4411002,17,20
"comrav",0.6073216,18,21
"wiltur",0.7124469,19,22
"cangoo",0.2538307,30,33
"yetvir",0.9519006,37,40
"fiscro",0.28821522,53,56
"carwre",0.68599933,56,59
"yebcha",0.7889398,57,60
"reevir1",0.9626476,58,61
"bawwar",0.9061699,63,66
"cedwax",0.8471575,65,68
"grbher3",0.252228,75,78
