"species_code","score","start_offset_sec","end_offset_sec"
"ovenbi1",0.25003263,8,11
"amerob",0.88067675,11,14
"norfli",0.97876126,12,15
"tuftit",0.98239374,64,67
"chiswi",0.9728184,113,116
"blujay",0.99621284,116,119
"perfal",0.9311093,170,173
