"species_code","score","start_offset_sec","end_offset_sec"
"amegfi",0.98938054,5,8
"rocpig",0.54752463,21,24
"blujay",0.9914253,49,52
"dowwoo",0.30640304,58,61
"carchi",0.8116947,106,109
"rebwoo",0.998831,108,111
"warvir",0.45145273,109,112
"normoc",0.2851588,118,121
"whtspa",0.5785232,120,123
"chiswi",0.98412025,124,127
"norcar",0.26185006,151,154
"veery",0.29374665,163,166
"amerob",0.73786443,187,190
"swathr",0.32678792,195,198
"grycat",0.9761335,198,201
"sonspa",0.99951875,210,213
