"species_code","score","start_offset_sec","end_offset_sec"
"rebnut",0.9930894,6,9
"yerwar",0.3334809,9,12
"magwar",0.9722563,11,14
"norfli",0.9382861,12,15
"herthr",0.99266374,13,16
"sonspa",0.8986139,18,21
"gockin",0.47488707,22,25
"eastow",0.2682634,23,26
"winwre3",0.9993857,25,28
"amegfi",0.6760748,27,30
"daejun",0.8184234,38,41
"swathr",0.998067,39,42
