"species_code","score","start_offset_sec","end_offset_sec"
"shbdow",0.56182694,4,7
"amegfi",0.70258325,6,9
"eursta",0.25686684,13,16
"rewbla",0.968613,23,26
"cangoo",0.8601414,25,28
"orcori",0.25726995,28,31
"mallar3",0.8506211,32,35
"wooduc",0.62835854,32,35
"sonspa",0.9856345,40,43
"caster1",0.81945336,44,47
"swaspa",0.85368985,56,59
"marwre",0.38475886,84,87
"comgra",0.5530526,93,96
"comyel",0.9390219,97,100
"easkin",0.8665011,122,125
