"species_code","score","start_offset_sec","end_offset_sec"
"rebnut",0.64812356,1,4
"yerwar",0.27639878,1,4
"magwar",0.44190726,9,12
"redcro",0.8448396,10,13
"houfin",0.49506187,14,17
"normoc",0.42246687,15,18
"grycat",0.32640207,16,19
"sonspa",0.9334032,21,24
"comyel",0.9992797,23,26
"yebcha",0.98055065,23,26
"cedwax",0.35803387,26,29
"rewbla",0.8594212,32,35
"yelwar",0.2531914,40,43
"chswar",0.8972065,49,52
