"species_code","score","start_offset_sec","end_offset_sec"
"grycat",0.4613123,10,13
"houwre",0.8485646,13,16
"normoc",0.98746425,14,17
"norcar",0.9785918,15,18
"carwre",0.329871,22,25
"amegfi",0.75203323,26,29
"blujay",0.9978831,31,34
"amecro",0.46980447,54,57
"moudov",0.99930567,59,62
"carchi",0.8103587,59,62
