"species_code","score","start_offset_sec","end_offset_sec"
"blujay",0.68217623,1,4
"rebnut",0.35000366,27,30
"cedwax",0.46090573,56,59
"swaspa",0.440914,56,59
"daejun",0.3736539,57,60
"rewbla",0.8789152,69,72
"redcro",0.9999287,96,99
"amerob",0.9630258,108,111
"comyel",0.99897724,146,149
"woothr",0.5757202,146,149
"yebcha",0.7058348,162,165
"pinwar",0.3804554,187,190
"canwar",0.4804106,199,202
"chswar",0.26101416,224,227
"grycat",0.8614546,234,237
