"species_code","score","start_offset_sec","end_offset_sec"
"veery",0.59473175,1,4
"comyel",0.8614821,8,11
"norcar",0.34268144,8,11
"norfli",0.9991065,16,19
"sonspa",0.9885403,19,22
"reevir1",0.9990217,24,27
"bkcchi",0.28480712,31,34
"carwre",0.309977,35,38
"blujay",0.54698753,39,42
"bawwar",0.31892115,43,46
"amecro",0.9948229,58,61
