"species_code","score","start_offset_sec","end_offset_sec"
"cedwax",0.98692346,0,3
"magwar",0.62773764,1,4
"daejun",0.25515696,4,7
"whwcro",0.91153646,12,15
"rewbla",0.51681113,12,15
"redcro",0.9991034,20,23
"aldfly",0.9894999,23,26
"whtspa",0.95273095,23,26
"comyel",0.61301345,26,29
"sonspa",0.37464026,27,30
"purfin",0.73303336,33,36
"yerwar",0.35210317,35,38
"naswar",0.9683914,49,52
