"species_code","score","start_offset_sec","end_offset_sec"
"grycat",0.6866777,4,7
"sonspa",0.99320626,11,14
"sedwre1",0.7155955,16,19
"comyel",0.30675003,21,24
"rewbla",0.9288792,23,26
"amegfi",0.71988165,24,27
"comgra",0.5582236,24,27
"daejun",0.55970585,30,33
"aldfly",0.32248294,30,33
"swaspa",0.99434906,49,52
"boboli",0.9647959,50,53
"savspa",0.28597263,50,53
"normoc",0.2671988,51,54
"wilfly",0.36514866,53,56
"amerob",0.88860404,57,60
