"species_code","score","start_offset_sec","end_offset_sec"
"robgro",0.9872314,4,7
"cedwax",0.9963452,6,9
"eastow",0.9738237,12,15
"houfin",0.5194139,19,22
"brncre",0.92562217,20,23
"grycat",0.3059021,24,27
"balori",0.48465976,31,34
"amerob",0.9932874,34,37
"whbnut",0.49632686,37,40
"veery",0.39163554,46,49
"reevir1",0.9129546,52,55
"blujay",0.9587802,54,57
"norcar",0.26271838,55,58
"easblu",0.49465555,56,59
"amegfi",0.2673608,57,60
