"species_code","score","start_offset_sec","end_offset_sec"
"amerob",0.9571345,2,5
"amecro",0.48516685,6,9
"reevir1",0.60383964,19,22
"brdowl",0.604285,20,23
"wiltur",0.60067374,20,23
"ovenbi1",0.28638932,83,86
"whtspa",0.48315334,103,106
"blujay",0.9882998,104,107
"warvir",0.61145234,113,116
"tuftit",0.52950895,120,123
"whbnut",0.98663473,127,130
"norfli",0.87798625,134,137
"bkcchi",0.9999355,148,151
"rebnut",0.9995848,154,157
"yebsap",0.7276519,162,165
"comyel",0.7563967,166,169
