"species_code","score","start_offset_sec","end_offset_sec"
"blujay",0.9749933,9,12
"comyel",0.9977914,25,28
"grycat",0.28498614,53,56
"rebwoo",0.26864424,55,58
"rewbla",0.4810516,71,74
"sonspa",0.99946547,79,82
"swaspa",0.95317185,89,92
"norfli",0.98955184,106,109
"yerwar",0.69791424,109,112
