"species_code","score","start_offset_sec","end_offset_sec"
"ribgul",0.43415073,3,6
"amecro",0.82326,21,24
"caster1",0.99997944,77,80
"mallar3",0.9541143,96,99
"sonspa",0.72135293,111,114
"cangoo",0.36451072,113,116
"carwre",0.5881525,114,117
"eursta",0.49558234,114,117
