"species_code","score","start_offset_sec","end_offset_sec"
"killde",0.99990463,2,5
"rewbla",0.36548054,3,6
"amegfi",0.9911399,26,29
"rethaw",0.28549907,27,30
"leasan",0.99697226,31,34
"baleag",0.3728925,42,45
"blujay",0.85351014,43,46
"sonspa",0.60903716,43,46
"caster1",0.35210672,46,49
"osprey",0.99923694,50,53
"tuftit",0.6356649,60,63
"yelwar",0.536339,62,65
