"species_code","score","start_offset_sec","end_offset_sec"
"sonspa",0.9830604,3,6
"killde",0.3090959,12,15
"moudov",0.30635574,18,21
"houfin",0.27299136,19,22
"bkcchi",0.901264,32,35
"blujay",0.26033017,32,35
"sedwre1",0.77168626,45,48
"grycat",0.9791237,46,49
"comyel",0.9656759,73,76
"amegfi",0.99982965,75,78
