"species_code","score","start_offset_sec","end_offset_sec"
"nrwswa",0.9998349,7,10
"fiscro",0.90269464,12,15
"bnhcow",0.8117986,14,17
"reevir1",0.9834434,15,18
"blugrb1",0.69186926,15,18
"amerob",0.7189791,17,20
"yetvir",0.43160558,19,22
"rewbla",0.31143954,22,25
"houspa",0.2835165,22,25
"tuftit",0.9133332,24,27
"carchi",0.64727324,30,33
