"species_code","score","start_offset_sec","end_offset_sec"
"carwre",0.8580046,23,26
"rewbla",0.54036677,24,27
"norcar",0.48878115,47,50
"bnhcow",0.5174554,54,57
"purfin",0.26360533,55,58
"reevir1",0.76495516,62,65
"blujay",0.9785503,65,68
"bkcchi",0.82514596,65,68
"daejun",0.5466492,72,75
"canwar",0.4048206,72,75
"comyel",0.90065783,73,76
"whbnut",0.99968666,77,80
"ovenbi1",0.996075,77,80
"norfli",0.7605887,106,109
"grycat",0.31585273,129,132
