species_code,score,start_offset_sec,end_offset_sec
bird1,0.99978393,0.0,3.0
grnher,0.8919897,0.0,3.0
reevir1,0.07880596,0.0,3.0
amecro,0.015105381,0.0,3.0
chispa,0.98948795,0.0,3.0
rewbla,0.026736455,0.0,3.0
bird1,0.99825335,1.0,4.0
rubowl2,0.0101100905,1.0,4.0
batbel1,0.02668695,1.0,4.0
easpho,0.014827322,1.0,4.0
reevir1,0.016192598,1.0,4.0
amecro,0.03684309,1.0,4.0
tuftit,0.010488651,1.0,4.0
amerob,0.02301685,1.0,4.0
chispa,0.98283064,1.0,4.0
rewbla,0.032099906,1.0,4.0
