species_code,score,start_offset_sec,end_offset_sec
bird1,0.99459904,0.0,3.0
reevir1,0.029296445,0.0,3.0
hoowar,0.9874038,0.0,3.0
bird1,0.9925437,1.0,4.0
reevir1,0.08089235,1.0,4.0
whiwar2,0.038196683,1.0,4.0
comyel,0.02919834,1.0,4.0
hoowar,0.9113818,1.0,4.0
banana,0.0153006995,1.0,4.0
