species_code,score,start_offset_sec,end_offset_sec
bird1,0.9975995,0.0,3.0
grycat,0.9908993,0.0,3.0
norcar,0.0115149105,0.0,3.0
bird1,0.5653574,1.0,4.0
cangoo,0.010355902,1.0,4.0
wiltur,0.01071008,1.0,4.0
amecro,0.0102838315,1.0,4.0
carwre,0.011298302,1.0,4.0
norcar,0.010154971,1.0,4.0
