species_code,score,start_offset_sec,end_offset_sec
bird1,0.999817,0.0,3.0
easwpw1,0.99289584,0.0,3.0
bird1,0.9998949,1.0,4.0
easwpw1,0.99559766,1.0,4.0
bird1,0.99974734,2.0,5.0
easwpw1,0.9955883,2.0,5.0
bird1,0.9996733,3.0,6.0
chwwid,0.0111444555,3.0,6.0
easwpw1,0.995398,3.0,6.0
bird1,0.9995512,4.0,7.0
easwpw1,0.9987876,4.0,7.0
bird1,0.8766694,5.0,8.0
easwpw1,0.9648404,5.0,8.0
