species_code,score,start_offset_sec,end_offset_sec
bird1,0.9996296,0.0,3.0
rewbla,0.011338423,0.0,3.0
norcar,0.04833044,0.0,3.0
indbun,0.996049,0.0,3.0
bird1,0.99907905,1.0,4.0
norcar,0.015314234,1.0,4.0
indbun,0.99138623,1.0,4.0
bird1,0.9993142,2.0,5.0
reevir1,0.011716862,2.0,5.0
daejun,0.022137886,2.0,5.0
norcar,0.017165074,2.0,5.0
indbun,0.9974208,2.0,5.0
