species_code,score,start_offset_sec,end_offset_sec
bird1,0.9939081,0.0,3.0
whimbr,0.021047499,0.0,3.0
wilfly,0.9826613,0.0,3.0
amerob,0.019944184,0.0,3.0
rewbla,0.051437784,0.0,3.0
comyel,0.02099648,0.0,3.0
bird1,0.9752782,1.0,4.0
wilfly,0.96762043,1.0,4.0
amerob,0.068648964,1.0,4.0
swaspa,0.021088524,1.0,4.0
rewbla,0.045047335,1.0,4.0
comyel,0.0139193805,1.0,4.0
