species_code,score,start_offset_sec,end_offset_sec
bird1,0.996842,0.0,3.0
comrav,0.5677785,0.0,3.0
yelwar,0.39852068,0.0,3.0
chswar,0.7882536,0.0,3.0
bird1,0.99802595,1.0,4.0
comrav,0.98618245,1.0,4.0
lucwar,0.03363001,1.0,4.0
yelwar,0.3133561,1.0,4.0
chswar,0.65900683,1.0,4.0
bird1,0.90328217,2.0,5.0
comrav,0.9496987,2.0,5.0
banana,0.012439205,2.0,5.0
bird1,0.5800705,3.0,6.0
neocor,0.01000782,3.0,6.0
greegr,0.124822795,3.0,6.0
comrav,0.020701118,3.0,6.0
