species_code,score,start_offset_sec,end_offset_sec
bird1,0.99968255,0.0,3.0
sonspa,0.017387278,0.0,3.0
rewbla,0.018064238,0.0,3.0
comyel,0.99432755,0.0,3.0
norcar,0.011124746,0.0,3.0
bird1,0.9993661,1.0,4.0
sonspa,0.014865109,1.0,4.0
rewbla,0.022060316,1.0,4.0
comyel,0.99647534,1.0,4.0
norcar,0.017682698,1.0,4.0
bird1,0.31818664,2.0,5.0
