species_code,score,start_offset_sec,end_offset_sec
bird1,0.99585634,0.0,3.0
houwre,0.96955323,0.0,3.0
amerob,0.013702677,0.0,3.0
rewbla,0.0134001225,0.0,3.0
norcar,0.013033027,0.0,3.0
bird1,0.99698937,1.0,4.0
houwre,0.96993613,1.0,4.0
amerob,0.019703755,1.0,4.0
norcar,0.016293244,1.0,4.0
bird1,0.3757022,2.0,5.0
