species_code,score,start_offset_sec,end_offset_sec
bird1,0.99817115,0.0,3.0
amerob,0.01762003,0.0,3.0
rewbla,0.017882288,0.0,3.0
lucwar,0.01372445,0.0,3.0
virwar,0.013808417,0.0,3.0
yelwar,0.98398113,0.0,3.0
sltred,0.010758335,0.0,3.0
norcar,0.010528744,0.0,3.0
bird1,0.9936531,1.0,4.0
amerob,0.013207948,1.0,4.0
sonspa,0.01126311,1.0,4.0
rewbla,0.021354353,1.0,4.0
yelwar,0.9949964,1.0,4.0
norcar,0.018048149,1.0,4.0
