species_code,score,start_offset_sec,end_offset_sec
bird1,0.9998774,0.0,3.0
whwdov,0.010863128,0.0,3.0
moudov,0.99011564,0.0,3.0
rebwoo,0.01293087,0.0,3.0
bkcchi,0.011941182,0.0,3.0
carwre,0.011628745,0.0,3.0
bewwre,0.010415895,0.0,3.0
normoc,0.012287006,0.0,3.0
amerob,0.8366423,0.0,3.0
houspa,0.010120433,0.0,3.0
orcori,0.033374753,0.0,3.0
rewbla,0.021642346,0.0,3.0
norcar,0.99016154,0.0,3.0
bird1,0.4959265,1.0,4.0
soulap1,0.011909354,1.0,4.0
