species_code,score,start_offset_sec,end_offset_sec
bird1,0.99987125,0.0,3.0
whtdov,0.011891388,0.0,3.0
moudov,0.03953364,0.0,3.0
grcfly,0.01650271,0.0,3.0
banwre1,0.012628231,0.0,3.0
amerob,0.014720395,0.0,3.0
houspa,0.010148713,0.0,3.0
rewbla,0.0103556635,0.0,3.0
norcar,0.7747588,0.0,3.0
bird1,0.99986833,1.0,4.0
blnmon1,0.013490667,1.0,4.0
banwre1,0.118976735,1.0,4.0
norcar,0.6071634,1.0,4.0
bird1,0.9940674,2.0,5.0
whevir,0.45811927,2.0,5.0
carwre,0.054953445,2.0,5.0
norcar,0.6861518,2.0,5.0
