species_code,score,start_offset_sec,end_offset_sec
bird1,0.99941236,0.0,3.0
carchi,0.04261737,0.0,3.0
bkcchi,0.3505241,0.0,3.0
mouchi,0.10567926,0.0,3.0
tuftit,0.05249087,0.0,3.0
carwre,0.99080646,0.0,3.0
amerob,0.01060983,0.0,3.0
norcar,0.0208038,0.0,3.0
bird1,0.99862915,1.0,4.0
carchi,0.060519274,1.0,4.0
bkcchi,0.23181133,1.0,4.0
mouchi,0.10835211,1.0,4.0
tuftit,0.011075262,1.0,4.0
carwre,0.97400093,1.0,4.0
amerob,0.013838819,1.0,4.0
norcar,0.036967594,1.0,4.0
