species_code,score,start_offset_sec,end_offset_sec
bird1,0.9955298,0.0,3.0
comrav,0.94585574,0.0,3.0
norcar,0.010139827,0.0,3.0
bird1,0.9730582,1.0,4.0
junowl1,0.054570556,1.0,4.0
noremt1,0.016182756,1.0,4.0
amecro,0.012043261,1.0,4.0
comrav,0.3924245,1.0,4.0
bird1,0.81872934,2.0,5.0
hoomer,0.010984259,2.0,5.0
shtgro,0.017685886,2.0,5.0
bkbcuc,0.012711214,2.0,5.0
easwpw1,0.02697346,2.0,5.0
souwpw1,0.010371832,2.0,5.0
amebit,0.0748035,2.0,5.0
comrav,0.021792589,2.0,5.0
