species_code,score,start_offset_sec,end_offset_sec
bird1,0.99980927,0.0,3.0
acafly,0.961152,0.0,3.0
reevir1,0.01148833,0.0,3.0
rucspa1,0.010512933,0.0,3.0
norcar,0.01165361,0.0,3.0
bird1,0.9985878,1.0,4.0
acafly,0.92710197,1.0,4.0
reevir1,0.01097394,1.0,4.0
wilwag1,0.029943783,1.0,4.0
rucspa1,0.011573298,1.0,4.0
kenwar,0.010528252,1.0,4.0
bird1,0.4502859,2.0,5.0
