species_code,score,start_offset_sec,end_offset_sec
bird1,0.99948204,0.0,3.0
houspa,0.18292913,0.0,3.0
graspa,0.9771567,0.0,3.0
wesmea,0.016663501,0.0,3.0
bird1,0.99936426,1.0,4.0
houspa,0.15718801,1.0,4.0
graspa,0.98309094,1.0,4.0
wesmea,0.029499602,1.0,4.0
bird1,0.99723357,2.0,5.0
amerob,0.012451266,2.0,5.0
houspa,0.10436116,2.0,5.0
graspa,0.9895977,2.0,5.0
wesmea,0.01155681,2.0,5.0
bird1,0.533453,3.0,6.0
eucdov,0.040085662,3.0,6.0
houspa,0.09611817,3.0,6.0
houfin,0.016129548,3.0,6.0
