species_code,score,start_offset_sec,end_offset_sec
bird1,0.99678564,0.0,3.0
reevir1,0.012247885,0.0,3.0
norcar,0.021553487,0.0,3.0
indbun,0.98501873,0.0,3.0
bird1,0.9971399,1.0,4.0
reevir1,0.010171865,1.0,4.0
norcar,0.023272267,1.0,4.0
indbun,0.9695865,1.0,4.0
bird1,0.41487232,2.0,5.0
