species_code,score,start_offset_sec,end_offset_sec
bird1,0.9993174,0.0,3.0
amerob,0.013538898,0.0,3.0
houspa,0.010120514,0.0,3.0
houfin,0.015459154,0.0,3.0
graspa,0.97251475,0.0,3.0
boboli,0.022969162,0.0,3.0
wesmea,0.025441281,0.0,3.0
bird1,0.9988621,1.0,4.0
houspa,0.028681215,1.0,4.0
houfin,0.019546507,1.0,4.0
graspa,0.97439885,1.0,4.0
wesmea,0.018342229,1.0,4.0
bird1,0.99679273,2.0,5.0
houspa,0.014233875,2.0,5.0
houfin,0.01192075,2.0,5.0
graspa,0.9925733,2.0,5.0
wesmea,0.0112343915,2.0,5.0
