species_code,score,start_offset_sec,end_offset_sec
bird1,0.99987036,0.0,3.0
easwpw1,0.012725884,0.0,3.0
acafly,0.9958831,0.0,3.0
reevir1,0.041950576,0.0,3.0
chivir1,0.0146049755,0.0,3.0
amerob,0.013018303,0.0,3.0
rucspa1,0.013378108,0.0,3.0
norcar,0.014360836,0.0,3.0
bird1,0.9997903,1.0,4.0
acafly,0.99438477,1.0,4.0
reevir1,0.0167716,1.0,4.0
carwre,0.01008783,1.0,4.0
rucspa1,0.011717358,1.0,4.0
norcar,0.013446701,1.0,4.0
bird1,0.466995,2.0,5.0
