species_code,score,start_offset_sec,end_offset_sec
bird1,0.9969625,0.0,3.0
reevir1,0.018037083,0.0,3.0
veery,0.5368078,0.0,3.0
herthr,0.04767697,0.0,3.0
hoowar,0.91352165,0.0,3.0
bird1,0.9933942,1.0,4.0
reevir1,0.010888058,1.0,4.0
hoowar,0.981008,1.0,4.0
