species_code,score,start_offset_sec,end_offset_sec
bird1,0.97062576,0.0,3.0
reevir1,0.021485247,0.0,3.0
ovenbi1,0.970459,0.0,3.0
bird1,0.9474575,1.0,4.0
reevir1,0.020255012,1.0,4.0
ovenbi1,0.97377706,1.0,4.0
bird1,0.9536234,2.0,5.0
reevir1,0.0226647,2.0,5.0
ovenbi1,0.9956155,2.0,5.0
