species_code,score,start_offset_sec,end_offset_sec
bird1,0.998838,0.0,3.0
amecro,0.04919381,0.0,3.0
amerob,0.011351221,0.0,3.0
amered,0.989528,0.0,3.0
norcar,0.014063872,0.0,3.0
bird1,0.9952806,1.0,4.0
amecro,0.04632493,1.0,4.0
amerob,0.010565598,1.0,4.0
amered,0.97067124,1.0,4.0
tropar,0.011107562,1.0,4.0
norcar,0.011347583,1.0,4.0
bird1,0.7026333,2.0,5.0
grebar1,0.03281623,2.0,5.0
amecro,0.07784004,2.0,5.0
