species_code,score,start_offset_sec,end_offset_sec
bird1,0.9982261,0.0,3.0
reevir1,0.21050416,0.0,3.0
carwre,0.010426252,0.0,3.0
hoowar,0.9955236,0.0,3.0
bird1,0.9964851,1.0,4.0
reevir1,0.017894076,1.0,4.0
hoowar,0.99131835,1.0,4.0
bird1,0.49538064,2.0,5.0
chivir1,0.025344366,2.0,5.0
