species_code,score,start_offset_sec,end_offset_sec
bird1,0.99938136,0.0,3.0
amerob,0.010659267,0.0,3.0
boboli,0.99955475,0.0,3.0
rewbla,0.03788551,0.0,3.0
bird1,0.9997283,1.0,4.0
amerob,0.014352267,1.0,4.0
boboli,0.9997202,1.0,4.0
rewbla,0.025284087,1.0,4.0
bird1,0.9996585,2.0,5.0
boboli,0.997555,2.0,5.0
rewbla,0.019008707,2.0,5.0
bird1,0.9980482,3.0,6.0
bkbmag1,0.02689187,3.0,6.0
boboli,0.9149575,3.0,6.0
rewbla,0.016495956,3.0,6.0
gycyel,0.023256045,3.0,6.0
bird1,0.398251,4.0,7.0
