species_code,score,start_offset_sec,end_offset_sec
bird1,0.9997969,0.0,3.0
acafly,0.9665049,0.0,3.0
rucspa1,0.011979596,0.0,3.0
norcar,0.02737357,0.0,3.0
bird1,0.9998742,1.0,4.0
uswowl1,0.014846169,1.0,4.0
acafly,0.9650596,1.0,4.0
amecro,0.01993399,1.0,4.0
rucspa1,0.010302742,1.0,4.0
norcar,0.013684354,1.0,4.0
bird1,0.50704944,2.0,5.0
norcar,0.01201551,2.0,5.0
bird1,0.7416271,3.0,6.0
specha3,0.01128585,3.0,6.0
spwqua1,0.043653186,3.0,6.0
oilbir1,0.035599332,3.0,6.0
amecro,0.08106668,3.0,6.0
