species_code,score,start_offset_sec,end_offset_sec
bird1,0.9999194,0.0,3.0
rewbla,0.016795833,0.0,3.0
norcar,0.03385612,0.0,3.0
indbun,0.9636805,0.0,3.0
bird1,0.9998531,1.0,4.0
norcar,0.022031413,1.0,4.0
lazbun,0.06714583,1.0,4.0
indbun,0.98400825,1.0,4.0
bird1,0.99929893,2.0,5.0
daejun,0.022385146,2.0,5.0
norcar,0.019037778,2.0,5.0
indbun,0.9980743,2.0,5.0
bird1,0.46282724,3.0,6.0
