species_code,score,start_offset_sec,end_offset_sec
bird1,0.99833167,0.0,3.0
spodov,0.012617546,0.0,3.0
ovenbi1,0.9910306,0.0,3.0
bird1,0.9990498,1.0,4.0
ovenbi1,0.99659485,1.0,4.0
bird1,0.93700427,2.0,5.0
ovenbi1,0.81272084,2.0,5.0
louwat,0.015761886,2.0,5.0
canwar,0.01810734,2.0,5.0
bird1,0.4017537,3.0,6.0
