species_code,score,start_offset_sec,end_offset_sec
bird1,0.99667716,0.0,3.0
reevir1,0.01041881,0.0,3.0
hoowar,0.9686793,0.0,3.0
paired,0.016936352,0.0,3.0
bird1,0.53270614,1.0,4.0
houspa,0.016168589,1.0,4.0
eutspa,0.010999343,1.0,4.0
