species_code,score,start_offset_sec,end_offset_sec
bird1,0.99996346,0.0,3.0
sonspa,0.99882925,0.0,3.0
rewbla,0.013385732,0.0,3.0
norcar,0.014912905,0.0,3.0
bird1,0.9999669,1.0,4.0
amerob,0.010110339,1.0,4.0
sonspa,0.99876255,1.0,4.0
rewbla,0.010762127,1.0,4.0
norcar,0.011075074,1.0,4.0
bird1,0.99981105,2.0,5.0
sonspa,0.9976776,2.0,5.0
rewbla,0.011818137,2.0,5.0
norcar,0.010380679,2.0,5.0
bird1,0.40816844,3.0,6.0
