species_code,score,start_offset_sec,end_offset_sec
bird1,0.9998716,0.0,3.0
uswowl1,0.010618038,0.0,3.0
acafly,0.99094766,0.0,3.0
rucspa1,0.010347354,0.0,3.0
bird1,0.9978039,1.0,4.0
gybspi1,0.023573246,1.0,4.0
acafly,0.9304117,1.0,4.0
easpho,0.01315686,1.0,4.0
reevir1,0.01221155,1.0,4.0
rucspa1,0.011759159,1.0,4.0
