species_code,score,start_offset_sec,end_offset_sec
bird1,0.9999389,0.0,3.0
reevir1,0.97231007,0.0,3.0
bird1,0.99980396,1.0,4.0
reevir1,0.9015038,1.0,4.0
bird1,0.9982549,2.0,5.0
reevir1,0.7711283,2.0,5.0
woewar1,0.01654288,2.0,5.0
bird1,0.6612963,3.0,6.0
bird1,0.4348401,4.0,7.0
