species_code,score,start_offset_sec,end_offset_sec
bird1,0.9934718,0.0,3.0
phecuc1,0.01746463,0.0,3.0
blfant1,0.022779526,0.0,3.0
eawpew,0.7778469,0.0,3.0
norcar,0.0111095635,0.0,3.0
bird1,0.97190565,1.0,4.0
redjun,0.014535389,1.0,4.0
scbant3,0.01233986,1.0,4.0
eawpew,0.7768313,1.0,4.0
clcrob,0.014789,1.0,4.0
