species_code,score,start_offset_sec,end_offset_sec
bird1,0.9998988,0.0,3.0
bkcchi,0.011577276,0.0,3.0
whbnut,0.9421207,0.0,3.0
cedwax,0.015343153,0.0,3.0
amegfi,0.97773325,0.0,3.0
norcar,0.011452185,0.0,3.0
bird1,0.39747864,1.0,4.0
