species_code,score,start_offset_sec,end_offset_sec
bird1,0.9997379,0.0,3.0
tuftit,0.017755974,0.0,3.0
veery,0.9980468,0.0,3.0
bird1,0.9998319,1.0,4.0
tuftit,0.01258969,1.0,4.0
veery,0.9994238,1.0,4.0
bird1,0.99963987,2.0,5.0
veery,0.997893,2.0,5.0
amerob,0.042750385,2.0,5.0
bird1,0.9986949,3.0,6.0
veery,0.99714553,3.0,6.0
bird1,0.9985348,4.0,7.0
veery,0.99782765,4.0,7.0
