species_code,score,start_offset_sec,end_offset_sec
bird1,0.99814636,0.0,3.0
reevir1,0.0139969,0.0,3.0
houspa,0.013263569,0.0,3.0
hoowar,0.9756487,0.0,3.0
norcar,0.010613984,0.0,3.0
bird1,0.9976732,1.0,4.0
reevir1,0.017200625,1.0,4.0
houspa,0.01177635,1.0,4.0
hoowar,0.9843554,1.0,4.0
norcar,0.012742502,1.0,4.0
bird1,0.997558,2.0,5.0
houspa,0.010370383,2.0,5.0
hoowar,0.97992295,2.0,5.0
bird1,0.47247753,3.0,6.0
