species_code,score,start_offset_sec,end_offset_sec
bird1,0.99885106,0.0,3.0
reevir1,0.011172314,0.0,3.0
houspa,0.011571786,0.0,3.0
foxspa,0.017994191,0.0,3.0
louwat,0.015486532,0.0,3.0
hoowar,0.97336584,0.0,3.0
norcar,0.011503994,0.0,3.0
bird1,0.60388136,1.0,4.0
bird1,0.33107466,2.0,5.0
