species_code,score,start_offset_sec,end_offset_sec
bird1,0.99977744,0.0,3.0
fiespa,0.01693478,0.0,3.0
yetwar,0.94719267,0.0,3.0
sltred,0.014095776,0.0,3.0
norcar,0.012546031,0.0,3.0
bird1,0.9991926,1.0,4.0
louwat,0.14200781,1.0,4.0
yerwar,0.010738232,1.0,4.0
yetwar,0.8628999,1.0,4.0
norcar,0.01232786,1.0,4.0
bird1,0.41005707,2.0,5.0
