species_code,score,start_offset_sec,end_offset_sec
bird1,0.99646443,0.0,3.0
webowl1,0.02407026,0.0,3.0
eabowl1,0.15891798,0.0,3.0
sonspa,0.01083128,0.0,3.0
rewbla,0.03430562,0.0,3.0
comyel,0.95815134,0.0,3.0
bird1,0.9972547,1.0,4.0
rewbla,0.017560232,1.0,4.0
comyel,0.98114413,1.0,4.0
