species_code,score,start_offset_sec,end_offset_sec
bird1,0.995315,0.0,3.0
brodro1,0.033671834,0.0,3.0
purmar,0.97919846,0.0,3.0
houspa,0.010925238,0.0,3.0
bird1,0.98136294,1.0,4.0
comtai1,0.017453922,1.0,4.0
purmar,0.8947311,1.0,4.0
scrbla1,0.08858454,1.0,4.0
bird1,0.8794341,2.0,5.0
purmar,0.48956007,2.0,5.0
houspa,0.022670029,2.0,5.0
houfin,0.010464626,2.0,5.0
eurgre1,0.0129161505,2.0,5.0
scrbla1,0.055136453,2.0,5.0
chobla1,0.01708488,2.0,5.0
