species_code,score,start_offset_sec,end_offset_sec
bird1,0.9996314,0.0,3.0
yetvir,0.95912886,0.0,3.0
eastow,0.103407376,0.0,3.0
norcar,0.011602687,0.0,3.0
bird1,0.99946886,1.0,4.0
yetvir,0.98763365,1.0,4.0
reevir1,0.01622331,1.0,4.0
eastow,0.09494472,1.0,4.0
norcar,0.010271244,1.0,4.0
bird1,0.9996077,2.0,5.0
yetvir,0.99510854,2.0,5.0
reevir1,0.016826328,2.0,5.0
