species_code,score,start_offset_sec,end_offset_sec
bird1,0.9991258,0.0,3.0
amerob,0.012965297,0.0,3.0
rewbla,0.011058469,0.0,3.0
yelwar,0.9839814,0.0,3.0
norcar,0.010597523,0.0,3.0
bird1,0.99810314,1.0,4.0
gockin,0.012096032,1.0,4.0
amerob,0.013453712,1.0,4.0
rewbla,0.01243418,1.0,4.0
yelwar,0.96755433,1.0,4.0
norcar,0.011606017,1.0,4.0
bird1,0.42603022,2.0,5.0
