species_code,score,start_offset_sec,end_offset_sec
bird1,0.99992204,0.0,3.0
buggna,0.99748945,0.0,3.0
amegfi,0.9744608,0.0,3.0
chispa,0.013573126,0.0,3.0
norcar,0.016147971,0.0,3.0
bird1,0.79421705,1.0,4.0
amegfi,0.6998687,1.0,4.0
bird1,0.36877105,2.0,5.0
