species_code,score,start_offset_sec,end_offset_sec
bird1,0.9996786,0.0,3.0
whimbr,0.01971137,0.0,3.0
greyel,0.91515106,0.0,3.0
houwre,0.010927619,0.0,3.0
rewbla,0.011695441,0.0,3.0
norcar,0.013721243,0.0,3.0
bird1,0.9995509,1.0,4.0
whimbr,0.01106079,1.0,4.0
greyel,0.9356607,1.0,4.0
bird1,0.99907374,2.0,5.0
greyel,0.9329856,2.0,5.0
osprey,0.039356075,2.0,5.0
norcar,0.010798545,2.0,5.0
bird1,0.46410713,3.0,6.0
