species_code,score,start_offset_sec,end_offset_sec
bird1,0.99084216,0.0,3.0
eursta,0.011202259,0.0,3.0
houspa,0.011085744,0.0,3.0
botgra,0.9003295,0.0,3.0
bird1,0.5578876,1.0,4.0
houspa,0.010586155,1.0,4.0
botgra,0.017538415,1.0,4.0
cargra1,0.03707755,1.0,4.0
