species_code,score,start_offset_sec,end_offset_sec
bird1,0.99995303,0.0,3.0
oilbir1,0.44721428,0.0,3.0
gybspi1,0.01767773,0.0,3.0
acafly,0.9952629,0.0,3.0
norcar,0.011306747,0.0,3.0
bird1,0.99994534,1.0,4.0
oilbir1,0.068200156,1.0,4.0
demwir1,0.015401426,1.0,4.0
acafly,0.99761105,1.0,4.0
bird1,0.47853076,2.0,5.0
oilbir1,0.023954853,2.0,5.0
