species_code,score,start_offset_sec,end_offset_sec
bird1,0.9990514,0.0,3.0
reevir1,0.019197378,0.0,3.0
tuftit,0.2587055,0.0,3.0
carwre,0.019436816,0.0,3.0
amerob,0.01697054,0.0,3.0
balori,0.038168035,0.0,3.0
rewbla,0.017608289,0.0,3.0
hoowar,0.99111485,0.0,3.0
norcar,0.0103731975,0.0,3.0
bird1,0.99595046,1.0,4.0
reevir1,0.016679136,1.0,4.0
houspa,0.0124082435,1.0,4.0
hoowar,0.9771242,1.0,4.0
bird1,0.44225356,2.0,5.0
