species_code,score,start_offset_sec,end_offset_sec
bird1,0.99686646,0.0,3.0
reevir1,0.048705883,0.0,3.0
houspa,0.011132848,0.0,3.0
hoowar,0.9916439,0.0,3.0
norcar,0.0132853845,0.0,3.0
bird1,0.9945427,1.0,4.0
reevir1,0.01160097,1.0,4.0
hoowar,0.9934737,1.0,4.0
magwar,0.022776894,1.0,4.0
norcar,0.010793122,1.0,4.0
bird1,0.32844242,2.0,5.0
