species_code,score,start_offset_sec,end_offset_sec
bird1,0.9995159,0.0,3.0
haiwoo,0.71768266,0.0,3.0
smbwoo1,0.91195107,0.0,3.0
goowoo1,0.017099354,0.0,3.0
crmwoo2,0.13913053,0.0,3.0
bird1,0.99639857,1.0,4.0
bltbar2,0.011310698,1.0,4.0
rebwoo,0.022560148,1.0,4.0
dowwoo,0.011236373,1.0,4.0
haiwoo,0.8988451,1.0,4.0
smbwoo1,0.38700017,1.0,4.0
crmwoo2,0.027032256,1.0,4.0
whbtap1,0.010888448,1.0,4.0
bkcchi,0.016782641,1.0,4.0
bird1,0.43127444,2.0,5.0
