species_code,score,start_offset_sec,end_offset_sec
bird1,0.9954008,0.0,3.0
fiespa,0.9197538,0.0,3.0
foxspa,0.011541268,0.0,3.0
vesspa,0.012543668,0.0,3.0
sonspa,0.39985093,0.0,3.0
rewbla,0.012961989,0.0,3.0
norcar,0.012372924,0.0,3.0
bird1,0.97850096,1.0,4.0
fiespa,0.95685536,1.0,4.0
norcar,0.010450854,1.0,4.0
bird1,0.9896909,2.0,5.0
fiespa,0.98716694,2.0,5.0
norcar,0.010434687,2.0,5.0
bird1,0.31800938,3.0,6.0
