species,score,start_time,end_time
Siren_Siren,0.10949509,1.0,4.0
Siren_Siren,0.4864335,5.0,8.0
Gun_Gun,0.33355868,7.0,10.0
Siren_Siren,0.30480248,7.0,10.0
Siren_Siren,0.17758025,8.0,11.0
Siren_Siren,0.27307394,10.0,13.0
Siren_Siren,0.20741965,14.0,17.0
Siren_Siren,0.17350246,15.0,18.0
Gun_Gun,0.42567393,16.0,18.456009070294783
Siren_Siren,0.13419795,16.0,18.456009070294783
Engine_Engine,0.11439244,16.0,18.456009070294783
