"species_code","score","start_offset_sec","end_offset_sec"
"fiscro",0.3668192,1,4
"yelwar",0.7925497,11,14
"pilwoo",0.27627015,16,19
"acafly",0.34572592,34,37
"balori",0.5931699,59,62
"warvir",0.98456675,167,170
"orcori",0.45572868,254,257
"prowar",0.50716615,278,281
"cerwar",0.3517597,278,281
"grnher",0.9991742,281,284
"amered",0.5892109,421,424
"comgra",0.39848283,467,470
