"species_code","score","start_offset_sec","end_offset_sec"
"gowwar",0.7239931,3,6
"buwwar",0.45594573,42,45
"mouwar",0.42151216,62,65
"grycat",0.30226895,66,69
"cerwar",0.31238338,70,73
"chswar",0.9861233,72,75
"prowar",0.66678834,102,105
"magwar",0.27420262,108,111
"eastow",0.56575686,124,127
