"species_code","score","start_offset_sec","end_offset_sec"
"fiscro",0.88112575,209,212
"osprey",0.33590403,308,311
"libher",0.45044613,431,434
"caster1",0.9999902,455,458
"ribgul",0.80818564,464,467
"rethaw",0.39304873,607,610
"bbwduc",0.37234032,749,752
