"species_code","score","start_offset_sec","end_offset_sec"
"greegr",0.27821514,23,26
"eawpew",0.3930542,67,70
"prowar",0.26355729,109,112
"moudov",0.9988827,194,197
"kenwar",0.30783334,203,206
"sonspa",0.26383954,231,234
"woothr",0.6736929,282,285
"swawar",0.28806844,346,349
"comrav",0.7797682,359,362
"woewar1",0.30907446,390,393
"purmar",0.9329354,416,419
"grcfly",0.45039284,449,452
