"species_code","score","start_offset_sec","end_offset_sec"
"indbun",0.31142297,23,26
"blujay",0.26211506,24,27
"prowar",0.4989388,113,116
"orcori",0.2609525,182,185
"brnthr",0.41835356,237,240
"grycat",0.9984596,247,250
"dowwoo",0.41805676,262,265
