"species_code","score","start_offset_sec","end_offset_sec"
"sumtan",0.31838718,40,43
"belkin1",0.33399948,65,68
"easblu",0.48285773,108,111
"balori",0.6766297,120,123
"amerob",0.72107273,130,133
"chiswi",0.9821552,188,191
"norfli",0.35922253,200,203
"comgra",0.25956997,216,219
"greyel",0.58250207,242,245
"brnthr",0.66297185,244,247
"grcfly",0.25782806,246,249
"normoc",0.98892456,352,355
"tuftit",0.8560837,378,381
