"species_code","score","start_offset_sec","end_offset_sec"
"amegfi",0.37099394,41,44
"chiswi",0.98867166,118,121
"norwat",0.32293785,148,151
"yelwar",0.5634884,350,353
"eastow",0.7330444,380,383
"solsan",0.42605677,383,386
"indbun",0.99581903,486,489
"fiespa",0.996775,493,496
"grycat",0.31649423,506,509
"whevir",0.88153875,625,628
"yebcuc",0.403478,691,694
