"species_code","score","start_offset_sec","end_offset_sec"
"eastow",0.9982406,0,3
"pilwoo",0.4486357,63,66
"yelwar",0.3190122,96,99
"moudov",0.80099165,120,123
"indbun",0.9966883,126,129
"prowar",0.32611963,157,160
"woothr",0.37304,158,161
"grycat",0.65121174,165,168
