"species_code","score","start_offset_sec","end_offset_sec"
"woothr",0.9984842,28,31
"eastow",0.28211868,28,31
"yebcha",0.290153,33,36
"yebcuc",0.90157133,105,108
"kenwar",0.49194968,134,137
"comyel",0.3772936,335,338
"brnthr",0.97545177,455,458
"ovenbi1",0.5175549,458,461
"canwar",0.520273,552,555
"prowar",0.29634863,580,583
"norwat",0.25899887,609,612
"indbun",0.3065887,621,624
"rthhum",0.3042319,1218,1221
"woewar1",0.2524387,1236,1239
"grycat",0.9427188,1287,1290
"grcfly",0.3416781,1336,1339
