"species_code","score","start_offset_sec","end_offset_sec"
"easkin",0.9166703,2,5
"barswa",0.33585283,4,7
"norfli",0.7391231,51,54
"buggna",0.87606466,81,84
"nrwswa",0.5941871,101,104
"rebwoo",0.89538753,102,105
"dowwoo",0.86072,121,124
"easblu",0.9932591,134,137
"cliswa",0.9991636,160,163
