"species_code","score","start_offset_sec","end_offset_sec"
"y00475",0.25184023,99,102
"greegr",0.25008053,104,107
"barswa",0.45723575,132,135
"amekes",0.862167,145,148
"virrai",0.53166616,151,154
"leabit",0.2559743,194,197
"canvas",0.25272158,335,338
"wooduc",0.2772688,338,341
"wiltur",0.36967134,376,379
"swaspa",0.25289643,390,393
