"species_code","score","start_offset_sec","end_offset_sec"
"orcori",0.43355012,6,9
"woothr",0.9703433,90,93
"seaspa",0.45337564,109,112
"eastow",0.9936941,264,267
"eawpew",0.6926362,346,349
"blugrb1",0.71835554,420,423
"paibun",0.70871884,420,423
