"species_code","score","start_offset_sec","end_offset_sec"
"chispa",0.9475278,24,27
"daejun",0.9419083,51,54
"gockin",0.5988942,64,67
"ovenbi1",0.49364308,78,81
"btnwar",0.25450796,78,81
"brncre",0.3629213,95,98
"woothr",0.98332596,104,107
"pinwar",0.30641875,139,142
