"species_code","score","start_offset_sec","end_offset_sec"
"wooduc",0.27297282,17,20
"bkpwar",0.32313824,21,24
"yelwar",0.7302465,61,64
"amered",0.346975,62,65
"sonspa",0.6245978,72,75
"commer",0.67509735,79,82
"warvir",0.97813445,123,126
"virrai",0.42998105,160,163
