"species_code","score","start_offset_sec","end_offset_sec"
"ovenbi1",0.40408123,30,33
"bkbwar",0.3071153,105,108
"comyel",0.3227192,126,129
"hoowar",0.9991542,194,197
"eawpew",0.3443419,197,200
"chswar",0.72982436,242,245
"amered",0.85683674,248,251
