"species_code","score","start_offset_sec","end_offset_sec"
"amerob",0.99018186,9,12
"grycat",0.3498905,126,129
"yebcuc",0.27255732,178,181
"cerwar",0.7524966,187,190
"chswar",0.5362079,196,199
"robgro",0.47822696,291,294
"yetvir",0.95894456,345,348
"purfin",0.36673486,367,370
"yelwar",0.7943589,391,394
"balori",0.8905554,558,561
"amered",0.5079595,589,592
"wlswar",0.45490527,593,596
