"species_code","score","start_offset_sec","end_offset_sec"
"tuftit",0.38063422,7,10
"woothr",0.9976426,14,17
"ovenbi1",0.5062948,64,67
"scatan",0.4391424,131,134
"btnwar",0.5746445,143,146
"btbwar",0.7641174,144,147
"brwhaw",0.60780627,162,165
"woewar1",0.32981777,181,184
