"species_code","score","start_offset_sec","end_offset_sec"
"yebcha",0.99887794,8,11
"aldfly",0.9915937,72,75
"balori",0.34048477,93,96
"leafly",0.29221806,123,126
"chswar",0.60948336,152,155
"sonspa",0.34936935,158,160.488027210884
