"species_code","score","start_offset_sec","end_offset_sec"
"scatan",0.39502296,15,18
"yetvir",0.9868759,18,21
"reevir1",0.5609481,34,37
"acafly",0.585362,83,86
"prowar",0.28922018,83,86
"cerwar",0.2871277,85,88
"kenwar",0.3137032,135,138
"easpho",0.7863822,141,144
"eawpew",0.9988273,156,159
"pilwoo",0.26346707,171,174
"miskit",0.26749307,175,178
