"species_code","score","start_offset_sec","end_offset_sec"
"bawwar",0.9914574,8,11
"eastow",0.27201092,14,17
"buhvir",0.8609413,15,18
"btnwar",0.40902883,15,18
"robgro",0.989502,39,42
"eawpew",0.38083342,58,61
"scatan",0.88874435,85,88
"ovenbi1",0.9315105,86,89
"sumtan",0.6207738,170,173
