"species_code","score","start_offset_sec","end_offset_sec"
"canwar",0.99985135,12,15
"whbnut",0.27736118,28,31
"bawwar",0.4349208,44,47
"haiwoo",0.9489678,62,65
"acafly",0.41865948,66,69
"magwar",0.41375664,77,80
"eawpew",0.6967081,82,85
"buhvir",0.35549638,94,97
"ovenbi1",0.707057,102,105
