"species_code","score","start_offset_sec","end_offset_sec"
"eawpew",0.999087,7,10
"eastow",0.51923466,9,12
"amered",0.3349369,9,12
"chispa",0.54303837,20,23
"woewar1",0.28520885,20,23
"bkcchi",0.26110557,23,26
"easpho",0.3135637,40,43
"indbun",0.9974017,46,49
"chswar",0.6866494,67,70
"babwar",0.29498768,76,79
"bawwar",0.25531557,76,79
