"species_code","score","start_offset_sec","end_offset_sec"
"lesyel",0.41121647,15,18
"virrai",0.99972504,77,80
"rewbla",0.49180454,111,114
"sonspa",0.96566665,340,343
"wlswar",0.26349974,513,516
"swaspa",0.98766744,517,520
"orcori",0.26458156,555,558
"cedwax",0.99992394,581,584
"treswa",0.32914326,630,633
"comgra",0.6260829,736,739
"buwtea",0.7709752,760,763
"robgro",0.9815562,813,816
