"species_code","score","start_offset_sec","end_offset_sec"
"easblu",0.9218682,3,6
"robgro",0.31354272,22,25
"reevir1",0.30562162,31,34
"eawpew",0.95096284,47,50
"balori",0.2581764,65,68
"sumtan",0.9713633,69,72
"blugrb1",0.26318184,71,74
"norbob",0.5530677,77,80
"scatan",0.9873083,95,98
