"species_code","score","start_offset_sec","end_offset_sec"
"linspa",0.35018924,1,4
"graspa",0.37668136,68,71
"amegfi",0.54875314,126,129
"aldfly",0.94632083,331,334
"henspa",0.9998635,361,364
"cedwax",0.8216758,469,472
"fiespa",0.37679628,517,520
"savspa",0.3213026,518,521
"gowwar",0.3106478,542,545
