"species_code","score","start_offset_sec","end_offset_sec"
"norfli",0.91079503,10,13
"yebcha",0.28878808,19,22
"reevir1",0.63423735,34,37
"osprey",0.36773676,42,45
"tuftit",0.46378756,63,66
"normoc",0.8619652,64,66.6480272108844
