"species_code","score","start_offset_sec","end_offset_sec"
"yebcha",0.3359159,20,23
"sumtan",0.9996433,40,43
"swawar",0.3928233,67,70
"woothr",0.4338409,87,90
"balori",0.53086036,107,110
"norbob",0.6903364,109,112
"amegfi",0.37275642,126,129
"cedwax",0.9059747,163,166
