"species_code","score","start_offset_sec","end_offset_sec"
"norcar",0.35167947,8,11
"rthhum",0.27970994,10,13
"sumtan",0.99965596,15,18
"robgro",0.3286959,18,21
"whevir",0.2868785,31,34
"norbob",0.32848305,55,58
"blkvul",0.2682499,57,60
"balori",0.8111782,79,82
"tuftit",0.3446393,83,86
