"species_code","score","start_offset_sec","end_offset_sec"
"brncre",0.40925217,0,3
"cedwax",0.44514567,20,23
"grcfly",0.9697584,22,25
"rebwoo",0.94995445,109,112
"robgro",0.9990357,114,117
"scatan",0.37372512,126,129
"gockin",0.49341184,153,156
