"species_code","score","start_offset_sec","end_offset_sec"
"cedwax",0.49773538,24,27
"btnwar",0.30948597,67,70
"buhvir",0.73542047,68,71
"bkbwar",0.957801,80,83
"grycat",0.32377094,103,106
"coohaw",0.31365263,104,107
"norwat",0.84235066,105,108
"woothr",0.31826788,152,155
"winwre3",0.99982566,179,182
"reevir1",0.4683175,211,214
