"species_code","score","start_offset_sec","end_offset_sec"
"eastow",0.92877907,63,66
"woothr",0.9999273,631,634
"easwpw1",0.8111811,674,677
"cerwar",0.28230515,691,694
"amered",0.25917214,693,696
"woewar1",0.42545748,723,726
