"species_code","score","start_offset_sec","end_offset_sec"
"cedwax",0.99906796,8,11
"carwre",0.4776857,22,25
"buggna",0.37027636,42,45
"gowwar",0.38467842,52,55
"buwwar",0.307745,52,55
"woewar1",0.32267097,111,113.856009070295
