"species_code","score","start_offset_sec","end_offset_sec"
"sumtan",0.29631272,7,10
"eawpew",0.45000926,28,31
"fiespa",0.93472904,52,55
"eastow",0.87208724,83,86
"yebcha",0.26846513,110,113
"prawar",0.42843315,119,122
"indbun",0.8083787,146,149
