"species_code","score","start_offset_sec","end_offset_sec"
"comyel",0.8006984,102,105
"indbun",0.45562854,105,108
"paibun",0.7848508,124,127
"balori",0.9394788,144,147
"amegfi",0.31927678,188,191
"orcori",0.3458979,207,210
"sumtan",0.4338418,208,211
