"species_code","score","start_offset_sec","end_offset_sec"
"indbun",0.9743861,3,6
"louwat",0.3599106,60,63
"cerwar",0.36023343,105,108
"magwar",0.4243991,117,120
"kenwar",0.54940397,149,152
"mouwar",0.36578187,247,250
"acafly",0.29541168,249,252
