"species_code","score","start_offset_sec","end_offset_sec"
"amerob",0.88717026,3,6
"btnwar",0.42999956,6,9
"scatan",0.34543636,6,9
"amecro",0.9429791,7,9.16802721088435
"reevir1",0.8930128,7,9.16802721088435
