"species_code","score","start_offset_sec","end_offset_sec"
"acafly",0.69737923,0,3
"reevir1",0.2910485,10,13
"btnwar",0.47881097,25,28
"bnhcow",0.75178474,27,30
"eastow",0.3711397,27,30
"bkcchi",0.853561,34,37
"scatan",0.87332857,35,37.8240362811791
"woothr",0.5233935,35,37.8240362811791
