"species_code","score","start_offset_sec","end_offset_sec"
"scatan",0.5571665,8,11
"buhvir",0.9348263,21,24
"yetvir",0.27310124,24,26.5680272108844
"haiwoo",0.25445747,24,26.5680272108844
