"species_code","score","start_offset_sec","end_offset_sec"
"whbnut",0.53648883,16,19
"easkin",0.3455893,32,35
"baleag",0.31065035,89,92
"haiwoo",0.9211851,178,181
"carwre",0.39289427,245,248
"brdowl",0.79703426,247,250
"grcfly",0.5179476,422,425
"blkvul",0.5024558,429,432
"norfli",0.39678526,446,449
"rethaw",0.9488985,457,460
