"species_code","score","start_offset_sec","end_offset_sec"
"marwre",0.6893293,46,49
"sedwre1",0.8894526,64,67
"comyel",0.4510277,96,99
"sonspa",0.47464645,103,106
"cedwax",0.40594292,107,110
"graspa",0.3759597,108,111
"boboli",0.9803506,124,127
