"species_code","score","start_offset_sec","end_offset_sec"
"boboli",0.92512715,166,169
"amegfi",0.5950684,220,223
"sonspa",0.6560805,242,245
"houfin",0.4141537,281,284
"comyel",0.45683315,324,327
"easkin",0.26298836,433,436
"clcspa",0.40342942,476,479
"graspa",0.99903715,483,486
