"species_code","score","start_offset_sec","end_offset_sec"
"hoowar",0.2566532,39,42
"indbun",0.9806825,95,98
"robgro",0.45224795,115,118
"rebwoo",0.6498351,120,123
"yebcha",0.5411931,137,140
"whbnut",0.9743258,201,204
"belkin1",0.2822625,243,246
