"species_code","score","start_offset_sec","end_offset_sec"
"buwwar",0.28193226,26,29
"fiespa",0.35924947,27,30
"bkbwar",0.8853174,56,59
"chispa",0.90321416,125,128
"daejun",0.8298611,125,128
"gockin",0.3312662,140,143
"reevir1",0.3671015,148,151
