"species_code","score","start_offset_sec","end_offset_sec"
"btnwar",0.28765532,6,9
"fiespa",0.6690853,32,35
"indbun",0.5102159,115,118
"brncre",0.3909568,193,196
"whtspa",0.8007745,244,247
"bnhcow",0.39750412,249,252
"prawar",0.9991322,258,261
"comyel",0.59356296,286,289
"aldfly",0.30466554,310,313
"gowwar",0.5761689,324,327
"cedwax",0.54186606,326,329
