"species_code","score","start_offset_sec","end_offset_sec"
"hoomer",0.33186737,66,69
"commer",0.47485843,69,72
"ruckin",0.31247064,116,119
"rufgro",0.9999087,227,230
"sprgro",0.96134126,227,230
"wiltur",0.42283815,249,252
"greegr",0.71228164,275,278
