"species_code","score","start_offset_sec","end_offset_sec"
"cedwax",0.6538051,39,42
"brncre",0.84874994,42,45
"gockin",0.5139994,42,45
"winwre3",0.9992366,69,72
"canwar",0.4412778,112,115
"bkbwar",0.25646383,124,127
"brwhaw",0.32280314,231,234
"amered",0.27747837,388,391
"belkin1",0.7297552,440,443
