"species_code","score","start_offset_sec","end_offset_sec"
"canwar",0.99989307,12,15
"ovenbi1",0.59080994,82,85
"chswar",0.37782145,82,85
"btnwar",0.8249456,87,90
"btbwar",0.97935724,95,98
"cerwar",0.30420744,116,119
"veery",0.51402545,153,156
"magwar",0.27663043,179,182
"robgro",0.40495917,188,191
