"species_code","score","start_offset_sec","end_offset_sec"
"henspa",0.25794718,7,10
"blkter",0.5271732,17,20
"treswa",0.75567573,22,25
"easmea",0.30556592,87,90
"dickci",0.9966491,116,119
"comgra",0.65481406,193,196
"horlar",0.48577717,294,297
"easkin",0.47451591,298,301
"boboli",0.96559584,362,365
