"species_code","score","start_offset_sec","end_offset_sec"
"pilwoo",0.38005704,1,4
"norpar",0.30400208,30,33
"grycat",0.73571795,49,52
"acafly",0.8834826,84,87
"phivir",0.8539502,93,96
"veery",0.30359805,96,99
"buwwar",0.99782807,97,100
"reevir1",0.6693742,104,107
"amered",0.33178136,167,170
"mouwar",0.43898243,209,212
"gowwar",0.9403567,242,245
"clcspa",0.28795838,271,274
"bawwar",0.3013305,286,289
"prowar",0.27511698,286,289
