"species_code","score","start_offset_sec","end_offset_sec"
"acafly",0.2683203,6,9
"buwwar",0.82014287,54,57
"indbun",0.31968623,99,102
"comyel",0.99425876,101,104
"grycat",0.54629517,116,119
"canwar",0.5033857,121,124
"robgro",0.3233134,138,141
"balori",0.6760968,139,142
"norcar",0.63008624,154,157
"hoomer",0.30518332,182,185
