"species_code","score","start_offset_sec","end_offset_sec"
"btbwar",0.3050985,55,58
"bkbwar",0.26394004,57,60
"phivir",0.29216504,91,94
"mouwar",0.99993193,245,248
"ovenbi1",0.68028677,342,345
"amecro",0.2655946,347,350
"hoowar",0.31125534,414,417
"gockin",0.9487631,423,426
"btnwar",0.73279935,464,467
