"species_code","score","start_offset_sec","end_offset_sec"
"cerwar",0.27010277,10,13
"eawpew",0.31681585,15,18
"robgro",0.9823498,68,71
"chswar",0.2533196,118,121
"amered",0.98465455,120,123
"prowar",0.99959034,182,185
"purfin",0.42294255,204,207
"warvir",0.93474406,219,222
"kenwar",0.3838227,240,243
"veery",0.75999534,277,280
"hoowar",0.29668173,411,414
