"species_code","score","start_offset_sec","end_offset_sec"
"brwhaw",0.9998957,7,10
"btnwar",0.389698,15,18
"amered",0.27661315,20,23
"ovenbi1",0.53694665,28,31
"gockin",0.3286575,71,74
"canwar",0.3423712,84,87
"btbwar",0.975392,98,101
"veery",0.2983473,108,111
"yebsap",0.7006257,125,128
