"species_code","score","start_offset_sec","end_offset_sec"
"comgal1",0.26348162,5,8
"leabit",0.31154504,41,44
"rinduc",0.31645265,42,45
"marwre",0.34978572,48,51
"nrwswa",0.41199124,98,101
"comgra",0.62429196,117,120
"treswa",0.30273253,129,131.016009070295
