"species_code","score","start_offset_sec","end_offset_sec"
"comyel",0.97432274,0,3
"mouwar",0.61953855,8,11
"kenwar",0.5875543,58,61
"magwar",0.47835568,59,62
"chswar",0.52071005,71,74
"winwre3",0.52774435,238,241
"leafly",0.9250486,346,349
"buhvir",0.79743016,382,385
"ovenbi1",0.52540976,390,393
"veery",0.3008619,504,507
"canwar",0.3946526,510,513
