"species_code","score","start_offset_sec","end_offset_sec"
"woewar1",0.31130645,72,75
"btbwar",0.56462425,155,158
"cerwar",0.40559763,155,158
"scatan",0.96997255,197,200
"robgro",0.33614612,201,204
"hoowar",0.33690554,232,235
"btnwar",0.64902097,265,268
