"species_code","score","start_offset_sec","end_offset_sec"
"acafly",0.27875444,9,12
"robgro",0.71730405,53,56
"blujay",0.71759367,114,117
"magwar",0.49029717,129,132
"ovenbi1",0.31884474,137,140
"norfli",0.47019795,183,186
"hoowar",0.9937366,216,219
"btnwar",0.31724054,243,246
"cerwar",0.34249008,280,283
"btbwar",0.90899533,317,320
"kenwar",0.86631304,319,322
"cedwax",0.4062837,344,347
