"species_code","score","start_offset_sec","end_offset_sec"
"buhvir",0.36459047,69,72
"scatan",0.35076994,169,172
"amered",0.39503658,182,185
"hoowar",0.43871197,233,236
"reevir1",0.9445456,258,261
"acafly",0.26551586,264,267
"bkbwar",0.69228643,318,321
