"species_code","score","start_offset_sec","end_offset_sec"
"swathr",0.990859,0,3
"buhvir",0.9616872,120,123
"btnwar",0.7590306,156,159
"magwar",0.2621831,159,162
"haiwoo",0.30690154,195,198
"btbwar",0.32017624,226,229
"yebsap",0.7212114,249,252
