"species_code","score","start_offset_sec","end_offset_sec"
"amered",0.25749406,153,156
"kenwar",0.4872556,193,196
"brwhaw",0.6666167,245,248
"magwar",0.78353906,320,323
"swathr",0.97984135,323,326
"yebsap",0.44473058,354,357
"btbwar",0.25480857,435,438
"eawpew",0.45569715,506,509
"bkbwar",0.4656748,549,552
"hoowar",0.97042453,661,664
"btnwar",0.92330354,687,690
