"species_code","score","start_offset_sec","end_offset_sec"
"rebwoo",0.9544497,0,3
"coohaw",0.48915544,23,26
"eawpew",0.9637703,35,38
"kenwar",0.25096416,40,43
"prowar",0.6344524,46,49
"mouwar",0.99562234,48,51
"houwre",0.63304895,61,63.9360090702948
