"species_code","score","start_offset_sec","end_offset_sec"
"swawar",0.38255495,50,53
"prowar",0.31300843,50,53
"kenwar",0.50687593,106,109
"yetvir",0.25171557,144,147
"reevir1",0.5011604,198,201
"scatan",0.28738388,203,206
"carwre",0.99933356,207,210
