"species_code","score","start_offset_sec","end_offset_sec"
"buhvir",0.27268967,13,16
"amered",0.9649871,21,24
"cerwar",0.33430028,41,44
"bawwar",0.33481857,55,58
"dowwoo",0.8495683,79,82
"woewar1",0.3409276,83,86
"bkbwar",0.34904093,91,94
"reevir1",0.9142664,99,102
