"species_code","score","start_offset_sec","end_offset_sec"
"cerwar",0.9978671,11,14
"scatan",0.25236186,16,19
"yetvir",0.37123463,22,25
"amered",0.3054546,26,29
"pilwoo",0.4696585,34,37
"btbwar",0.35223615,40,42.1680272108844
