"species_code","score","start_offset_sec","end_offset_sec"
"easkin",0.31270337,5,8
"yelwar",0.33079314,38,41
"comyel",0.31330913,79,82
"amecro",0.9429084,86,89
"rewbla",0.3609459,151,154
"moudov",0.7273342,157,160
"boboli",0.98798406,204,207
"sedwre1",0.96629924,254,257
"easblu",0.36965555,309,312
"orcori",0.64329076,330,333
"comgra",0.29653612,389,392
"nrwswa",0.5338958,393,396
"banswa",0.28329116,393,396
"swaspa",0.30257827,402,405
