"species_code","score","start_offset_sec","end_offset_sec"
"herthr",0.9639418,0,3
"btnwar",0.47852898,7,10
"reevir1",0.63535196,13,16
"amecro",0.81924534,15,18
"woothr",0.90586746,16,19
"ovenbi1",0.60508883,22,25
"scatan",0.65445155,36,39
"pilwoo",0.49204057,37,40
"moudov",0.30300254,53,56
"eastow",0.40846643,61,64
