"species_code","score","start_offset_sec","end_offset_sec"
"eastow",0.74323106,266,269
"btbwar",0.99521554,312,315
"chswar",0.36942276,414,417
"cerwar",0.9995316,652,655
"indbun",0.26081237,678,681
"gowwar",0.4551805,749,752
"eawpew",0.30535018,791,794
