"species_code","score","start_offset_sec","end_offset_sec"
"comgra",0.25491098,13,16
"cerwar",0.99955934,20,23
"yetvir",0.87821895,67,70
"rthhum",0.5951423,81,84
"eawpew",0.3769818,155,158
"btbwar",0.9630996,216,219
"eastow",0.5433542,262,265
"gowwar",0.5262862,270,273
"amered",0.7144588,321,323.568027210884
