"species_code","score","start_offset_sec","end_offset_sec"
"easpho",0.9401706,0,3
"reshaw",0.58623624,39,42
"blujay",0.8251763,56,59
"normoc",0.8318611,76,79
"easblu",0.9995016,84,87
"greyel",0.44537908,86,89
"tuftit",0.4788611,97,99.2880272108844
