"species_code","score","start_offset_sec","end_offset_sec"
"whtspa",0.44326362,11,14
"naswar",0.62337345,12,15
"commer",0.51147705,32,35
"chswar",0.9861459,77,80
"norpar",0.8343227,114,117
"gowwar",0.26475093,153,156
"prawar",0.49076793,219,222
"canwar",0.25279698,220,223
"yerwar",0.32155517,226,229
