"species_code","score","start_offset_sec","end_offset_sec"
"bkbwar",0.97078615,92,95
"winwre3",0.99967957,140,143
"eawpew",0.29191527,142,145
"yebfly",0.9994886,212,215
"fiespa",0.7003131,229,232
"magwar",0.31923267,285,288
