"species_code","score","start_offset_sec","end_offset_sec"
"pibgre",0.27159613,4,7
"leabit",0.3419262,17,20
"marwre",0.6511729,43,46
"amebit",0.30258846,48,51
"swaspa",0.6196678,70,73
"comgal1",0.39569935,106,109
"rewbla",0.46981084,134,137
"kinrai4",0.80137986,138,141
"grbher3",0.4577815,152,155
