"species_code","score","start_offset_sec","end_offset_sec"
"kenwar",0.4160399,2,5
"woothr",0.5940734,18,21
"prowar",0.45546743,33,36
"mouwar",0.9997403,38,41
"whbnut",0.7015421,47,50
"amered",0.98256874,60,63
"eastow",0.78677726,63,66
"woewar1",0.51712483,75,77.6880272108844
"cerwar",0.39351773,75,77.6880272108844
