"species_code","score","start_offset_sec","end_offset_sec"
"normoc",0.6932054,3,6
"norfli",0.70273435,29,32
"brnthr",0.81089014,31,34
"tuftit",0.2618814,43,46
"balori",0.4384511,44,47
"sumtan",0.27963933,45,48
"amerob",0.86636674,46,49
"purmar",0.84199536,49,52
"carwre",0.9918826,50,53
