"species_code","score","start_offset_sec","end_offset_sec"
"cerwar",0.3166959,8,11
"ovenbi1",0.27921772,40,43
"veery",0.25656,74,77
"norwat",0.2630263,105,108
"btbwar",0.30306622,121,124
"hoowar",0.9978631,123,126
"yetvir",0.4633895,139,142
"acafly",0.9119315,160,163
