"species_code","score","start_offset_sec","end_offset_sec"
"grcfly",0.96214044,16,19
"norcar",0.40797162,26,29
"sonspa",0.26097187,39,42
"coohaw",0.41469476,41,44
"woothr",0.91260135,56,59
"normoc",0.8516064,87,90
"buggna",0.5473133,88,91
"grycat",0.79198194,90,93
"moudov",0.29113433,94,97
"yebcha",0.53465754,98,101
"whbnut",0.5427265,100,103
"pilwoo",0.26701072,103,106
"norfli",0.5204922,105,108
