"species_code","score","start_offset_sec","end_offset_sec"
"norcar",0.5323132,19,22
"balori",0.4728812,48,51
"woewar1",0.25949213,54,57
"carwre",0.99725705,90,93
"chispa",0.28506008,157,160
"orcori",0.6847659,231,234
"sposan",0.36379388,269,272
"indbun",0.84926784,277,280
