"species_code","score","start_offset_sec","end_offset_sec"
"hoowar",0.9727486,0,3
"ovenbi1",0.48113534,9,12
"veery",0.9727103,17,20
"bkbwar",0.31388363,54,57
"prowar",0.47870958,76,79
"btbwar",0.9194305,107,110
"woewar1",0.2912227,108,111
"amered",0.30537498,118,121
"cerwar",0.25264606,119,122
