"species_code","score","start_offset_sec","end_offset_sec"
"ovenbi1",0.32292515,7,10
"bcnher",0.51182336,16,19
"buhvir",0.45773563,30,33
"blujay",0.27882457,38,41
"acafly",0.9923018,42,45
"scatan",0.34416932,53,56
"amecro",0.96946275,81,84
"reevir1",0.6784289,82,85
