"species_code","score","start_offset_sec","end_offset_sec"
"swawar",0.56800663,22,25
"kenwar",0.28715897,32,35
"prowar",0.40318874,38,41
"brdowl",0.27359688,40,43
"acafly",0.39151236,42,45
"woewar1",0.4974887,45,47.8560090702948
