"species_code","score","start_offset_sec","end_offset_sec"
"indbun",0.9950258,14,17
"fiespa",0.37783894,58,61
"henspa",0.42903098,104,107
"blugrb1",0.9957337,154,157
"norwat",0.2553849,160,163
"graspa",0.9476646,161,164
"leater1",0.40010673,170,173
