"species_code","score","start_offset_sec","end_offset_sec"
"fiespa",0.7898155,0,3
"easkin",0.28885272,0,3
"indbun",0.8332398,188,191
"blugrb1",0.8032652,217,220
"orcori",0.26460463,321,324
"graspa",0.99964035,452,455
"sonspa",0.5306059,638,641
"rewbla",0.41076005,649,652
"vesspa",0.35402143,750,753
"henspa",0.5796037,759,762
