"species_code","score","start_offset_sec","end_offset_sec"
"yebcha",0.60240227,19,22
"eastow",0.99829787,26,29
"moudov",0.8636357,48,51
"pinwar",0.5157328,96,99
"woothr",0.36864087,101,104
"yebcuc",0.2917083,353,356
"bnhnut",0.9713516,367,370
"prawar",0.27018237,370,373
"chispa",0.35568228,400,403
"rebwoo",0.430096,424,427
"amecro",0.2549377,424,427
"comyel",0.7849995,455,458
"tuftit",0.262053,458,461
"scatan",0.50894153,735,738
"bnhcow",0.89546245,872,875
