"species_code","score","start_offset_sec","end_offset_sec"
"brdowl",0.9176421,933,936
"woothr",0.9987086,1001,1004
"scatan",0.9958156,1277,1280
"btnwar",0.49942183,1467,1470
"ovenbi1",0.4748057,1555,1558
"amecro",0.96823466,1636,1639
"eastow",0.30973923,1636,1639
"rthhum",0.99307656,1658,1661
