"species_code","score","start_offset_sec","end_offset_sec"
"balori",0.90481454,3,6
"belkin1",0.8998545,6,9
"paibun",0.45360067,45,48
"blugrb1",0.2682003,45,48
"fiespa",0.65851057,81,84
"kenwar",0.3063199,174,177
"normoc",0.95318276,218,221
"blujay",0.58622986,249,252
"grcfly",0.91406345,253,256
"norbob",0.3813835,325,328
"grnher",0.26332203,375,378
"buggna",0.90486157,449,452
"yebcha",0.9767834,522,525
"amerob",0.70063806,618,621
"veery",0.7633792,629,632
