"species_code","score","start_offset_sec","end_offset_sec"
"eawpew",0.6905868,0,3
"brdowl",0.99568695,75,78
"eastow",0.32416576,101,104
"scatan",0.40672043,123,126
"norcar",0.38511866,127,130
"bkcchi",0.28015098,127,130
"herthr",0.47224298,137,140
"woothr",0.99936146,146,149
"acafly",0.38186365,198,201
