"species_code","score","start_offset_sec","end_offset_sec"
"whbnut",0.35948843,1,4
"carwre",0.66764015,8,11
"greegr",0.37984797,16,19
"sonspa",0.8792458,55,58
"comrav",0.66570044,56,59
"grycat",0.6099029,64,67
"reshaw",0.99213976,83,86
"dickci",0.6241261,92,95
"blujay",0.47048393,142,145
