"species_code","score","start_offset_sec","end_offset_sec"
"acafly",0.770353,8,11
"kenwar",0.27567816,10,13
"swawar",0.8844016,14,16.9440362811791
"hoowar",0.38918057,14,16.9440362811791
