"species_code","score","start_offset_sec","end_offset_sec"
"cerwar",0.26773205,7,10
"amered",0.7263695,17,20
"amecro",0.41046518,73,76
"cedwax",0.6525379,85,88
"swawar",0.56128114,99,102
"kenwar",0.2768847,99,102
"woewar1",0.42069897,136,139
"woothr",0.97707945,245,248
"norpar",0.9895705,250,253
"grcfly",0.5191326,265,268
