"species_code","score","start_offset_sec","end_offset_sec"
"veery",0.932819,0,3
"magwar",0.29229015,8,11
"eastow",0.945746,52,55
"louwat",0.29292363,148,151
"comyel",0.9882004,165,168
"amecro",0.35407525,192,195
"norcar",0.79796416,199,202
"blujay",0.28653294,224,227
"easpho",0.94489366,240,243
