"species_code","score","start_offset_sec","end_offset_sec"
"boboli",0.99933916,19,22
"amegfi",0.25440988,22,25
"savspa",0.65649295,31,34
"gowwar",0.32750407,38,41
"buwwar",0.32420707,39,42
"vesspa",0.3265482,82,85
"graspa",0.26513046,112,115
"barswa",0.2775597,120,123
