"species_code","score","start_offset_sec","end_offset_sec"
"bkbwar",0.25190526,3,6
"btbwar",0.97579783,30,33
"herthr",0.47836533,60,63
"cerwar",0.79267883,70,73
"veery",0.98978007,85,88
"norwat",0.30872476,102,105
"hoowar",0.94231546,113,116
"ovenbi1",0.3113812,115,118
"woewar1",0.44004512,146,149
"btnwar",0.85789114,149,152
