"species_code","score","start_offset_sec","end_offset_sec"
"grcfly",0.45497832,71,74
"hoowar",0.25821993,92,95
"reevir1",0.96390647,119,122
"yetvir",0.48541117,159,162
"buhvir",0.45315677,161,164
"eawpew",0.29990348,248,251
