"species_code","score","start_offset_sec","end_offset_sec"
"norcar",0.685749,171,174
"chispa",0.27939677,198,201
"fiespa",0.94611347,212,215
"amecro",0.6278399,226,229
"blugrb1",0.32082537,252,255
"houfin",0.9213609,332,335
"graspa",0.999059,339,342
"easmea",0.90969896,521,524
"sedwre1",0.4967551,555,558
"vesspa",0.35684264,583,586
"amegfi",0.526218,630,633
"henspa",0.2730765,653,656
