"species_code","score","start_offset_sec","end_offset_sec"
"fiespa",0.99782133,45,48
"easmea",0.31505334,112,115
"whtspa",0.45596504,118,121
"cedwax",0.4003933,134,137
"chispa",0.9986626,175,178
"vesspa",0.3211848,212,215
"graspa",0.77431583,244,247
"indbun",0.8070314,259,262
"swaspa",0.45386133,306,309
