"species_code","score","start_offset_sec","end_offset_sec"
"pibgre",0.28303203,9,12
"rewbla",0.31552607,31,34
"y00475",0.33507833,69,72
"comgal1",0.98780954,106,109
"nrwswa",0.43815753,115,118
"sancra",0.4568492,123,126
"wooduc",0.4809246,126,129
"treswa",0.43570784,134,137
