"species_code","score","start_offset_sec","end_offset_sec"
"nrwswa",0.2660657,5,8
"comyel",0.41427082,18,21
"boboli",0.4010556,29,32
"cedwax",0.60041547,61,64
"swaspa",0.26678658,93,96
"yelwar",0.9033174,122,125
"naswar",0.65533626,159,162
"amegfi",0.48138216,165,168
"sonspa",0.58185166,196,199
"treswa",0.3399523,205,208
