"species_code","score","start_offset_sec","end_offset_sec"
"norcar",0.98869175,0,3
"carwre",0.8308303,4,7
"blugrb1",0.86902463,5,8
"eawpew",0.99653816,15,18
"comyel",0.92262286,27,30
"haiwoo",0.9326938,32,35
"normoc",0.9932224,33,36
"norfli",0.9809198,43,46
"amecro",0.967941,43,46
"rewbla",0.93782103,43,46
"norpar",0.9930365,47,50
"indbun",0.98430437,52,55
