"species_code","score","start_offset_sec","end_offset_sec"
"cedwax",0.9281276,2,5
"houwre",0.9724316,10,13
"amered",0.99986124,30,33
"grycat",0.99994105,34,37
"veery",0.98931783,42,45
"eawpew",0.9989097,48,51
"sonspa",0.99984336,81,84
"amecro",0.9241872,93,96
"reevir1",0.99629885,108,111
