"species_code","score","start_offset_sec","end_offset_sec"
"eastow",0.90295666,6,9
"louwat",0.25641617,11,14
"hoowar",0.9798256,12,15
"whbnut",0.99509364,14,17
"norfli",0.9525194,18,21
"rehwoo",0.24991728,20,23
"amegfi",0.9903076,22,25
"carwre",0.99054784,32,35
"indbun",0.98294735,38,41
