"species_code","score","start_offset_sec","end_offset_sec"
"bkpwar",0.3821439,6,9
"gockin",0.95169103,12,15
"winwre3",0.8055236,29,32
"bicthr",0.04239748,37,40
"bkbwar",0.758041,50,53
"canwar",0.4811374,74,77
"buhvir",0.99056166,85,88
"btnwar",0.8992524,85,88
"rebnut",0.99670696,91,94
"magwar",0.9997033,102,105
"swathr",0.9921703,142,145
