"species_code","score","start_offset_sec","end_offset_sec"
"herthr",0.99993783,12,15
"veery",0.95272255,47,50
"reevir1",0.9984428,70,73
"robgro",0.63383526,110,113
"bkbwar",0.9059496,142,145
"bicthr",0.08028669,239,242
"woothr",0.9270463,258,261
"winwre3",0.63191533,258,261
