"species_code","score","start_offset_sec","end_offset_sec"
"sonspa",0.87426203,1,4
"cedwax",0.9911598,23,26
"grycat",0.8723131,23,26
"houspa",0.904624,26,29
"whbnut",0.93028766,31,34
"norcar",0.95405173,42,45
"normoc",0.9967764,51,54
"reevir1",0.9644782,71,74
"houwre",0.9995345,72,75
"chispa",0.99931234,74,77
"rebwoo",0.6584099,81,84
