"species_code","score","start_offset_sec","end_offset_sec"
"blujay",0.9910846,112,115
"amered",0.9828461,145,148
"whbnut",0.9888886,149,152
"norcar",0.97573525,206,209
"tuftit",0.99998677,276,279
"grycat",0.91007364,287,290
