"species_code","score","start_offset_sec","end_offset_sec"
"whevir",0.5692995,10,13
"indbun",0.99506295,15,18
"amerob",0.9942611,46,49
"acafly",0.918943,51,54
"reevir1",0.98372716,53,56
"norpar",0.9835185,56,59
"buggna",0.96403444,73,76
"yetwar",0.49120027,78,81
"canwar",0.6695674,80,83
