"species_code","score","start_offset_sec","end_offset_sec"
"norcar",0.97804844,0,3
"reevir1",0.99619734,7,10
"yebcuc",0.49991766,36,39
"prowar",0.99741286,57,60
"veery",0.93393296,60,63
"cedwax",0.9215587,63,66
"acafly",0.9978613,65,68
"yetwar",0.24502829,73,76
"carwre",0.9733269,76,79
"hoowar",0.8477119,86,89
"buggna",0.9753032,89,92
