"species_code","score","start_offset_sec","end_offset_sec"
"tuftit",0.98904985,46,49
"carwre",0.99992996,51,54
"woothr",0.85924494,60,63
"acafly",0.9072128,81,84
"hoowar",0.5753438,82,85
"whevir",0.6602338,84,87
"kenwar",0.9994305,91,94
"reevir1",0.98795104,111,114
