"species_code","score","start_offset_sec","end_offset_sec"
"dickci",0.14257103,25,28
"marwre",0.99998,34,37
"treswa",0.9791438,59,62
"cedwax",0.78023666,83,86
"banswa",0.9912022,137,140
"rewbla",0.9774147,144,147
"sancra",0.33593437,228,231
"barswa",0.98818415,317,320
"chiswi",0.32539806,332,335
"sonspa",0.97083056,333,336
"amegfi",0.91985554,335,338
"swaspa",0.9925039,452,455
