"species_code","score","start_offset_sec","end_offset_sec"
"norfli",0.93340373,18,21
"whbnut",0.8462898,32,35
"warvir",0.9901387,49,52
"normoc",0.9969539,92,95
"tuftit",0.8202505,105,108
"aldfly",0.7874688,124,127
"cliswa",0.848521,188,191
"blujay",0.8059763,229,232
