"species_code","score","start_offset_sec","end_offset_sec"
"whbnut",0.58527225,18,21
"rebwoo",0.9818117,20,23
"comyel",0.91314906,25,28
"eastow",0.8454473,38,41
"scatan",0.9933547,46,49
"norcar",0.83553493,49,52
"indbun",0.9508592,50,53
"acafly",0.72741526,68,71
"prowar",0.89940685,80,83
"eawpew",0.96860015,91,94
"woothr",0.9999993,175,178
"easwpw1",0.38156933,180,183
