"species_code","score","start_offset_sec","end_offset_sec"
"woothr",0.83907413,8,11
"ovenbi1",0.99540174,15,18
"eastow",0.88110256,16,19
"comyel",0.9975766,24,27
"tuftit",0.91021746,26,29
"btnwar",0.9825544,35,38
"amecro",0.9388251,62,65
"gockin",0.7568953,64,67
"bkcchi",0.96833766,67,70
