"species_code","score","start_offset_sec","end_offset_sec"
"winwre3",0.82945335,7,10
"daejun",0.997359,79,82
"comyel",0.9962922,83,86
"blujay",0.9718046,188,191
"bkcchi",0.91874367,219,222
"yetvir",0.70017004,236,239
"pinwar",0.6109446,237,240
"brnthr",0.5471301,237,240
"grycat",0.99999833,245,248
"veery",0.9981042,287,290
"ovenbi1",0.9802389,308,311
"scatan",0.71040183,341,344
