"species_code","score","start_offset_sec","end_offset_sec"
"ovenbi1",0.9926471,14,17
"veery",0.9855082,20,23
"winwre3",0.2906751,49,52
"brnthr",0.6954864,60,63
"woothr",0.99999505,66,69
"moudov",0.9440213,88,91
"eastow",0.8330592,101,104
"eawpew",0.90523136,147,150
"easwpw1",0.11066881,205,208
"blujay",0.92591155,218,221
"amecro",0.98807985,251,254
"comyel",0.89108926,259,262
