"species_code","score","start_offset_sec","end_offset_sec"
"veery",0.9999639,44,47
"bkbwar",0.7829997,123,126
"comyel",0.97700214,164,167
"cerwar",0.87706226,178,181
"amered",0.998292,191,194
"scatan",0.97788894,200,203
"reevir1",0.9215077,254,257
