"species_code","score","start_offset_sec","end_offset_sec"
"grcfly",0.99854356,6,9
"scatan",0.99443555,20,23
"woothr",0.9618693,35,38
"swathr",0.96223,54,57
"amered",0.804752,58,61
"brdowl",0.18110129,65,68
"cerwar",0.6156813,88,91
"moudov",0.98166126,90,93
"reevir1",0.95067585,99,102
"indbun",0.93351424,100,103
