"species_code","score","start_offset_sec","end_offset_sec"
"veery",0.7623485,3,6
"yebcha",0.99994266,9,12
"pilwoo",0.9336352,11,14
"yelwar",0.9573511,22,25
"comgra",0.9596718,79,82
"amerob",0.919767,81,84
"reevir1",0.9364691,90,93
"amecro",0.9369664,95,98
"eastow",0.99570405,114,117
"comyel",0.9933765,119,122
