"species_code","score","start_offset_sec","end_offset_sec"
"wilfly",0.996138,0,3
"henspa",0.9883429,6,9
"dickci",0.15544762,6,9
"moudov",0.91418934,10,13
"rewbla",0.99612916,13,16
"easmea",0.99358684,15,18
"sonspa",0.99198717,17,20
"whwdov",0.9184574,18,21
"graspa",0.98994887,23,26
"woothr",0.79374033,25,28
