"species_code","score","start_offset_sec","end_offset_sec"
"herthr",0.9717459,23,26
"amecro",0.97945064,68,71
"comyel",0.9417079,141,144
"norfli",0.91056585,176,179
"houwre",0.973901,215,218
"yebsap",0.9955164,296,299
"buhvir",0.9226252,297,300
"reevir1",0.9857563,337,340
"indbun",0.9747679,487,490
