"species_code","score","start_offset_sec","end_offset_sec"
"amerob",0.99670714,35,38
"eastow",0.99662346,124,127
"robgro",0.60040313,126,129
"comyel",0.98467606,143,146
"sonspa",0.99922055,145,148
"houwre",0.99968904,148,151
"balori",0.95233077,168,171
"grycat",0.9999901,208,211
"aldfly",0.9637694,274,277
