"species_code","score","start_offset_sec","end_offset_sec"
"bawwar",0.96047074,1,4
"chispa",0.99391663,7,10
"yetwar",0.19300158,10,13
"grcfly",0.99979746,17,20
"brdowl",0.5641771,18,21
"norpar",0.9834418,20,23
"buhvir",0.82096636,44,47
"amered",0.9971383,65,68
"reevir1",0.90195566,69,72
