"species_code","score","start_offset_sec","end_offset_sec"
"sedwre1",0.14644194,3,6
"fiespa",0.9983257,22,25
"norfli",0.9645106,27,30
"robgro",0.57176065,37,40
"clcspa",0.99282897,66,69
"prawar",0.51596373,71,74
"sonspa",0.99994326,75,78
"comyel",0.99912107,81,84
"blujay",0.98822725,86,89
"winwre3",0.23115548,91,94
"yelwar",0.9962773,95,98
"boboli",0.9404402,105,108
