"species_code","score","start_offset_sec","end_offset_sec"
"moudov",0.99729,16,19
"warvir",0.87579876,42,45
"orcori",0.9960039,52,55
"amecro",0.9966547,67,70
"yebcha",0.99998134,77,80
"rehwoo",0.14057924,78,81
"comyel",0.98438627,85,88
"indbun",0.99175596,101,104
"norcar",0.9821388,121,124
