"species_code","score","start_offset_sec","end_offset_sec"
"amerob",0.99191356,101,104
"rewbla",0.9930325,102,105
"norcar",0.84587514,106,109
"sonspa",0.99885654,110,113
"boboli",0.99962646,150,153
"seaspa",0.092055835,180,183
