"species_code","score","start_offset_sec","end_offset_sec"
"rewbla",0.90230274,27,30
"sonspa",0.95652246,36,39
"yelwar",0.9952075,37,40
"cedwax",0.99114347,46,49
"carwre",0.95521635,58,61
"whbnut",0.9928444,60,63
"chispa",0.98546,83,86
"moudov",0.9862698,88,91
"reevir1",0.925927,90,93
"grycat",0.9024273,105,108
"chswar",0.9912484,118,121
