"species_code","score","start_offset_sec","end_offset_sec"
"grycat",0.9998581,0,3
"yelwar",0.97418,3,6
"cerwar",0.7681072,22,25
"rebwoo",0.9417056,23,26
"buwwar",0.999341,77,80
"amerob",0.97168356,82,85
"robgro",0.7665686,114,117
"blujay",0.92748654,162,165
"indbun",0.99522734,202,205
"gowwar",0.9204967,256,259
"carwre",0.9446975,266,269
