"species_code","score","start_offset_sec","end_offset_sec"
"chwwid",0.093063965,12,15
"eawpew",0.9999422,21,24
"grcfly",0.98869187,46,49
"easwpw1",0.9999428,74,77
"eastow",0.93215674,100,103
"acafly",0.909333,200,203
"woothr",0.9999443,223,226
"scatan",0.8030863,236,239
"buggna",0.9844943,280,283
