"species_code","score","start_offset_sec","end_offset_sec"
"aldfly",0.99115586,26,29
"canwar",0.98934746,28,31
"bicthr",0.049947344,49,52
"naswar",0.9637835,56,59
"whtspa",0.999796,74,77
"mouwar",0.16667587,74,77
"yebfly",0.99971926,78,81
"bkpwar",0.8694498,93,96
"amered",0.9297636,140,143
"norwat",0.99980825,147,150
"brncre",0.75734365,152,155
