"species_code","score","start_offset_sec","end_offset_sec"
"rewbla",0.88841957,4,7
"moudov",0.9895879,5,8
"blujay",0.9571804,9,12
"norcar",0.88861257,16,19
"amerob",0.9606731,28,31
"orcori",0.6640849,30,33
"rebwoo",0.9958625,38,41
"houfin",0.99672526,47,50
"chiswi",0.75896555,48,51
"sonspa",0.89475983,49,52
