"species_code","score","start_offset_sec","end_offset_sec"
"amerob",0.9937808,6,9
"clarai11",0.97287613,24,27
"haiwoo",0.9726827,28,31
"rewbla",0.98233366,94,97
"amegfi",0.9418721,97,100
"marwre",0.9971425,120,123
"carwre",0.99775857,121,124
"norcar",0.8491031,141,144
"yelwar",0.99127114,149,152
