"species_code","score","start_offset_sec","end_offset_sec"
"amegfi",0.98142266,6,9
"reevir1",0.97338134,12,15
"gockin",0.996811,15,18
"pinwar",0.6406287,19,22
"ovenbi1",0.9844505,21,24
"whbnut",0.9980228,22,25
"amecro",0.9874173,23,26
"comyel",0.9857878,25,28
"cedwax",0.98290294,33,36
"buhvir",0.78389066,34,37
"magwar",0.9973858,36,39
