"species_code","score","start_offset_sec","end_offset_sec"
"cerwar",0.6549715,9,12
"carchi",0.7301123,21,24
"brnthr",0.9733205,46,49
"easwpw1",0.14572881,60,63
"yebcuc",0.9989128,162,165
"chispa",0.9949064,168,171
"amerob",0.9220847,168,171
"eawpew",0.9994718,206,209
"whbnut",0.99970585,226,229
"woothr",0.9999981,295,298
"easpho",0.7356085,305,308
"blujay",0.8567879,312,315
