"species_code","score","start_offset_sec","end_offset_sec"
"sedwre1",0.47707367,0,3
"whevir",0.9253948,10,13
"prawar",0.99143654,12,15
"canwar",0.6257534,21,24
"norcar",0.99487245,33,36
"amegfi",0.9913163,34,37
"comyel",0.93791616,39,42
"indbun",0.9437635,42,45
"purmar",0.99644893,48,51
"yebcha",0.9734855,67,70
"reevir1",0.991315,98,101
"pinwar",0.82721025,110,113
"fiespa",0.9951098,120,123
"eawpew",0.93922955,125,128
