"species_code","score","start_offset_sec","end_offset_sec"
"aldfly",0.59631985,3,6
"herthr",0.9999894,24,27
"whtspa",0.99953157,37,40
"naswar",0.992337,50,53
"bicthr",0.043348968,55,58
"purfin",0.98160124,56,59
"veery",0.8020291,87,90
"pinwar",0.8319033,92,95
"comyel",0.9559586,110,113
"reevir1",0.97552145,130,133
