"species_code","score","start_offset_sec","end_offset_sec"
"cedwax",0.9985306,0,3
"fiespa",0.99899864,33,36
"reevir1",0.9933516,103,106
"buwwar",0.86687124,127,130
"sonspa",0.99996966,131,134
"grycat",0.9999708,165,168
"bkbcuc",0.9476243,171,174
"comyel",0.99794465,258,261
"blujay",0.9988758,260,263
"boboli",0.9860272,293,296
"norhar2",0.7529022,303,306
