"species_code","score","start_offset_sec","end_offset_sec"
"brncre",0.9994573,10,13
"reevir1",0.9867457,10,13
"ovenbi1",0.9996661,35,38
"amerob",0.9461068,54,57
"eawpew",0.99894196,58,61
"winwre3",0.25544173,60,63
"woothr",0.9225443,67,70
"buhvir",0.9903555,73,76
"scatan",0.8953672,79,82
"bkcchi",0.93835396,85,88
