"species_code","score","start_offset_sec","end_offset_sec"
"blujay",0.99936587,8,11
"winwre3",0.8791598,9,12
"rehwoo",0.076114304,10,13
"haiwoo",0.9926587,55,58
"moudov",0.97619313,60,63
"whbnut",0.75654995,95,98
"boboli",0.9525699,103,106
"herthr",0.9995519,105,108
"bkcchi",0.8897365,132,135
"reevir1",0.98936725,142,145
