"species_code","score","start_offset_sec","end_offset_sec"
"easwpw1",0.10290849,334,337
"carwre",0.99318737,455,458
"yebcha",0.9375072,489,492
"balori",0.9850156,501,504
"purmar",0.72415036,543,546
"amerob",0.9267808,672,675
"killde",0.9462298,675,678
"shbdow",0.8765932,786,789
