"species_code","score","start_offset_sec","end_offset_sec"
"veery",0.9996847,11,14
"brncre",0.99408686,19,22
"reevir1",0.9926319,19,22
"mouwar",0.9999719,26,29
"bawwar",0.93511915,47,50
"btnwar",0.9790476,55,58
"ovenbi1",0.99691457,77,80
"btbwar",0.92113435,83,86
