"species_code","score","start_offset_sec","end_offset_sec"
"veery",0.9999498,25,28
"chswar",0.9774513,34,37
"mouwar",0.9930668,54,57
"woothr",0.7466193,68,71
"blujay",0.8817541,73,76
"yebcuc",0.9975033,105,108
"buhvir",0.99300265,107,110
"reevir1",0.997477,136,139
"btbwar",0.9829516,137,140
"robgro",0.9928003,179,182
"bkbwar",0.82412404,183,186
"louwat",0.9983938,189,192
"ovenbi1",0.99997246,217,220
"hoowar",0.8739604,251,254
"scatan",0.8400722,282,285
