"species_code","score","start_offset_sec","end_offset_sec"
"easkin",0.89746886,0,3
"warvir",0.99584174,12,15
"comyel",0.98012424,17,20
"grycat",0.96470916,27,30
"treswa",0.97336644,31,34
"orcori",0.9999383,38,41
"sonspa",0.99851465,43,46
"rewbla",0.9946861,77,80
"amegfi",0.99675244,89,92
"amerob",0.9894353,110,113
