"species_code","score","start_offset_sec","end_offset_sec"
"reevir1",0.9891414,10,13
"hoowar",0.6211296,15,18
"easwpw1",0.14983724,38,41
"woothr",0.99999976,64,67
"yetwar",0.7872053,138,141
"acafly",0.99783343,163,166
"woewar1",0.45796576,201,204
"tuftit",0.9752403,234,237
"bawwar",0.9269823,234,237
"buggna",0.95699495,240,243
