"species_code","score","start_offset_sec","end_offset_sec"
"scatan",0.9557059,8,11
"kenwar",0.6688286,14,17
"acafly",0.9974483,30,33
"buggna",0.890026,51,54
"sonspa",0.96581995,91,94
"reevir1",0.99928665,102,105
"yebcuc",0.4231199,104,107
"eastow",0.9971454,131,134
"carwre",0.979766,139,142
"blujay",0.992576,150,153
