"species_code","score","start_offset_sec","end_offset_sec"
"scatan",0.5752353,65,68
"reevir1",0.9961774,74,77
"brncre",0.9688706,88,91
"ovenbi1",0.9999103,113,116
"woothr",0.77757066,141,144
"yebsap",0.9215356,165,168
"blujay",0.8868103,269,272
"buhvir",0.99707705,293,296
"amered",0.9937124,402,405
