"species_code","score","start_offset_sec","end_offset_sec"
"whbnut",0.96458143,40,43
"hoowar",0.80251884,41,44
"comgra",0.96661884,47,50
"brwhaw",0.7281783,67,70
"veery",0.99963534,73,76
"rebwoo",0.9730164,90,93
"daejun",0.9500416,98,101
"blujay",0.99963176,114,117
