"species_code","score","start_offset_sec","end_offset_sec"
"robgro",0.99909353,1,4
"comyel",0.85696965,4,7
"leafly",0.95598996,11,14
"veery",0.833464,14,17
"yebcuc",0.23922788,20,23
"mouwar",0.99959457,21,24
"scatan",0.9824182,28,31
"ovenbi1",0.9798815,33,36
"kenwar",0.48839813,36,39
