"species_code","score","start_offset_sec","end_offset_sec"
"cedwax",0.88534456,16,19
"bkcchi",0.9566691,33,36
"reevir1",0.99582905,76,79
"btnwar",0.97618365,81,84
"grcfly",0.99966246,92,95
"canwar",0.5165882,121,124
"magwar",0.90248185,122,125
"comyel",0.99158424,135,138
"buhvir",0.43287587,171,174
"herthr",0.9997181,180,183
"amerob",0.9958765,256,259
"daejun",0.9718773,257,260
