"species_code","score","start_offset_sec","end_offset_sec"
"bkcchi",0.9970067,2,5
"aldfly",0.984011,4,7
"sonspa",0.9925549,14,17
"warvir",0.9891878,18,21
"swaspa",0.9565974,19,22
"rewbla",0.96095985,23,26
"comyel",0.9941193,25,28
"dowwoo",0.9942642,33,36
"moudov",0.9954402,44,47
"amered",0.80675423,44,47
"norcar",0.9919646,58,61
"eawpew",0.9993426,61,64
