"species_code","score","start_offset_sec","end_offset_sec"
"chispa",0.9981869,0,3
"easblu",0.99642396,1,4
"woewar1",0.7865258,7,10
"killde",0.999354,14,17
"normoc",0.9978614,34,37
"grycat",0.99640477,82,85
"haiwoo",0.88721436,102,105
"rewbla",0.87359244,102,105
"brnthr",0.61346793,105,108
"comgra",0.9714867,115,118
"amegfi",0.87756425,116,119
"amerob",0.99150634,122,125
"warvir",0.86506957,128,131
"robgro",0.75541484,128,131
