"species_code","score","start_offset_sec","end_offset_sec"
"eastow",0.9535596,2,5
"gowwar",0.99589944,8,11
"robgro",0.82489127,21,24
"btbwar",0.7682057,35,38
"yelwar",0.92818606,43,46
"amered",0.99984264,55,58
"yebcuc",0.9970666,73,76
"reevir1",0.98597354,73,76
"grcfly",0.9939703,121,124
"cerwar",0.75330216,125,128
"buwwar",0.6523601,135,138
"chswar",0.9773594,136,139
