"species_code","score","start_offset_sec","end_offset_sec"
"tuftit",0.98492336,7,10
"cedwax",0.9485681,32,35
"reevir1",0.9877867,51,54
"grcfly",0.98122865,81,84
"ovenbi1",0.9993831,89,92
"acafly",0.84223515,132,135
"yetvir",0.83347183,139,142
"scatan",0.9295799,142,145
"buggna",0.9260291,146,149
