"species_code","score","start_offset_sec","end_offset_sec"
"chswar",0.92151505,23,26
"magwar",0.9952762,78,81
"swathr",0.99988705,93,96
"comyel",0.98329324,107,110
"hoowar",0.6460451,119,122
"woothr",0.7543982,129,132
"herthr",0.94371426,179,182
"btnwar",0.962162,209,212
"bkbwar",0.9718403,225,228
"reevir1",0.988312,232,235
