"species_code","score","start_offset_sec","end_offset_sec"
"rehwoo",0.067047976,20,23
"reevir1",0.9941908,106,109
"amecro",0.9913697,106,109
"cedwax",0.99992424,112,115
"easowl1",0.5984586,124,127
"indbun",0.95675445,149,152
