"species_code","score","start_offset_sec","end_offset_sec"
"blujay",0.81665,7,10
"eastow",0.9672883,9,12
"tuftit",0.75595766,9,12
"norcar",0.96669626,31,34
"indbun",0.99274474,32,35
"fiespa",0.9979702,36,39
"prawar",0.6630723,36,39
"reevir1",0.98037404,37,40
"woothr",0.8839533,39,42
"amecro",0.9733902,41,44
