"species_code","score","start_offset_sec","end_offset_sec"
"miskit",0.105743855,6,9
"houwre",0.99996436,47,50
"sonspa",0.93033963,66,69
"yetvir",0.9777408,97,100
"btbwar",0.67129654,108,111
"rewbla",0.99764705,110,113
"mouwar",0.44608536,113,116
