"species_code","score","start_offset_sec","end_offset_sec"
"purmar",0.99987787,43,46
"sonspa",0.9969216,52,55
"amegfi",0.9962598,60,63
"amerob",0.9270498,60,63
"houspa",0.99379337,86,89
"norfli",0.996873,89,92
"lesyel",0.4618157,110,113
"killde",0.9996583,116,119
"moudov",0.98426586,121,124
