"species_code","score","start_offset_sec","end_offset_sec"
"naswar",0.91866046,13,16
"blujay",0.99720883,14,17
"whtspa",0.9929757,87,90
"pinwar",0.63879293,130,133
"winwre3",0.18756929,288,291
"comyel",0.99964803,303,306
"yebfly",0.99838233,340,343
"magwar",0.65986145,388,391
"bicthr",0.05351657,434,437
"louwat",0.24357818,512,515
