"species_code","score","start_offset_sec","end_offset_sec"
"reevir1",0.93638754,5,8
"winwre3",0.4882996,20,23
"boboli",0.27991953,21,24
"cerwar",0.41377217,24,27
"bkbwar",0.99268365,25,28
"canwar",0.9966992,38,41
"comyel",0.900357,40,43
"redcro",0.9998701,41,44
"ovenbi1",0.99574697,47,50
"btbwar",0.9925213,94,97
