"species_code","score","start_offset_sec","end_offset_sec"
"robgro",0.81953484,17,20
"veery",0.99482745,29,32
"scatan",0.6497247,51,54
"blujay",0.8828604,54,57
"hoowar",0.5769636,71,74
"daejun",0.9824101,171,174
"louwat",0.9996757,198,201
"reevir1",0.9967672,264,267
"naswar",0.8498646,281,284
"woewar1",0.4233677,294,297
"cerwar",0.31280977,313,316
"canwar",0.9993596,326,329
"btnwar",0.97183037,329,332
"acafly",0.97303236,356,359
"btbwar",0.71259123,365,368
