"species_code","score","start_offset_sec","end_offset_sec"
"whbnut",0.96300644,0,3
"sonspa",0.9998634,5,8
"btbwar",0.7247787,9,12
"btnwar",0.8651181,12,15
"reshaw",0.97983724,15,18
"comyel",0.9941532,26,29
"grycat",0.9999946,37,40
"woothr",0.9990295,141,144
"cerwar",0.6926828,154,157
"eawpew",0.9609776,159,162
"reevir1",0.97497374,160,163
"osprey",0.68395364,173,176
