"species_code","score","start_offset_sec","end_offset_sec"
"comyel",0.99751925,8,11
"prowar",0.9984522,12,15
"louwat",0.18358497,13,16
"kenwar",0.8237167,26,29
"pilwoo",0.7503337,37,40
"carwre",0.99895674,44,47
"rebwoo",0.9361856,47,50
"swawar",0.39123794,53,56
"whevir",0.99804443,55,58
