"species_code","score","start_offset_sec","end_offset_sec"
"tuftit",0.8502596,12,15
"houwre",0.98878235,13,16
"carchi",0.7749346,18,21
"sonspa",0.88222194,28,31
"houfin",0.99968064,42,45
"grycat",0.9136042,48,51
"eastow",0.85972744,52,55
"moudov",0.9975627,54,57
"norcar",0.89304423,56,59
"rebwoo",0.93433905,77,80
