"species_code","score","start_offset_sec","end_offset_sec"
"reevir1",0.90738785,9,12
"norcar",0.960406,24,27
"carwre",0.9983382,30,33
"easmea",0.9999068,67,70
"belkin1",0.78436947,130,133
"orcori",0.99469614,150,153
"normoc",0.9960795,165,168
"rehwoo",0.9809055,184,187
"brnthr",0.9603205,187,190
"graspa",0.9056174,189,192
"norpar",0.9291988,197,200
"buggna",0.9412049,199,202
"amerob",0.97026616,220,223
"blugrb1",0.87645066,229,232
"norbob",0.22178139,230,233
"eawpew",0.80443865,238,241
