"species_code","score","start_offset_sec","end_offset_sec"
"chispa",0.9936476,3,6
"easwpw1",0.8044615,3,6
"brdowl",0.79746205,21,24
"fiespa",0.98559344,25,28
"comyel",0.9791292,63,66
"buggna",0.99987215,138,141
"carwre",0.9908322,167,170
"norcar",0.9963039,170,173
"indbun",0.99776965,178,181
