"species_code","score","start_offset_sec","end_offset_sec"
"grhowl",0.86257195,8,11
"ovenbi1",0.9966147,26,29
"carwre",0.985646,40,43
"rewbla",0.95073444,40,43
"comyel",0.9883453,50,53
"balori",0.9066865,54,57
"sumtan",0.97942513,68,71
"bkbcuc",0.31792602,92,95
"yebcuc",0.9533116,93,96
