"species_code","score","start_offset_sec","end_offset_sec"
"eastow",0.9700872,29,32
"yelwar",0.9430165,31,34
"moudov",0.9926813,50,53
"norcar",0.9064779,55,58
"easwpw1",0.21854924,67,70
"woothr",0.99974644,83,86
"rebwoo",0.9977298,116,119
"robgro",0.99903643,128,131
"grycat",0.9999881,132,135
"sonspa",0.9802761,138,141
"easkin",0.97880304,141,144
