"species_code","score","start_offset_sec","end_offset_sec"
"fiespa",0.9921067,6,9
"yebcha",0.91142464,41,44
"daejun",0.9404512,54,57
"easwpw1",0.9901046,70,73
"cerwar",0.31023034,108,111
"gowwar",0.7139107,117,120
"comyel",0.9893061,154,157
"woothr",0.9738205,154,157
"henspa",0.06256784,199,202
"indbun",0.9947243,203,206
"norcar",0.87135094,266,269
