"species_code","score","start_offset_sec","end_offset_sec"
"comyel",0.9928274,25,28
"hoowar",0.74216276,27,30
"magwar",0.9728435,29,32
"btbwar",0.99397373,49,52
"rebnut",0.9994755,98,101
"bkbwar",0.999737,104,107
"amered",0.9422773,128,131
"amecro",0.90081,141,144
"ovenbi1",0.98679596,144,147
"yerwar",0.9396822,151,154
"buhvir",0.79977703,161,164
