"species_code","score","start_offset_sec","end_offset_sec"
"easblu",0.4368503,2,5
"norcar",0.9951653,47,50
"fiespa",0.999909,102,105
"henspa",0.108352296,131,134
"graspa",0.99985594,207,210
"dickci",0.10964352,223,226
"blugrb1",0.98456395,270,273
"gowwar",0.19626786,332,335
