"species_code","score","start_offset_sec","end_offset_sec"
"tuftit",0.86869514,54,57
"scatan",0.93741494,62,65
"btbwar",0.87564033,105,108
"ovenbi1",0.9986562,121,124
"acafly",0.9988718,126,129
"herthr",0.9955332,174,177
"bkbwar",0.8533853,185,188
"amerob",0.98417884,188,191
