"species_code","score","start_offset_sec","end_offset_sec"
"gowwar",0.85322756,8,11
"easkin",0.989701,19,22
"dickci",0.15147178,20,23
"carwre",0.9657159,103,106
"normoc",0.99482757,108,111
"comyel",0.9485626,111,114
"indbun",0.9957432,123,126
"rewbla",0.88963306,140,143
"easpho",0.7799162,171,174
"henspa",0.07709763,213,216
"chispa",0.999783,229,232
"blugrb1",0.73753816,266,269
"graspa",0.99965465,279,282
"easmea",0.9990678,291,294
