"species_code","score","start_offset_sec","end_offset_sec"
"easblu",0.72905314,6,9
"dickci",0.101774774,19,22
"blugrb1",0.9850952,29,32
"fiespa",0.9903093,79,82
"rewbla",0.9843901,88,91
"boboli",0.8838449,106,109
"indbun",0.9967149,158,161
"graspa",0.9984764,161,164
"sonspa",0.887456,162,165
