"species_code","score","start_offset_sec","end_offset_sec"
"graspa",0.99811226,48,51
"brnthr",0.5699259,89,92
"amerob",0.99035656,105,108
"indbun",0.92882293,127,130
"orcori",0.54466367,129,132
"norcar",0.9815473,241,244
"chispa",0.9364734,296,299
"easblu",0.9999902,333,336
