"species_code","score","start_offset_sec","end_offset_sec"
"yetvir",0.5710154,16,19
"reevir1",0.99364156,30,33
"scatan",0.9955453,34,37
"eawpew",0.9936021,35,38
"swathr",0.93284553,36,39
"hoowar",0.8974234,38,41
"acafly",0.8586149,43,46
"whbnut",0.7757627,44,47
"norcar",0.8255508,46,49
