"species_code","score","start_offset_sec","end_offset_sec"
"comnig",0.33441353,6,9
"treswa",0.9751984,14,17
"comyel",0.9503597,68,71
"purmar",0.9999912,127,130
"easmea",0.6216363,159,162
"graspa",0.99588877,180,183
"norcar",0.9530048,183,186
"brnthr",0.9218306,187,190
"amecro",0.98522,189,192
"easblu",0.9531205,226,229
"sonspa",0.9986967,227,230
"grycat",0.9989705,232,235
"boboli",0.9158212,255,258
