"species_code","score","start_offset_sec","end_offset_sec"
"yebsap",0.8389833,0,3
"rewbla",0.96212035,2,5
"reevir1",0.99841976,6,9
"bkbwar",0.74284524,134,137
"btbwar",0.960928,175,178
"woothr",0.9139096,187,190
"veery",0.9743793,248,251
"btnwar",0.96532977,258,261
"cedwax",0.8559214,267,270
"herthr",0.999629,280,283
