"species_code","score","start_offset_sec","end_offset_sec"
"blujay",0.9988889,7,10
"fiespa",0.9959431,16,19
"amegfi",0.97534496,30,33
"sonspa",0.9713911,61,64
"chswar",0.9073102,89,92
"btbwar",0.96389675,94,97
"comyel",0.99049336,167,170
"amerob",0.99977577,175,178
"eastow",0.99534136,183,186
