"species_code","score","start_offset_sec","end_offset_sec"
"indbun",0.9676349,0,3
"houwre",0.9646048,8,11
"olsfly",0.9853427,10,13
"dickci",0.1361081,41,44
"blujay",0.9708834,48,51
"eawpew",0.9987831,62,65
"comyel",0.9855685,122,125
"amegfi",0.9976638,134,137
"sedwre1",0.36714396,165,168
