"species_code","score","start_offset_sec","end_offset_sec"
"carchi",0.83167946,11,14
"robgro",0.7206317,18,21
"whevir",0.99997693,21,24
"reevir1",0.9073231,28,31
"chswar",0.97958535,62,65
"amegfi",0.96898776,76,79
"brnthr",0.60135573,83,86
"veery",0.9900851,98,101
"scatan",0.5855506,110,113
