"species_code","score","start_offset_sec","end_offset_sec"
"amerob",0.9839957,24,27
"brdowl",0.76903045,25,28
"easblu",0.44175696,27,30
"wilfly",0.9770166,38,41
"sonspa",0.9961994,39,42
"chispa",0.99261636,43,46
"orcori",0.6973018,44,47
"indbun",0.99582225,59,62
"eursta",0.9504475,77,80
"grycat",0.9991032,97,100
"fiespa",0.98777753,109,112
