"species_code","score","start_offset_sec","end_offset_sec"
"yetwar",0.99846596,2,5
"eawpew",0.9934908,12,15
"rehwoo",0.08212871,21,24
"carwre",0.9663716,26,29
"tuftit",0.81367314,43,46
"whbnut",0.9997332,48,51
"norcar",0.9905875,54,57
"amerob",0.96008015,58,61
"eastow",0.99390405,73,76
