"species_code","score","start_offset_sec","end_offset_sec"
"sonspa",0.99720913,11,14
"henspa",0.089375444,15,18
"carwre",0.9973738,17,20
"comyel",0.99970704,27,30
"woothr",0.9270213,37,40
"amerob",0.94309145,62,65
"grycat",0.9991309,83,86
"eastow",0.99858034,86,89
"norcar",0.94548255,87,90
