"species_code","score","start_offset_sec","end_offset_sec"
"comyel",0.99765676,0,3
"reevir1",0.96454746,8,11
"eastow",0.9997977,11,14
"louwat",0.43909955,15,18
"eawpew",0.7797033,17,20
"houwre",0.8768679,22,25
"fiespa",0.9997497,36,39
"prawar",0.60401064,56,59
"hoowar",0.4183279,58,61
"swaspa",0.97307515,60,63
"ovenbi1",0.9532556,65,68
