"species_code","score","start_offset_sec","end_offset_sec"
"balori",0.9775924,0,3
"yelwar",0.9392576,1,4
"rewbla",0.9963889,2,5
"chswar",0.8590454,8,11
"grycat",0.9970752,12,15
"ovenbi1",0.8315559,27,30
"woothr",0.99714893,31,34
"veery",0.99989533,34,37
"cedwax",0.85955995,54,57
"bkcchi",0.94042164,55,58
"blujay",0.8597284,57,60
