"species_code","score","start_offset_sec","end_offset_sec"
"amered",0.99989486,14,17
"yelwar",0.97877485,175,178
"naswar",0.8086064,221,224
"yetvir",0.59610176,258,261
"bawwar",0.99569434,264,267
"reevir1",0.9976475,266,269
"ovenbi1",0.99935055,310,313
"magwar",0.9495726,315,318
"prowar",0.9967645,329,332
"swathr",0.8454419,393,396
"woothr",0.8977646,433,436
"btbwar",0.59296364,501,504
