"species_code","score","start_offset_sec","end_offset_sec"
"norcar",0.9947194,2,5
"reevir1",0.99822366,3,6
"veery",0.8945222,50,53
"grcfly",0.99845684,72,75
"woothr",0.9934904,79,82
"scatan",0.9960947,86,89
"hoowar",0.95950484,90,93
"tuftit",0.9732925,94,97
"amecro",0.9603488,119,122
"eawpew",0.9999985,248,251
"yetvir",0.9569902,254,257
"yebsap",0.8961375,323,326
"amegfi",0.97455025,343,346
