"species_code","score","start_offset_sec","end_offset_sec"
"bkcchi",0.9816994,7,10
"prawar",0.6400866,17,20
"ovenbi1",0.99928313,45,48
"yebsap",0.8695862,45,48
"tuftit",0.96314317,49,52
"reevir1",0.985742,50,53
"rebnut",0.94118047,63,66
"amecro",0.95719105,74,77
"btbwar",0.5614476,78,81
"naswar",0.99776846,112,115
