"species_code","score","start_offset_sec","end_offset_sec"
"comyel",0.99277157,81,84
"amegfi",0.999821,111,114
"amerob",0.9490143,226,229
"eastow",0.9958291,534,537
"prawar",0.8342961,556,559
"nrwswa",0.2632578,557,560
"sonspa",0.99975526,563,566
"reevir1",0.9677634,623,626
"chswar",0.95178884,672,675
"yerwar",0.9751577,721,724
"blujay",0.80820024,724,727
"herthr",0.89793026,727,730
"pinwar",0.99901474,743,746
"woothr",0.7493876,758,761
"bkcchi",0.99717206,773,776
"rewbla",0.92909795,804,807
