"species_code","score","start_offset_sec","end_offset_sec"
"tuftit",0.94112724,25,28
"indbun",0.98587686,66,69
"fiespa",0.998767,71,74
"easwpw1",0.18723944,72,75
"comyel",0.9763365,93,96
"acafly",0.9968632,122,125
"norcar",0.8777803,134,137
"amegfi",0.9693574,140,143
"woothr",0.999996,144,147
