"species_code","score","start_offset_sec","end_offset_sec"
"fiespa",0.9993795,30,33
"eawpew",0.99442667,44,47
"amerob",0.9576695,105,108
"woothr",0.69405174,116,119
"grycat",0.9998492,135,138
"sonspa",0.9250902,157,160
"bkcchi",0.98744386,168,171
"norcar",0.8921558,173,176
