"species_code","score","start_offset_sec","end_offset_sec"
"rinphe1",0.73406833,26,29
"graspa",0.96366715,30,33
"rewbla",0.9943,34,37
"boboli",0.9999601,41,44
"amerob",0.90517706,75,78
"easmea",0.99459565,114,117
"savspa",0.9960134,122,125
"comyel",0.91799587,122,125
"wilfly",0.9878406,129,132
"henspa",0.9987842,162,165
"blujay",0.9766533,178,181
"dickci",0.25486672,245,248
