"species_code","score","start_offset_sec","end_offset_sec"
"robgro",0.9540519,0,3
"clcspa",0.7339799,3,6
"leafly",0.99626285,6,9
"balori",0.99545777,11,14
"amered",0.9892418,11,14
"orcori",0.65370697,12,15
"norcar",0.78966093,14,17
"rewbla",0.9984391,15,18
"yelwar",0.8179561,19,22
"warvir",0.99784887,22,25
"sonspa",0.9289828,23,26
"btbwar",0.57977,26,29
