"species_code","score","start_offset_sec","end_offset_sec"
"norcar",0.9623437,0,3
"warvir",0.99567294,1,4
"norfli",0.78163534,2,5
"yelwar",0.97971183,10,13
"amerob",0.8020696,18,21
"indbun",0.99560195,20,23
"rewbla",0.92526984,22,25
"balori",0.9376586,23,26
"buggna",0.5183937,26,29
"orcori",0.66703624,29,32
