"species_code","score","start_offset_sec","end_offset_sec"
"magwar",0.7356125,13,16
"whtspa",0.99967897,14,17
"swaspa",0.99881345,17,20
"daejun",0.92407554,26,29
"reevir1",0.5630417,27,30
"blujay",0.99661106,35,38
"bkcchi",0.6591049,37,40
"btnwar",0.51152635,46,49
"ovenbi1",0.97450185,51,54
"yerwar",0.9985508,54,57
"comyel",0.9681799,58,61
"bawwar",0.95057535,71,74
"sonspa",0.64776933,73,76
