"species_code","score","start_offset_sec","end_offset_sec"
"indbun",0.99696416,6,9
"comyel",0.9894057,11,14
"easblu",0.9328464,18,21
"blujay",0.7869599,18,21
"rebwoo",0.98364043,24,27
"carwre",0.7413815,32,35
"norcar",0.702626,35,38
"woothr",0.9999897,51,54
"amerob",0.6696524,52,55
"balori",0.5874646,53,56
