"species_code","score","start_offset_sec","end_offset_sec"
"amegfi",0.572118,39,42
"norcar",0.99961054,44,47
"houspa",0.52525747,77,80
"blujay",0.984624,82,85
"chiswi",0.6265628,131,134
"reevir1",0.57357484,133,136
"amecro",0.9957786,137,140
"bkcchi",0.6931695,181,184
