"species_code","score","start_offset_sec","end_offset_sec"
"houspa",0.99056274,31,34
"norcar",0.9958502,56,59
"amerob",0.82412165,126,129
"amegfi",0.99584436,137,140
"bkcchi",0.78447413,137,140
"reevir1",0.6800258,139,142
"houwre",0.9999521,171,174
