"species_code","score","start_offset_sec","end_offset_sec"
"eawpew",0.93341845,6,9
"tuftit",0.9734154,69,72
"blujay",0.959303,69,72
"amecro",0.93708766,72,75
"reevir1",0.994027,98,101
"norcar",0.9898376,111,114
"easblu",0.74765575,125,128
"balori",0.8689471,127,130
"grycat",0.9998518,132,135
"rewbla",0.5941817,134,137
"veery",0.8781114,135,138
"dowwoo",0.9574812,137,140
"amerob",0.5924875,141,144
