"species_code","score","start_offset_sec","end_offset_sec"
"dickci",0.96621436,2,5
"blugrb1",0.99718326,5,8
"sonspa",0.89603585,5,8
"comyel",0.96535194,9,12
"fiespa",0.9953514,10,13
"chispa",0.6375963,12,15
"norcar",0.50905895,25,28
"easkin",0.6639575,29,32
"indbun",0.98627114,34,37
"henspa",0.8100345,35,38
