"species_code","score","start_offset_sec","end_offset_sec"
"amegfi",0.95912176,3,6
"dickci",0.61070395,6,9
"sonspa",0.999935,10,13
"fiespa",0.99921846,15,18
"comyel",0.71574897,22,25
"amecro",0.89646363,29,32
"eursta",0.88600117,32,35
"amerob",0.624179,36,39
"rewbla",0.7647122,42,45
"blujay",0.98060286,43,46
"indbun",0.9871498,56,59
"norcar",0.890667,57,60
