"species_code","score","start_offset_sec","end_offset_sec"
"veery",0.99979275,0,3
"sonspa",0.98713034,1,4
"norcar",0.7171621,5,8
"indbun",0.9971735,6,9
"amered",0.6308902,13,16
"reevir1",0.9667121,22,25
"eawpew",0.92360246,37,40
"yelwar",0.9989731,45,48
"canwar",0.7326774,48,51
"chiswi",0.5417194,52,55
"cedwax",0.9411916,54,57
"grycat",0.97775996,57,60
