"species_code","score","start_offset_sec","end_offset_sec"
"woothr",0.66896623,3,6
"carchi",0.51819974,3,6
"eastow",0.9898576,5,8
"fiespa",0.72091776,6,9
"boboli",0.5722828,7,10
"chswar",0.7442779,13,16
"houwre",0.9883136,14,17
"comyel",0.95523995,15,18
"amerob",0.7904802,15,18
"moudov",0.95043105,20,23
"easmea",0.9232267,22,25
