"species_code","score","start_offset_sec","end_offset_sec"
"reevir1",0.95994586,3,6
"moudov",0.8742834,4,7
"rewbla",0.9615668,23,26
"warvir",0.9966184,33,36
"cedwax",0.97035456,39,42
"yelwar",0.98682773,40,43
"fiespa",0.99482,55,58
"eastow",0.9929438,59,62
"yebsap",0.7794878,70,73
"treswa",0.54355687,86,89
"sonspa",0.97296,91,94
"houwre",0.65955114,98,101
"orcori",0.6478308,105,108
"grycat",0.6206558,106,109
