"species_code","score","start_offset_sec","end_offset_sec"
"mouwar",0.9916079,4,7
"norcar",0.9878012,7,10
"yelwar",0.81232566,9,12
"amerob",0.52058405,13,16
"balori",0.53610647,16,19
"reevir1",0.96941686,17,20
"sonspa",0.9294642,18,21
"chswar",0.98891085,26,29
"indbun",0.9849649,26,29
"grycat",0.8723838,29,32
