"species_code","score","start_offset_sec","end_offset_sec"
"grycat",0.9999541,5,8
"leafly",0.60206926,8,11
"reevir1",0.9081786,19,22
"veery",0.9904652,20,23
"grcfly",0.75328505,24,27
"cedwax",0.7145592,32,35
"rewbla",0.97101337,52,55
"amerob",0.83662134,54,57
"balori",0.99728644,64,67
"rebwoo",0.9588716,95,98
"dowwoo",0.9933057,113,116
