"species_code","score","start_offset_sec","end_offset_sec"
"yelwar",0.5157921,0,3
"amerob",0.77202207,2,5
"comyel",0.8561579,9,12
"houwre",0.7655123,9,12
"grycat",0.99996716,12,15
"fiespa",0.90266097,29,32
"blujay",0.80628103,49,52
"orcori",0.56978446,50,53
"reevir1",0.8891164,54,57
"chswar",0.8286372,54,57
