"species_code","score","start_offset_sec","end_offset_sec"
"tuftit",0.95375866,25,28
"sonspa",0.99974066,37,40
"norfli",0.9122428,54,57
"rewbla",0.99834645,74,77
"amerob",0.7770532,108,111
"chiswi",0.5058261,198,201
"amegfi",0.9992189,211,214
"norcar",0.9324922,240,243
"boboli",0.9999314,253,256
