"species_code","score","start_offset_sec","end_offset_sec"
"houwre",0.999467,4,7
"yelwar",0.8339926,10,13
"canwar",0.7594937,15,18
"rebwoo",0.9824932,18,21
"whevir",0.5193948,19,22
"indbun",0.9960336,22,25
"amegfi",0.71918166,26,29
"reevir1",0.8361528,29,32
"amered",0.57215303,29,32
"bkcchi",0.9787076,31,34
"carwre",0.9626226,32,35
