"species_code","score","start_offset_sec","end_offset_sec"
"sonspa",0.9990123,12,15
"amecro",0.97683406,20,23
"yebcuc",0.99881834,39,42
"carwre",0.9876435,48,51
"indbun",0.92674595,49,52
"norcar",0.9987651,60,63
"houwre",0.9967787,71,74
"wiltur",0.53866327,75,78
"tuftit",0.94762725,87,90
