"species_code","score","start_offset_sec","end_offset_sec"
"rewbla",0.99416226,16,19
"norcar",0.79462886,42,45
"graspa",0.93829966,46,49
"sonspa",0.9989249,51,54
"yelwar",0.7667326,60,63
"boboli",0.9998049,96,99
"amerob",0.9989519,109,112
"veery",0.60356873,123,126
