"species_code","score","start_offset_sec","end_offset_sec"
"robgro",0.7918014,70,73
"swathr",0.92352813,71,74
"whtspa",0.6362608,71,74
"amecro",0.99057186,112,115
"buggna",0.88518304,120,123
"carwre",0.9378098,138,141
"fiespa",0.9987008,164,167
"grycat",0.9999995,299,302
"houspa",0.7457295,303,306
"eastow",0.9623521,305,308
"norcar",0.6206556,308,311
"indbun",0.98087287,314,317
"reevir1",0.9509588,376,379
