"species_code","score","start_offset_sec","end_offset_sec"
"moudov",0.921932,35,38
"whevir",0.86429864,55,58
"carwre",0.7225613,112,115
"fiespa",0.9978139,148,151
"amecro",0.9261301,175,178
"grycat",0.9999997,249,252
"cedwax",0.79882014,249,252
"reevir1",0.56945175,292,295
"canwar",0.5820954,347,350
"whtspa",0.628645,358,361
"eastow",0.9886878,374,377
"amerob",0.53004134,396,399
"carchi",0.7269822,412,415
"treswa",0.950041,520,523
