"species_code","score","start_offset_sec","end_offset_sec"
"barswa",0.960077,34,37
"normoc",0.5307582,114,117
"cliswa",0.55441105,116,119
"amerob",0.8224524,117,120
"treswa",0.52567655,118,121
"boboli",0.9999998,132,135
"rewbla",0.98736745,234,237
"eursta",0.88523316,252,255
"savspa",0.999024,272,275
"ovenbi1",0.99567366,300,303
"reevir1",0.7019774,338,341
"sonspa",0.84863853,360,363
"easmea",0.9022456,392,395
