"species_code","score","start_offset_sec","end_offset_sec"
"balori",0.66500217,5,8
"houwre",0.98868614,19,22
"amerob",0.9775207,24,27
"rewbla",0.97510934,26,29
"norcar",0.64405465,27,30
"herthr",0.81957716,32,35
"sonspa",0.5221344,32,35
"carwre",0.99114406,63,66
"grycat",0.8390906,65,68
"norpar",0.9723675,68,71
