"species_code","score","start_offset_sec","end_offset_sec"
"amerob",0.72009796,22,25
"norcar",0.985193,30,33
"yetvir",0.9205818,108,111
"scatan",0.9566351,195,198
"reevir1",0.9024894,289,292
"eawpew",0.9999944,483,486
"rewbla",0.57122964,591,594
"carwre",0.7842586,605,608
"woothr",0.99913424,615,618
