"species_code","score","start_offset_sec","end_offset_sec"
"grycat",0.90009075,6,9
"amerob",0.9068777,22,25
"blujay",0.7326701,24,27
"whevir",0.99965245,28,31
"yebcuc",0.996108,30,33
"reevir1",0.78157324,38,41
"woewar1",0.67233235,48,51
"chispa",0.9826178,49,52
"buggna",0.5701833,58,61
"carwre",0.8696916,100,103
"norcar",0.9984447,101,104
