"species_code","score","start_offset_sec","end_offset_sec"
"eawpew",0.99669135,16,19
"orcori",0.99958915,33,36
"tuftit",0.9990397,53,56
"whevir",0.9561295,100,103
"houspa",0.72691566,135,138
"easblu",0.5335684,146,149
"carwre",0.9855122,162,165
