"species_code","score","start_offset_sec","end_offset_sec"
"comyel",0.9486577,4,7
"norwat",0.82966053,13,16
"amered",0.96660155,19,22
"rinduc",0.94210947,32,35
"reevir1",0.93614876,32,35
"rewbla",0.7510499,33,36
"swaspa",0.99508744,42,45
"yelwar",0.65139157,46,49
"norcar",0.77529305,49,52
"bkbcuc",0.9763058,57,60
