"species_code","score","start_offset_sec","end_offset_sec"
"haiwoo",0.99251336,0,3
"whbnut",0.99991006,14,17
"amerob",0.56539553,50,53
"dowwoo",0.9960996,75,78
"reevir1",0.97045,135,138
"norcar",0.9760574,173,176
"amegfi",0.51843154,223,226
"moudov",0.6158431,253,256
