"species_code","score","start_offset_sec","end_offset_sec"
"barswa",0.9991252,0,3
"norcar",0.6295661,15,18
"sonspa",0.5235235,15,18
"norwat",0.99874204,19,22
"swaspa",0.64746165,34,37
"easblu",0.95468545,42,45
"eastow",0.8928274,42,45
"comyel",0.9431195,43,46
"mallar3",0.5008116,51,54
"amerob",0.8621514,52,55
"rewbla",0.81872404,53,56
"tuftit",0.7479971,60,63
