"species_code","score","start_offset_sec","end_offset_sec"
"reevir1",0.9696074,0,3
"fiespa",0.995578,41,44
"henspa",0.999994,42,45
"amegfi",0.7232821,56,59
"amecro",0.96362376,66,69
"yebcha",0.5152388,70,73
"indbun",0.891354,93,96
"norcar",0.98857844,106,109
"bkcchi",0.8378201,110,113
"comyel",0.99101317,125,128
"whbnut",0.9733592,134,137
