"species_code","score","start_offset_sec","end_offset_sec"
"rewbla",0.99549717,0,3
"normoc",0.6916327,3,6
"indbun",0.9917423,10,13
"comyel",0.8761248,11,14
"amerob",0.62496936,18,21
"yebcuc",0.99819326,19,22
"cedwax",0.9001619,25,28
"rebwoo",0.7112995,25,28
"sonspa",0.64175004,29,32
"carwre",0.99286336,31,34
