"species_code","score","start_offset_sec","end_offset_sec"
"buggna",0.9711933,10,13
"reevir1",0.99935454,14,17
"blujay",0.5727596,23,26
"carwre",0.97893345,38,41
"dowwoo",0.9865119,49,52
"eawpew",0.9985716,67,70
"yebcuc",0.99753064,79,82
"amegfi",0.83955294,79,82
"rewbla",0.51241326,79,82
