"species_code","score","start_offset_sec","end_offset_sec"
"fiespa",0.99765,8,11
"normoc",0.64711046,10,13
"comyel",0.9996366,44,47
"amecro",0.8351175,57,60
"grcfly",0.9721684,60,63
"indbun",0.99796104,63,66
"chispa",0.8946059,102,105
"buggna",0.70707464,107,110
"pinwar",0.81509936,167,170
"blugrb1",0.5825477,169,172
"sumtan",0.52377456,169,172
"woothr",0.9601147,208,211
"yetwar",0.58366936,227,230
"carwre",0.60456645,237,240
"eastow",0.999859,242,245
