"species_code","score","start_offset_sec","end_offset_sec"
"amecro",0.7155574,111,114
"moudov",0.5328805,155,158
"brnthr",0.9931126,176,179
"yelwar",0.6031781,195,198
"eastow",0.9999908,221,224
"indbun",0.98490274,225,228
"rewbla",0.5492466,288,291
"fiespa",0.9278954,296,299
"norcar",0.99682695,300,303
"comyel",0.9434219,306,309
"tuftit",0.59173715,309,312
"easwpw1",0.99825996,328,331
"carwre",0.98821056,359,362
"amerob",0.6562659,407,410
"woothr",0.9794226,468,471
