"species_code","score","start_offset_sec","end_offset_sec"
"grycat",0.79585665,1,4
"leafly",0.99947774,15,18
"rewbla",0.62920004,16,19
"brnthr",0.9573139,40,43
"blujay",0.8721371,43,46
"amerob",0.9336187,67,70
"sonspa",0.6769355,77,80
"cedwax",0.99194306,78,81
"veery",0.5599403,102,105
