"species_code","score","start_offset_sec","end_offset_sec"
"sonspa",0.60733986,3,6
"eastow",0.9794834,17,20
"leafly",0.9999682,28,31
"yerwar",0.71794546,69,72
"amerob",0.5473301,88,91
"buhvir",0.984183,106,109
"btnwar",0.7375928,108,111
"veery",0.90093946,135,138
"daejun",0.9040189,207,210
