"species_code","score","start_offset_sec","end_offset_sec"
"winwre3",0.696054,157,160
"sumtan",0.54862237,319,322
"ovenbi1",0.99997485,323,326
"scatan",0.9270105,347,350
"reevir1",0.9934309,481,484
"daejun",0.5824805,606,609
"btnwar",0.99735105,628,631
"kenwar",0.9267111,789,792
