"species_code","score","start_offset_sec","end_offset_sec"
"amegfi",0.9849662,4,7
"chispa",0.9623029,9,12
"normoc",0.8025628,9,12
"grycat",0.99991333,17,20
"prawar",0.6526515,34,37
"reevir1",0.88188267,36,39
"amerob",0.768793,42,45
"brnthr",0.8385123,50,53
"houfin",0.9831236,60,63
"rewbla",0.9176243,61,64
"sonspa",0.6042894,93,96
"eursta",0.59551877,94,97
"balori",0.6226898,105,108
"norcar",0.63890624,118,121
