"species_code","score","start_offset_sec","end_offset_sec"
"veery",0.99841857,4,7
"amecro",0.9419284,11,14
"sonspa",0.9056452,12,15
"amegfi",0.65533173,13,16
"norcar",0.90109944,20,23
"eastow",0.9997097,24,27
"blujay",0.93686914,25,28
"comyel",0.8412895,33,36
"ovenbi1",0.6652235,37,40
"easkin",0.6641149,39,42
"grycat",0.7176159,40,43
"rewbla",0.5368051,40,43
