"species_code","score","start_offset_sec","end_offset_sec"
"grycat",0.9999791,47,50
"bkcchi",0.80485755,51,54
"veery",0.9999128,100,103
"whbnut",0.97090894,102,105
"reevir1",0.75063396,113,116
"moudov",0.6609356,118,121
"winwre3",0.9930366,131,134
"ovenbi1",0.81612223,134,137
