"species_code","score","start_offset_sec","end_offset_sec"
"grycat",0.73036736,2,5
"eursta",0.99964684,13,16
"warvir",0.7666587,19,22
"amerob",0.8852121,22,25
"yelwar",0.5665033,22,25
"bkcchi",0.67634577,27,30
"rewbla",0.930209,32,35
"sonspa",0.6238071,42,45
"rethaw",0.58753365,49,52
"dowwoo",0.7739296,56,59
"houfin",0.9405794,64,67
"moudov",0.8174569,70,73
"houspa",0.8756747,74,77
"blujay",0.98283607,82,85
