"species_code","score","start_offset_sec","end_offset_sec"
"amerob",0.9736891,8,11
"amegfi",0.84456706,15,18
"woothr",0.9833162,17,20
"rewbla",0.59789157,25,28
"norcar",0.6243477,54,57
"grycat",0.9999997,56,59
"amered",0.983305,75,78
"yetvir",0.6846707,83,86
"sonspa",0.9996113,96,99
"yelwar",0.5772251,110,113
"bnhcow",0.67902666,123,126
"reevir1",0.5344081,136,139
