"species_code","score","start_offset_sec","end_offset_sec"
"eastow",0.925859,5,8
"carwre",0.88945025,9,12
"woothr",0.90450335,10,13
"hoowar",0.9732029,24,27
"prawar",0.99992204,49,52
"whevir",0.99964815,60,63
"mallar3",0.76908386,75,78
"blujay",0.651188,78,81
"moudov",0.99399525,82,85
"yetvir",0.9422616,84,87
"yebcha",0.9979968,97,100
"norcar",0.94509095,98,101
"indbun",0.9988816,103,106
