"species_code","score","start_offset_sec","end_offset_sec"
"chispa",0.9623253,5,8
"easowl1",0.98735297,22,25
"bkbwar",0.6919779,30,33
"woothr",0.999643,49,52
"moudov",0.9783889,50,53
"carwre",0.566202,54,57
"treswa",0.7320506,58,61
"comyel",0.8786729,107,110
"easpho",0.99344116,114,117
"norcar",0.9679519,128,131
