"species_code","score","start_offset_sec","end_offset_sec"
"reevir1",0.71896935,12,15
"fiespa",0.99637353,15,18
"warvir",0.91095185,23,26
"orcori",0.99832976,25,28
"grycat",0.50793296,27,30
"amerob",0.69294757,28,31
"sonspa",0.99160916,30,33
"balori",0.5616577,32,35
"yebcha",0.5161293,32,35
