"species_code","score","start_offset_sec","end_offset_sec"
"comyel",0.9858884,28,31
"orcori",0.9655896,39,42
"indbun",0.9937461,45,48
"blugrb1",0.8562297,45,48
"whevir",0.890395,51,54
"norcar",0.90896,66,69
"sumtan",0.9951324,68,71
"reevir1",0.78436327,86,89
"moudov",0.9823251,87,90
"dickci",0.9824996,98,101
"carwre",0.99095523,99,102
"tuftit",0.56714535,100,103
"normoc",0.5511465,101,104
