"species_code","score","start_offset_sec","end_offset_sec"
"amerob",0.6792496,2,5
"yelwar",0.999643,5,8
"fiespa",0.9979748,7,10
"bnhcow",0.63569057,8,11
"comyel",0.99320704,11,14
"cedwax",0.9632053,11,14
"aldfly",0.732435,12,15
"moudov",0.8358893,20,23
"eursta",0.8315846,20,23
"scatan",0.828616,21,24
"grycat",0.74431884,22,25
"mouwar",0.94732416,23,26
"swaspa",0.9998507,30,33
"wilfly",0.97497064,35,38
"rewbla",0.6303701,35,38
