"species_code","score","start_offset_sec","end_offset_sec"
"dickci",0.9899628,2,5
"eawpew",0.9372714,7,10
"comyel",0.97159606,10,13
"chispa",0.77880746,16,19
"scatan",0.61515015,16,19
"fiespa",0.8804159,18,21
"reevir1",0.7253667,22,25
"carwre",0.68757445,23,26
"sumtan",0.7831768,25,28
"indbun",0.9866923,31,34
