"species_code","score","start_offset_sec","end_offset_sec"
"yetvir",0.9996073,1,4
"reevir1",0.781353,5,8
"yelwar",0.91323,18,21
"balori",0.99342126,25,28
"cedwax",0.9668852,28,31
"eursta",0.6978729,28,31
"amered",0.99931777,32,35
"rewbla",0.7997832,37,40
"blujay",0.5663906,41,44
"amerob",0.84134233,55,58
"chispa",0.99812096,56,59
"rebwoo",0.60129315,61,64
"norcar",0.9450845,82,85
