"species_code","score","start_offset_sec","end_offset_sec"
"amerob",0.7204338,4,7
"swaspa",0.54897577,20,23
"grycat",0.90686095,33,36
"reevir1",0.8281954,42,45
"eawpew",0.9921055,70,73
"bkcchi",0.9072405,75,78
"sonspa",0.99984324,79,82
"indbun",0.99030703,97,100
"chispa",0.9779488,103,106
"moudov",0.7319352,107,110
"naswar",0.6191805,113,116
"scatan",0.9949822,118,121
"amered",0.9853107,123,126
"eastow",0.99955136,135,138
