"species_code","score","start_offset_sec","end_offset_sec"
"balori",0.9073604,40,43
"brnthr",0.80427396,57,60
"orcori",0.99927264,83,86
"rewbla",0.56947917,83,86
"amerob",0.7601108,84,87
"amecro",0.9646607,94,97
"amegfi",0.9896453,217,220
"houfin",0.9898713,221,224
"grcfly",0.58287627,257,260
"warvir",0.5556316,327,330
"blugrb1",0.9882626,341,344
"whevir",0.9683338,346,349
"yebcha",0.999993,361,364
"indbun",0.9991979,371,374
