"species_code","score","start_offset_sec","end_offset_sec"
"hoowar",0.60391974,5,8
"bawwar",0.88921875,8,11
"cerwar",0.99730563,14,17
"comgra",0.98831594,21,24
"amegfi",0.6058504,44,47
"yelwar",0.99830437,49,52
"grycat",0.99652296,91,94
"wlswar",0.73566926,92,95
"dowwoo",0.99085957,101,104
"reevir1",0.8909437,102,105
"amered",0.95439446,104,107
"sonspa",0.89859134,106,109
"amerob",0.9547384,107,110
"rewbla",0.9434792,117,120
"balori",0.5895592,124,127
