"species_code","score","start_offset_sec","end_offset_sec"
"reevir1",0.5483581,6,9
"savspa",0.60305,20,23
"fiespa",0.9983257,22,25
"norfli",0.9645106,27,30
"rewbla",0.79740345,27,30
"robgro",0.57176065,37,40
"yerwar",0.66492087,54,57
"clcspa",0.99282897,66,69
"prawar",0.51596373,71,74
"sonspa",0.99994326,75,78
"comyel",0.99912107,81,84
"blujay",0.98822725,86,89
"yelwar",0.9962773,95,98
"grycat",0.6450613,103,106
"boboli",0.9404402,105,108
