"species_code","score","start_offset_sec","end_offset_sec"
"amegfi",0.9972077,19,22
"veery",0.7871172,34,37
"yelwar",0.82756376,38,41
"willet1",0.989846,40,43
"comyel",0.97537106,53,56
"carwre",0.72018915,58,61
"osprey",0.9951052,64,67
"warvir",0.94547796,72,75
"tuftit",0.5524775,77,80
"rewbla",0.9982409,90,93
"rebnut",0.81448746,94,97
"buggna",0.842843,98,101
"sonspa",0.80760145,101,104
