"species_code","score","start_offset_sec","end_offset_sec"
"amered",0.9680418,2,5
"norcar",0.5107316,10,13
"amecro",0.9955543,13,16
"mouwar",0.99122685,17,20
"reevir1",0.99893755,49,52
"houspa",0.5606335,63,66
"ovenbi1",0.6430455,78,81
"veery",0.60529923,113,116
"blujay",0.9881518,136,139
