"species_code","score","start_offset_sec","end_offset_sec"
"norcar",0.8426687,14,17
"ovenbi1",0.9323416,16,19
"yelwar",0.9883584,19,22
"chswar",0.7620271,32,35
"grycat",0.99999815,35,38
"amerob",0.81930023,39,42
"cedwax",0.99568725,43,46
"moudov",0.6779523,55,58
"reevir1",0.98911804,58,61
"comyel",0.9252704,59,62
