"species_code","score","start_offset_sec","end_offset_sec"
"btnwar",0.9582195,2,5
"woothr",0.9439093,8,11
"daejun",0.9993359,72,75
"amegfi",0.99593145,77,80
"veery",0.98177683,104,107
"comyel",0.95819473,130,133
"bkbwar",0.7635382,133,136
"ovenbi1",0.9998389,142,145
