"species_code","score","start_offset_sec","end_offset_sec"
"yerwar",0.8707117,0,3
"gockin",0.5690772,5,8
"amegfi",0.7333023,7,10
"norpar",0.7776074,8,11
"ovenbi1",0.85641634,9,12
"daejun",0.52518445,12,15
"aldfly",0.9999803,13,16
"whtspa",0.83263224,13,16
"sonspa",0.5802085,14,17
"mouwar",0.98077863,16,19
"purfin",0.62799764,20,23
