"species_code","score","start_offset_sec","end_offset_sec"
"sonspa",0.98062515,0,3
"yerwar",0.98934096,1,4
"carwre",0.6147573,5,8
"bkcchi",0.98974466,12,15
"mouwar",0.8803942,15,18
"rebnut",0.7151695,17,20
"reevir1",0.7562692,18,21
"aldfly",0.9993334,20,23
"bkbwar",0.73908144,20,23
"whtspa",0.98492366,22,25
"norwat",0.9682878,25,28
