"species_code","score","start_offset_sec","end_offset_sec"
"bnhcow",0.8124695,6,9
"houfin",0.90760803,21,24
"amegfi",0.99549705,63,66
"rewbla",0.9371149,63,66
"amerob",0.9788099,69,72
"sonspa",0.7581602,80,83
"purmar",0.97836787,120,123
"killde",0.99991125,144,147
"norcar",0.94737846,171,174
"fiscro",0.6243892,210,213
