"species_code","score","start_offset_sec","end_offset_sec"
"mouwar",0.9215634,4,7
"sonspa",0.9949984,6,9
"norpar",0.8277281,9,12
"aldfly",0.98402643,12,15
"comyel",0.9612075,13,16
"yebsap",0.87081015,13,16
"reevir1",0.5671171,13,16
"amegfi",0.67191833,20,23
"yerwar",0.6261735,23,26
"whtspa",0.9604318,27,30
"naswar",0.9866937,29,32
"bawwar",0.81069106,30,33
"daejun",0.70987195,30,33
"purfin",0.99937445,43,46
"buhvir",0.8739587,46,49
