"species_code","score","start_offset_sec","end_offset_sec"
"grcfly",0.99954903,47,50
"rewbla",0.8628081,61,64
"eastow",0.98398536,72,75
"comyel",0.9986043,82,85
"blujay",0.80229,82,85
"fiespa",0.99916595,86,89
"reevir1",0.7142148,91,94
"tuftit",0.9438175,92,95
"carwre",0.5641266,96,99
"bnhcow",0.79775685,123,126
"amegfi",0.7695007,127,130
"grycat",0.99999726,134,137
"hoowar",0.691822,148,151
"amerob",0.7653077,153,156
"rebwoo",0.99709535,166,169
"sonspa",0.9055175,183,186
