"species_code","score","start_offset_sec","end_offset_sec"
"wilfly",0.9962199,0,3
"fiespa",0.9998201,3,6
"blujay",0.99262327,3,6
"norfli",0.5023592,3,6
"robgro",0.9987665,8,11
"indbun",0.55197644,8,11
"norcar",0.5141666,13,16
"amerob",0.7584379,15,18
"amecro",0.72546613,21,24
"eastow",0.53314835,38,41
"sonspa",0.9550852,40,43
"houwre",0.9522524,41,44
"amegfi",0.9653142,52,55
"cedwax",0.70914465,53,56
"yelwar",0.9647088,57,60
