"species_code","score","start_offset_sec","end_offset_sec"
"fiespa",0.98047227,20,23
"aldfly",0.9337745,27,30
"prawar",0.9954023,29,32
"sonspa",0.6666589,32,35
"buwwar",0.9971487,36,39
"blujay",0.9725595,38,41
"bnhcow",0.70601994,40,43
"ovenbi1",0.986218,48,51
"eastow",0.99618006,77,80
