"species_code","score","start_offset_sec","end_offset_sec"
"eawpew",0.9917069,0,3
"grycat",0.5343076,3,6
"normoc",0.87544554,45,48
"camwar",0.50444335,60,63
"yebcuc",0.540854,98,101
"reevir1",0.8537635,145,148
"blujay",0.63060814,148,151
"buggna",0.99997187,159,162
"amegfi",0.7300783,161,164
"yelwar",0.5333553,167,170
"woothr",0.57737136,178,181
