"species_code","score","start_offset_sec","end_offset_sec"
"winwre3",0.9999113,20,23
"canwar",0.9950143,27,30
"bkcchi",0.56098807,27,30
"gockin",0.5777105,48,51
"magwar",0.9946491,76,79
"bkbwar",0.9966126,125,128
"btbwar",0.989152,135,138
"naswar",0.99275595,147,150
