"species_code","score","start_offset_sec","end_offset_sec"
"warvir",0.9994416,37,40
"amegfi",0.99963254,52,55
"rewbla",0.9400867,86,89
"houfin",0.5227745,96,99
"yelwar",0.98122454,113,116
"amerob",0.9819745,125,128
"comyel",0.9698361,128,131
"cangoo",0.99855065,157,160
"wiltur",0.6103236,159,162
"cedwax",0.9971299,168,171
"veery",0.65099895,174,177
"amered",0.99818,177,180
"comgra",0.98849577,216,219
"fiespa",0.5952667,218,221
