"species_code","score","start_offset_sec","end_offset_sec"
"whevir",0.99921954,10,13
"yebcha",0.6581635,22,25
"reevir1",0.56449705,23,26
"fiespa",0.66935194,25,28
"indbun",0.99703014,26,29
"easpho",0.99878454,44,47
"sumtan",0.9993815,49,52
"norcar",0.9209325,56,59
"woothr",0.9998534,58,61
"buggna",0.7770535,78,81
"comyel",0.9756748,79,82
