"species_code","score","start_offset_sec","end_offset_sec"
"norcar",0.99900055,2,5
"moudov",0.9916357,55,58
"pilwoo",0.6680604,74,77
"whwdov",0.77641743,75,78
"reevir1",0.988867,85,88
"amerob",0.60282075,136,139
"grcfly",0.99932814,168,171
"buggna",0.9553303,177,180
"carwre",0.9982527,178,181
