"species_code","score","start_offset_sec","end_offset_sec"
"houwre",0.99998474,12,15
"marwre",0.64472073,15,18
"sonspa",0.9972899,27,30
"rewbla",0.98248726,34,37
"yelwar",0.7766027,34,37
"norcar",0.9453863,36,39
"cedwax",0.9863587,41,44
"tuftit",0.86478513,45,48
"blujay",0.9793607,46,49
