"species_code","score","start_offset_sec","end_offset_sec"
"grycat",0.9998581,0,3
"yelwar",0.97418,3,6
"norcar",0.81080025,14,17
"cerwar",0.7681072,22,25
"rebwoo",0.9417056,23,26
"reevir1",0.54375577,31,34
"prowar",0.5211918,51,54
"buwwar",0.999341,77,80
"amerob",0.97168356,82,85
"tuftit",0.6961654,83,86
"robgro",0.7665686,114,117
"balori",0.5169438,142,145
"blujay",0.92748654,162,165
"indbun",0.99522734,202,205
"gowwar",0.9204967,256,259
"norpar",0.6227574,265,268
"carwre",0.9446975,266,269
