"species_code","score","start_offset_sec","end_offset_sec"
"rewbla",0.9253908,0,3
"balori",0.91021883,6,9
"sonspa",0.94998664,9,12
"reevir1",0.9865076,10,13
"amecro",0.7782052,16,19
"swaspa",0.98278594,30,33
"norcar",0.6661526,32,35
"amerob",0.69287646,35,38
"eastow",0.9934564,43,46
"bkbcuc",0.99989223,53,56
"robgro",0.87161404,67,70
"ovenbi1",0.9991872,69,72
"tuftit",0.58279276,74,77
"comyel",0.90791863,78,81
"moudov",0.9363476,88,91
