"species_code","score","start_offset_sec","end_offset_sec"
"cedwax",0.58173966,0,3
"orcori",0.79482794,10,13
"moudov",0.996587,24,27
"tuftit",0.7463263,24,27
"blujay",0.54211456,26,29
"norbob",0.98858666,29,32
"blugrb1",0.51975244,32,35
"rewbla",0.9854267,45,48
"amerob",0.7874538,51,54
"carwre",0.5687656,60,63
"easkin",0.9902844,61,64
"chispa",0.84287876,72,75
