"species_code","score","start_offset_sec","end_offset_sec"
"indbun",0.9894848,0,3
"tuftit",0.5525103,2,5
"yebcha",0.6505588,12,15
"moudov",0.98081905,13,16
"comyel",0.84205115,13,16
"bawwar",0.9915695,16,19
"carwre",0.61947614,23,26
"sumtan",0.936779,24,27
"yetvir",0.87692386,38,41
"whevir",0.99823785,45,48
"norcar",0.9330297,57,60
"reevir1",0.72604847,60,63
