"species_code","score","start_offset_sec","end_offset_sec"
"daejun",0.75310117,9,12
"grycat",0.9996174,12,15
"bkbwar",0.5279424,13,16
"norwat",0.8497452,19,22
"sonspa",0.82546246,21,24
"swathr",0.9160312,32,35
"reevir1",0.9803965,47,50
"winwre3",0.9996847,55,58
"woothr",0.7548221,59,62
"canwar",0.5902642,59,62
