"species_code","score","start_offset_sec","end_offset_sec"
"reevir1",0.6861419,22,25
"norwat",0.9926321,34,37
"rewbla",0.6227703,35,38
"grycat",0.9733695,36,39
"winwre3",0.99998915,42,45
"woothr",0.9764137,47,50
"btnwar",0.5873567,49,52
"swathr",0.9981124,50,53
"daejun",0.86157465,58,61
"amerob",0.66746175,58,61
