"species_code","score","start_offset_sec","end_offset_sec"
"reevir1",0.9810962,0,3
"btnwar",0.9357158,4,7
"rinduc",0.70380986,5,8
"easpho",0.9375416,8,11
"gryjay",0.5563193,9,12
"comgal1",0.6193238,11,14
"yelwar",0.5895651,12,15
"whbnut",0.5743618,12,15
"chswar",0.7066843,21,24
"comyel",0.5449948,22,25
"leafly",0.5421363,25,28
"rewbla",0.8880454,27,30
