"species_code","score","start_offset_sec","end_offset_sec"
"yebfly",0.9770856,24,27
"comyel",0.8373114,26,29
"yerwar",0.63062376,31,34
"bkpwar",0.52905273,40,43
"amered",0.9935443,49,52
"whtspa",0.99970436,62,65
"blujay",0.79095227,84,87
"herthr",0.7167008,96,99
"canwar",0.9970152,128,131
"comgra",0.8594166,133,136
"norwat",0.98514444,164,167
