"species_code","score","start_offset_sec","end_offset_sec"
"marwre",0.61840636,10,13
"rewbla",0.95749897,35,38
"houwre",0.9996983,43,46
"swaspa",0.9822016,68,71
"daejun",0.6019396,88,91
"comyel",0.9429134,90,93
"norcar",0.94547075,91,94
"gockin",0.88140625,140,143
"eawpew",0.7100079,145,148
