"species_code","score","start_offset_sec","end_offset_sec"
"olsfly",0.6774983,3,6
"chswar",0.9942791,6,9
"norcar",0.6131999,11,14
"yetvir",0.937732,12,15
"tenwar",0.69326484,20,23
"ovenbi1",0.99678475,24,27
"amerob",0.5718904,25,28
"chispa",0.8598874,39,42
"buhvir",0.52514803,42,45
"reevir1",0.9865944,47,50
"bkbwar",0.99289393,50,53
"rebnut",0.9849439,56,59
"bkcchi",0.9797639,81,84
