"species_code","score","start_offset_sec","end_offset_sec"
"balori",0.7759804,4,7
"tuftit",0.90604913,5,8
"chispa",0.98808885,11,14
"whbnut",0.9998726,17,20
"norcar",0.9689473,25,28
"prowar",0.58579874,28,31
"pilwoo",0.88524306,30,33
"bnhcow",0.66516775,30,33
"reevir1",0.59450114,30,33
"haiwoo",0.9997735,31,34
"rewbla",0.9450782,45,48
"amerob",0.7627924,49,52
"warvir",0.9977731,50,53
"treswa",0.99994934,51,54
