"species_code","score","start_offset_sec","end_offset_sec"
"houwre",0.9943733,2,5
"carchi",0.74526966,6,9
"buggna",0.98661643,18,21
"hoowar",0.67794394,37,40
"gockin",0.7087295,42,45
"acafly",0.9841874,45,48
"grycat",0.88745785,47,50
"tuftit",0.682465,54,57
"amegfi",0.52005357,54,57
"bnhnut",0.5680723,62,65
