"species_code","score","start_offset_sec","end_offset_sec"
"fiespa",0.9009114,4,7
"tuftit",0.77200633,15,18
"comyel",0.973153,16,19
"reevir1",0.9759114,37,40
"amerob",0.99870676,53,56
"yerwar",0.5665306,62,65
"norcar",0.88777703,68,71
"rewbla",0.96645725,82,85
"buwwar",0.9733303,90,93
"bkcchi",0.9986764,94,97
