"species_code","score","start_offset_sec","end_offset_sec"
"yelwar",0.99668866,7,10
"robgro",0.97302884,7,10
"bkcchi",0.7477981,8,11
"hoowar",0.66964686,17,20
"amered",0.96395165,25,28
"buggna",0.99505615,32,35
"fiespa",0.99974906,36,39
"woothr",0.9934934,50,53
"bawwar",0.91419625,51,54
"chswar",0.9965633,53,56
"reevir1",0.89927834,58,61
"norcar",0.50732553,58,61
