"species_code","score","start_offset_sec","end_offset_sec"
"yelwar",0.63371,2,5
"carwre",0.8640394,3,6
"norcar",0.9422905,4,7
"veery",0.9973407,7,10
"sonspa",0.732526,7,10
"acafly",0.9985576,10,13
"reevir1",0.7045164,11,14
"cerwar",0.5238378,11,14
"comyel",0.95949817,12,15
"amered",0.99929756,19,22
"amerob",0.8792799,20,23
"ovenbi1",0.99226135,26,29
