"species_code","score","start_offset_sec","end_offset_sec"
"graspa",0.9979862,7,10
"balori",0.6669981,11,14
"houwre",0.9935149,14,17
"rewbla",0.9930765,31,34
"sonspa",0.99614024,35,38
"indbun",0.6549507,46,49
"fiespa",0.56009877,54,57
"sumtan",0.8037918,55,58
"barswa",0.9883498,57,60
"warvir",0.9971997,58,61
"easmea",0.82493883,61,64
"moudov",0.9462807,67,70
