"species_code","score","start_offset_sec","end_offset_sec"
"eastow",0.93415403,4,7
"tuftit",0.86114883,10,13
"yebcha",0.9923765,13,16
"carchi",0.91399807,24,27
"amerob",0.6798911,29,32
"scatan",0.99266434,33,36
"blujay",0.95261633,40,43
"rehwoo",0.8058684,43,46
"norcar",0.8295324,47,50
"norpar",0.9099042,48,51
