"species_code","score","start_offset_sec","end_offset_sec"
"dowwoo",0.6557827,9,12
"boboli",0.9970842,28,31
"woothr",0.6702942,28,31
"btbwar",0.9272182,29,32
"bkbwar",0.9901903,30,33
"herthr",0.7461111,30,33
"prawar",0.5101225,40,43
"hoowar",0.97582096,53,56
"magwar",0.99618024,59,62
"ovenbi1",0.9714967,63,66
