"species_code","score","start_offset_sec","end_offset_sec"
"herthr",0.99284726,11,14
"woothr",0.60424364,14,17
"easpho",0.9999617,31,34
"chispa",0.99357104,41,44
"moudov",0.95224553,56,59
"bkcchi",0.7195125,64,67
"sonspa",0.99918085,68,71
"amerob",0.99242383,70,73
"btnwar",0.98587906,74,77
"comyel",0.99506676,82,85
"gockin",0.7096413,82,85
