"species_code","score","start_offset_sec","end_offset_sec"
"haiwoo",0.98983645,0,3
"chswar",0.99947953,9,12
"magwar",0.81071407,14,17
"swaspa",0.99645925,23,26
"blujay",0.9885234,28,31
"brdowl",0.9977679,30,33
"canwar",0.98628604,41,44
"aldfly",0.5641122,68,71
"bkbcuc",0.99751586,74,77
"comyel",0.9929726,85,88
