"species_code","score","start_offset_sec","end_offset_sec"
"sonspa",0.99767625,5,8
"houfin",0.995782,12,15
"normoc",0.99966323,21,24
"amerob",0.59152097,26,29
"norcar",0.979782,27,30
"comgra",0.70916164,35,38
"rewbla",0.83367157,36,39
"amegfi",0.9428056,53,56
"tuftit",0.9787461,54,57
"carwre",0.56152284,55,58
