"species_code","score","start_offset_sec","end_offset_sec"
"norfli",0.9894202,19,22
"amerob",0.99613714,20,23
"gockin",0.66075516,37,40
"winwre3",0.99987984,69,72
"hoowar",0.97820145,71,74
"reevir1",0.98262537,84,87
"sonspa",0.6317891,98,101
"cedwax",0.55736846,99,102
