"species_code","score","start_offset_sec","end_offset_sec"
"amerob",0.7282792,45,48
"indbun",0.84787196,57,60
"acafly",0.99987066,69,72
"buggna",0.9981944,72,75
"reevir1",0.9984559,92,95
"carwre",0.57834786,109,112
"amecro",0.56387997,150,153
"scatan",0.6618866,181,184
"tuftit",0.9862526,195,198
"yetvir",0.9741681,200,203
