"species_code","score","start_offset_sec","end_offset_sec"
"sonspa",0.6986159,25,28
"reevir1",0.9785871,28,31
"amered",0.99949646,49,52
"pinwar",0.9932581,81,84
"ovenbi1",0.9998412,97,100
"buggna",0.69790506,104,107
"bkbwar",0.9989485,147,150
"yetvir",0.6107867,184,187
"btnwar",0.9565822,189,192
