"species_code","score","start_offset_sec","end_offset_sec"
"sonspa",0.9891922,2,5
"amecro",0.92526644,6,9
"indbun",0.5073505,6,9
"rewbla",0.9971295,12,15
"yelwar",0.9714192,12,15
"fiespa",0.9972825,31,34
"reevir1",0.971097,33,36
"bkcchi",0.9485836,33,36
"swaspa",0.9375042,35,38
"graspa",0.9984423,38,41
"comyel",0.98837835,40,43
