"species_code","score","start_offset_sec","end_offset_sec"
"rewbla",0.7331739,1,4
"amegfi",0.99803853,2,5
"yebcha",0.7695689,7,10
"comyel",0.64899415,7,10
"buggna",0.9989944,12,15
"houwre",0.98334336,12,15
"whbnut",0.7443065,17,20
"eastow",0.66579914,21,24
"carwre",0.98830926,24,27
"tuftit",0.99595326,31,34
"whevir",0.997038,35,38
