"species_code","score","start_offset_sec","end_offset_sec"
"eastow",0.6717543,31,34
"cedwax",0.7592568,57,60
"blujay",0.6464497,58,61
"norcar",0.66820383,64,67
"chswar",0.9124876,74,77
"amegfi",0.9115665,74,77
"sonspa",0.8092123,80,83
"buwwar",0.55123556,81,84
"balori",0.76412344,96,99
"comyel",0.8798735,97,100
"reevir1",0.5588565,104,107
"indbun",0.9988824,105,108
"amerob",0.6966741,105,108
