"species_code","score","start_offset_sec","end_offset_sec"
"sedwre1",0.99643284,35,38
"norcar",0.5517308,52,55
"indbun",0.5842204,74,77
"blujay",0.99591357,85,88
"amegfi",0.92408407,91,94
"fiespa",0.9060762,96,99
"comyel",0.9926398,97,100
"swaspa",0.9868848,102,105
"rewbla",0.82280296,113,116
"sonspa",0.9992369,117,120
"amerob",0.76891094,118,121
