"species_code","score","start_offset_sec","end_offset_sec"
"blugrb1",0.9927431,0,3
"reevir1",0.7564105,5,8
"treswa",0.97671187,12,15
"orcori",0.9854968,14,17
"yebcha",0.8597544,24,27
"buggna",0.99935734,27,30
"norcar",0.5776432,31,34
"indbun",0.99437284,35,38
"houwre",0.50695026,36,39
"prowar",0.70857733,43,46
