"species_code","score","start_offset_sec","end_offset_sec"
"yebcuc",0.5785024,68,71
"gryjay",0.9523838,95,98
"yerwar",0.744962,100,103
"comyel",0.9753373,108,111
"daejun",0.53418654,113,116
"amegfi",0.9974016,177,180
"bkbwoo",0.9669815,210,213
"chswar",0.9884594,227,230
"naswar",0.9546128,239,242
