"species_code","score","start_offset_sec","end_offset_sec"
"norfli",0.9629534,4,7
"rewbla",0.75036824,4,7
"rebwoo",0.8831178,5,8
"mallar3",0.7025668,34,37
"amegfi",0.99360704,42,45
"norcar",0.7025754,43,46
"amerob",0.7051409,52,55
"cedwax",0.5482951,52,55
"reevir1",0.9976797,67,70
"marwre",0.9997812,71,74
"houwre",0.72625256,84,87
"eawpew",0.5660999,89,92
"sonspa",0.9938569,98,101
