"species_code","score","start_offset_sec","end_offset_sec"
"scatan",0.99806005,11,14
"cedwax",0.9826722,29,32
"rewbla",0.9011317,57,60
"rufgro",0.8633594,89,92
"rebnut",0.9971322,117,120
"veery",0.61249804,130,133
"bkcchi",0.99996686,239,242
"amegfi",0.90806514,314,317
"comyel",0.89872485,338,341
"yelwar",0.52067363,361,364
"normoc",0.584855,426,429
"purmar",0.7783871,444,447
"cangoo",0.53500116,447,450
"norcar",0.7043134,455,458
"reevir1",0.85181457,457,460
"grycat",0.99295354,471,474
