"species_code","score","start_offset_sec","end_offset_sec"
"sonspa",0.91477513,16,19
"amegfi",0.99816835,17,20
"comyel",0.8831767,19,22
"fiespa",0.99981904,21,24
"eawpew",0.98570013,28,31
"herthr",0.5230829,51,54
"woothr",0.98817575,60,63
"cedwax",0.95576704,65,68
"amecro",0.9781874,69,72
"reevir1",0.99972886,70,73
"hoowar",0.9362619,72,75
"swathr",0.54405314,72,75
"houwre",0.54239804,82,85
