"species_code","score","start_offset_sec","end_offset_sec"
"amerob",0.97362524,2,5
"moudov",0.9960993,3,6
"swaspa",0.9855403,5,8
"eawpew",0.99991435,12,15
"reevir1",0.7921647,14,17
"woothr",0.7685045,15,18
"amegfi",0.86503327,28,31
"norcar",0.9883998,39,42
"blujay",0.6974561,53,56
"comyel",0.99441046,62,65
