"species_code","score","start_offset_sec","end_offset_sec"
"easpho",0.9943545,1,4
"amegfi",0.9967217,4,7
"aldfly",0.9869426,10,13
"comyel",0.744548,21,24
"purfin",0.56151074,22,25
"marwre",0.5020187,22,25
"sedwre1",0.99270034,25,28
"norfli",0.7514748,33,36
"amerob",0.5783041,37,40
"bkcchi",0.5867855,48,51
"sonspa",0.9923704,59,62
