"species_code","score","start_offset_sec","end_offset_sec"
"sonspa",0.66462773,4,7
"eastow",0.98193055,32,35
"blujay",0.5806186,40,43
"aldfly",0.86513233,58,61
"amegfi",0.99820304,88,91
"cedwax",0.9989183,97,100
"indbun",0.50415134,161,164
"amerob",0.8800319,162,165
"norfli",0.9938895,368,371
"sedwre1",0.99928683,399,402
"bkcchi",0.9231298,450,453
"comyel",0.93338305,455,458
"grycat",0.9458072,478,481
"swaspa",0.96100634,487,490
"amecro",0.9574815,512,515
"comgra",0.5231182,513,516
