"species_code","score","start_offset_sec","end_offset_sec"
"blujay",0.9207585,7,10
"tuftit",0.9988302,8,11
"amegfi",0.99973243,16,19
"norbob",0.9636747,21,24
"comyel",0.8743007,32,35
"carchi",0.9679652,39,42
"whevir",0.9472745,55,58
"indbun",0.9703359,62,65
"norcar",0.61511326,62,65
"eawpew",0.99808866,67,70
