"species_code","score","start_offset_sec","end_offset_sec"
"eawpew",0.7088114,6,9
"reshaw",0.76730615,17,20
"gockin",0.6178176,18,21
"robgro",0.9956244,19,22
"btbwar",0.98614097,25,28
"veery",0.99943066,27,30
"scatan",0.55029315,36,39
"chswar",0.9921634,41,44
"bawwar",0.83759224,42,45
"amered",0.5234884,58,61
"reevir1",0.9821838,60,63
