"species_code","score","start_offset_sec","end_offset_sec"
"sedwre1",0.99858946,3,6
"leafly",0.98495257,6,9
"balori",0.7331059,22,25
"haiwoo",0.8028626,31,34
"yelwar",0.6807013,33,36
"veery",0.77089965,39,42
"rewbla",0.9337853,45,48
"amerob",0.94453007,47,50
"comyel",0.99835926,48,51
