"species_code","score","start_offset_sec","end_offset_sec"
"amecro",0.95790046,6,9
"carwre",0.90842795,34,37
"yetvir",0.9920666,48,51
"prowar",0.9061755,53,56
"scatan",0.95704395,88,91
"indbun",0.99990964,91,94
"grycat",0.5231572,116,119
"tuftit",0.7318631,117,120
"eastow",0.99994636,118,121
"fiespa",0.6219242,119,122
"yebcha",0.9999146,121,124
"sumtan",0.5365113,128,131
"blujay",0.9836734,166,169
"normoc",0.5645827,168,171
