"species_code","score","start_offset_sec","end_offset_sec"
"balori",0.5695958,16,19
"tuftit",0.9449927,19,22
"indbun",0.9832158,30,33
"sonspa",0.619983,56,59
"amecro",0.7784418,59,62
"whbnut",0.5526183,71,74
"yebcha",0.8615477,96,99
"eastow",0.9999898,157,160
"woothr",0.92886716,165,168
