"species_code","score","start_offset_sec","end_offset_sec"
"buwwar",0.9474536,10,13
"norcar",0.7424083,21,24
"woothr",0.86817217,44,47
"indbun",0.8547695,44,47
"prawar",0.9972843,61,64
"yebcha",0.5456757,62,65
"grcfly",0.71544397,63,66
"hoomer",0.6865362,101,104
"eastow",0.99996823,125,128
"blujay",0.9965757,200,203
