"species_code","score","start_offset_sec","end_offset_sec"
"reevir1",0.5183749,0,3
"tenwar",0.73107535,3,6
"yelwar",0.6598945,8,11
"amered",0.9447246,10,13
"eastow",0.688627,18,21
"buwwar",0.93956923,20,23
"aldfly",0.9770356,22,25
"chswar",0.8950567,23,26
"comyel",0.7219085,23,26
"sonspa",0.9380162,24,27
"prowar",0.7280887,28,31
