"species_code","score","start_offset_sec","end_offset_sec"
"boboli",0.9999896,1,4
"sonspa",0.9866346,6,9
"yerwar",0.8031277,7,10
"comyel",0.99302864,12,15
"houfin",0.5537001,17,20
"amegfi",0.9906839,19,22
"norcar",0.953965,35,38
"rewbla",0.93744355,41,44
"reevir1",0.97767776,49,52
"yelwar",0.9947573,52,55
"amerob",0.90596294,52,55
