"species_code","score","start_offset_sec","end_offset_sec"
"magwar",0.99797094,0,3
"reevir1",0.97959125,14,17
"daejun",0.95595956,36,39
"veery",0.63806236,60,63
"hoowar",0.98525363,66,69
"brwhaw",0.93520427,74,77
"blujay",0.9989088,93,96
"whtspa",0.6371099,110,113
