"species_code","score","start_offset_sec","end_offset_sec"
"herthr",0.999301,47,50
"btnwar",0.9618175,51,54
"swathr",0.89646924,72,75
"buhvir",0.99750006,79,82
"eawpew",0.9976563,104,107
"chswar",0.725416,107,110
"comrav",0.9398042,161,164
"yebsap",0.7420319,164,167
"comyel",0.5338145,170,173
"reevir1",0.9890312,176,179
"ovenbi1",0.98287266,194,197
"cerwar",0.9335647,208,211
