"species_code","score","start_offset_sec","end_offset_sec"
"amerob",0.9032958,0,3
"leafly",0.997711,14,17
"reevir1",0.9839496,19,22
"carwre",0.76580006,27,30
"yebsap",0.9849698,36,39
"btnwar",0.713354,63,66
"ovenbi1",0.9991073,82,85
"veery",0.9977724,102,105
"eursta",0.52757657,105,108
