"species_code","score","start_offset_sec","end_offset_sec"
"ovenbi1",0.9999629,1,4
"bkcchi",0.7609486,40,43
"woothr",0.8430764,44,47
"reevir1",0.9957382,47,50
"buggna",0.69158363,82,85
"veery",0.86688775,87,90
"yetvir",0.5113602,93,96
"scatan",0.8960256,107,110
"btnwar",0.8605948,121,124
"herthr",0.99985945,146,149
