"species_code","score","start_offset_sec","end_offset_sec"
"yebsap",0.99069124,1,4
"whbnut",0.677314,8,11
"ovenbi1",0.9968848,9,12
"bkcchi",0.7799572,9,12
"buhvir",0.74079555,9,12
"buggna",0.91855377,10,13
"fiespa",0.7465388,13,16
"reevir1",0.94472086,15,18
"eawpew",0.8213956,22,25
"amerob",0.96560514,25,28
