"species_code","score","start_offset_sec","end_offset_sec"
"amerob",0.89033777,2,5
"eawpew",0.9973527,12,15
"balori",0.57602096,37,40
"comyel",0.9177889,53,56
"btnwar",0.6834134,74,77
"herthr",0.99155366,75,78
"veery",0.9962839,79,82
"reevir1",0.98984766,95,98
"scatan",0.99809605,104,107
"buhvir",0.99958503,142,145
"ovenbi1",0.99998677,161,164
"uplsan",0.7355636,178,181
"woothr",0.93483454,189,192
