"species_code","score","start_offset_sec","end_offset_sec"
"norpar",0.9937813,33,36
"bkbwar",0.9905431,48,51
"buhvir",0.9994791,109,112
"rebnut",0.9954002,123,126
"bkcchi",0.99985516,127,130
"norcar",0.5839553,136,139
"btnwar",0.9884529,175,178
