"species_code","score","start_offset_sec","end_offset_sec"
"veery",0.99999803,48,51
"tuftit",0.59820455,56,59
"eastow",0.61755073,58,61
"blujay",0.7340527,60,63
"sonspa",0.7613483,99,102
"moudov",0.9443599,130,133
"amegfi",0.6348578,131,134
"woothr",0.96970516,166,169
"comyel",0.9923676,189,192
"grycat",0.9713546,189,192
"cedwax",0.95206475,270,273
"amerob",0.95045066,270,273
"reevir1",0.9523058,271,274
