"species_code","score","start_offset_sec","end_offset_sec"
"buggna",0.820585,1,4
"bkcchi",0.7914496,1,4
"sonspa",0.9996856,6,9
"robgro",0.54575515,8,11
"comyel",0.5293049,8,11
"veery",0.9997732,14,17
"fiespa",0.9996545,16,19
"amerob",0.75074834,26,29
"reevir1",0.6663698,32,35
"cedwax",0.99687624,37,40
"indbun",0.929299,44,47
