"species_code","score","start_offset_sec","end_offset_sec"
"swathr",0.8270691,11,14
"veery",0.9996781,23,26
"amered",0.99628705,47,50
"woothr",0.5723235,118,121
"reevir1",0.8428599,139,142
"mouwar",0.9869087,143,146
"chswar",0.96889025,143,146
