"species_code","score","start_offset_sec","end_offset_sec"
"reevir1",0.9957593,2,5
"indbun",0.97279304,8,11
"cedwax",0.7178724,10,13
"norcar",0.680873,18,21
"blujay",0.55860394,45,48
"ovenbi1",0.90011626,53,56
"fiespa",0.9473066,57,60
"amerob",0.95244396,91,94
"grycat",0.540971,98,101
"chswar",0.996057,102,105
"veery",0.59506816,110,113
"cerwar",0.8136481,112,115
"amecro",0.98790485,148,151
