"species_code","score","start_offset_sec","end_offset_sec"
"amerob",0.945334,9,12
"yerwar",0.56373525,22,25
"yetvir",0.538277,23,26
"daejun",0.9999041,28,31
"swathr",0.68607587,29,32
"winwre3",0.9996323,53,56
"scatan",0.75298816,83,86
"gockin",0.94694865,84,87
"ovenbi1",0.98541576,85,88
"reevir1",0.6888381,85,88
"buhvir",0.99870783,94,97
"brncre",0.9917954,105,108
