"species_code","score","start_offset_sec","end_offset_sec"
"yebsap",0.892597,9,12
"veery",0.9990915,42,45
"comyel",0.9976304,43,46
"daejun",0.8469498,55,58
"ovenbi1",0.99569726,73,76
"amered",0.9658304,100,103
"reevir1",0.9952954,110,113
"louwat",0.5829288,116,119
"yelwar",0.5454058,136,139
"leafly",0.99619144,191,194
"mouwar",0.9999305,204,207
"scatan",0.52110714,260,263
