"species_code","score","start_offset_sec","end_offset_sec"
"bkbwar",0.96153885,26,29
"buhvir",0.9922061,34,37
"ovenbi1",0.99916255,57,60
"btbwar",0.7091931,66,69
"amered",0.97552365,73,76
"gockin",0.65477455,80,83
"reevir1",0.98193616,84,87
"swathr",0.98067385,88,91
"magwar",0.92189544,94,97
"btnwar",0.99161434,101,104
