"species_code","score","start_offset_sec","end_offset_sec"
"gockin",0.5365951,8,11
"yebsap",0.63926274,14,17
"bkbwar",0.9735153,144,147
"magwar",0.65902734,188,191
"herthr",0.9978263,195,198
"swathr",0.7856053,256,259
"easpho",0.61444867,271,274
"reevir1",0.98907447,362,365
"btnwar",0.981628,365,368
