"species_code","score","start_offset_sec","end_offset_sec"
"whbnut",0.5278909,0,3
"gockin",0.6631119,7,10
"buwwar",0.63377523,13,16
"naswar",0.651464,33,36
"amerob",0.9304847,45,48
"amecro",0.7144951,53,56
"norcar",0.8979564,57,60
"comyel",0.9809852,62,65
"btnwar",0.7756236,66,69
"rebnut",0.9397165,76,79
"magwar",0.99819314,89,92
"bkcchi",0.98670673,92,95
