"species_code","score","start_offset_sec","end_offset_sec"
"btnwar",0.72632825,3,6
"ovenbi1",0.97783464,13,16
"prowar",0.6428766,34,37
"magwar",0.61870235,35,38
"veery",0.9998268,39,42
"dowwoo",0.9248405,58,61
"amerob",0.61776763,66,69
"canwar",0.6608252,71,74
"norcar",0.5973221,94,97
"yelwar",0.93264145,97,100
"reevir1",0.99436873,118,121
"yebcuc",0.9242734,118,121
"amered",0.99878764,122,125
"swathr",0.5173793,157,160
"hoowar",0.9972004,177,180
"bkbwar",0.6936654,227,230
