"species_code","score","start_offset_sec","end_offset_sec"
"amerob",0.90118855,28,31
"ovenbi1",0.999122,41,44
"btnwar",0.88429487,55,58
"reevir1",0.9840209,94,97
"swathr",0.9997511,110,113
"winwre3",0.7187861,113,116
"amered",0.99774617,135,138
