"species_code","score","start_offset_sec","end_offset_sec"
"btnwar",0.9006114,20,23
"norcar",0.5118904,24,27
"norpar",0.79888725,36,39
"robgro",0.986253,52,55
"amered",0.9645418,62,65
"leafly",0.99519295,68,71
"reevir1",0.9835546,100,103
"ovenbi1",0.882197,103,106
"bkbwar",0.5679414,107,110
