"species_code","score","start_offset_sec","end_offset_sec"
"amecro",0.98245394,16,19
"eawpew",0.97970176,21,24
"bkcchi",0.740867,25,28
"whbnut",0.6411974,25,28
"carwre",0.9404032,32,35
"carchi",0.50103366,48,51
"tuftit",0.9092573,50,53
"blujay",0.60981697,52,55
"yebcuc",0.9989482,58,61
"reevir1",0.6046235,64,67
