"species_code","score","start_offset_sec","end_offset_sec"
"amerob",0.8774119,0,3
"bkbwar",0.90230227,8,11
"robgro",0.99862015,9,12
"btbwar",0.9887159,15,18
"eawpew",0.99853504,18,21
"whbnut",0.88511276,20,23
"reevir1",0.9948987,29,32
"btnwar",0.9174125,52,55
"cerwar",0.58293724,57,60
"woothr",0.7720121,59,62
