"species_code","score","start_offset_sec","end_offset_sec"
"norcar",0.9827382,43,46
"comyel",0.6456177,56,59
"grcfly",0.87198186,95,98
"warvir",0.999184,115,118
"yetwar",0.99997294,189,192
"yelwar",0.9689531,209,212
"buggna",0.99977064,223,226
"carwre",0.9690119,255,258
"eawpew",0.68598837,267,270
