"species_code","score","start_offset_sec","end_offset_sec"
"houwre",0.98050916,2,5
"tuftit",0.5920514,2,5
"robgro",0.68906647,5,8
"amered",0.9953518,10,13
"grcfly",0.9990342,15,18
"amerob",0.8164554,21,24
"norcar",0.7073596,32,35
"yelwar",0.99987125,33,36
"indbun",0.6409164,79,82
"grycat",0.9994947,80,83
"sonspa",0.9289437,83,86
