"species_code","score","start_offset_sec","end_offset_sec"
"whevir",0.7254733,10,13
"normoc",0.9988804,14,17
"aldfly",0.9988635,17,20
"warvir",0.9957819,23,26
"blujay",0.8776553,27,30
"comgra",0.98063755,45,48
"houfin",0.5077009,51,54
"rewbla",0.98169833,53,56
"norcar",0.8607461,82,85
"sonspa",0.9159599,85,88
