"species_code","score","start_offset_sec","end_offset_sec"
"woothr",0.9061063,3,6
"veery",0.9998194,7,10
"comyel",0.67576706,8,11
"eastow",0.716753,12,15
"rebwoo",0.887641,13,16
"sonspa",0.99586755,28,31
"tuftit",0.6165282,32,35
"norcar",0.9869641,45,48
"amered",0.96739197,52,55
"amerob",0.99495035,55,58
"ovenbi1",0.9373421,56,59
"norwat",0.99229676,70,73
