"species_code","score","start_offset_sec","end_offset_sec"
"amecro",0.9769977,0,3
"reevir1",0.99520814,2,5
"yebcha",0.9997359,6,9
"cedwax",0.9794546,16,19
"norcar",0.62935215,17,20
"balori",0.8519667,19,22
"amerob",0.71278113,22,25
"yelwar",0.99947816,24,27
"sonspa",0.98865014,42,45
"rewbla",0.95550597,42,45
"indbun",0.55797386,42,45
