"species_code","score","start_offset_sec","end_offset_sec"
"cangoo",0.967456,5,8
"killde",0.9416145,5,8
"herthr",0.70264214,6,9
"normoc",0.5848255,7,10
"pilwoo",0.9299385,11,14
"amegfi",0.59898037,12,15
"grcfly",0.59254336,17,20
"indbun",0.5728748,17,20
"yebcha",0.99989915,21,24
"comyel",0.9824116,29,32
"norcar",0.94471306,29,32
"sonspa",0.9968063,33,36
"yelwar",0.9982569,45,48
"rewbla",0.9051982,45,48
