"species_code","score","start_offset_sec","end_offset_sec"
"sonspa",0.509364,1,4
"amerob",0.9759317,6,9
"amered",0.9537335,9,12
"houwre",0.99682635,10,13
"reevir1",0.7956618,11,14
"tuftit",0.7552557,11,14
"buggna",0.99912184,13,16
"norcar",0.9846762,16,19
"eastow",0.5717846,16,19
"fiespa",0.997072,18,21
"carwre",0.8407118,21,24
