"species_code","score","start_offset_sec","end_offset_sec"
"purfin",0.53218526,4,7
"yelwar",0.8948466,22,25
"amered",0.9999597,26,29
"pinwar",0.50100744,30,33
"reevir1",0.6211108,31,34
"prowar",0.65919083,36,39
"woothr",0.69190544,37,40
"balori",0.80086356,38,41
"norcar",0.5389701,46,49
"warvir",0.98762375,53,56
