"species_code","score","start_offset_sec","end_offset_sec"
"houspa",0.60297817,0,3
"eastow",0.9972436,3,6
"veery",0.97606057,5,8
"comyel",0.98092127,10,13
"amerob",0.89342594,11,14
"wiltur",0.9999183,14,17
"sonspa",0.69491136,14,17
"reevir1",0.9606316,16,19
"ovenbi1",0.99854237,17,20
