"species_code","score","start_offset_sec","end_offset_sec"
"leafly",0.9954243,12,15
"veery",0.99944264,15,18
"woothr",0.6221316,36,39
"amered",0.99880487,44,47
"amerob",0.97062814,44,47
"eawpew",0.98999584,70,73
"yetvir",0.98896843,126,129
"comyel",0.7716397,146,149
"reevir1",0.9862261,150,153
