"species_code","score","start_offset_sec","end_offset_sec"
"robgro",0.9993347,4,7
"sonspa",0.9802711,6,9
"comyel",0.95971453,6,9
"amerob",0.94513565,9,12
"bkcchi",0.80437845,9,12
"balori",0.5582325,19,22
"moudov",0.70219475,30,33
"comgra",0.88384426,33,36
"chswar",0.88627756,47,50
"norcar",0.61651903,62,65
"grycat",0.999781,68,71
