"species_code","score","start_offset_sec","end_offset_sec"
"swaspa",0.51482874,0,3
"woothr",0.5081166,3,6
"veery",0.9996728,18,21
"chswar",0.96659845,21,24
"yebfly",0.50521165,25,28
"sonspa",0.9837348,27,30
"purfin",0.6685717,33,36
"grycat",0.97406673,38,41
"amered",0.51889306,40,43
"yelwar",0.9982716,41,44
"rewbla",0.9819771,46,49
"yebcuc",0.9887007,55,58
"amerob",0.99987376,58,61
"cedwax",0.7557601,58,61
"bkcchi",0.53882265,60,63
"fiespa",0.9998017,62,65
"warvir",0.50162303,65,68
