"species_code","score","start_offset_sec","end_offset_sec"
"rewbla",0.98201966,3,6
"veery",0.50382024,9,12
"bkcchi",0.5814581,20,23
"warvir",0.94907206,22,25
"norcar",0.8464435,29,32
"yelwar",0.54859227,31,34
"sonspa",0.99640244,36,39
"comyel",0.5282023,40,43
"balori",0.9903626,42,45
"reevir1",0.9958042,45,48
