"species_code","score","start_offset_sec","end_offset_sec"
"sonspa",0.63168645,18,21
"bkcchi",0.8881262,34,37
"moudov",0.9824012,57,60
"rewbla",0.9080306,61,64
"norcar",0.7656334,66,69
"amegfi",0.63609374,73,76
"amecro",0.70166755,85,88
"prawar",0.9972312,86,89
"amerob",0.7976919,89,92
"comyel",0.9985763,95,98
"reevir1",0.99698657,95,98
"chswar",0.97888184,101,104
"fiespa",0.9986288,113,116
