"species_code","score","start_offset_sec","end_offset_sec"
"sonspa",0.99322486,5,8
"norcar",0.9967072,14,17
"wiltur",0.6430231,19,22
"amecro",0.6025032,23,26
"fiscro",0.99483603,26,29
"rewbla",0.9924201,28,31
"tuftit",0.5882632,30,33
"indbun",0.9923468,32,35
"carwre",0.95898575,39,42
"amegfi",0.92214614,41,44
"cedwax",0.6577079,41,44
"eastow",0.9681406,51,54
"orcori",0.63017654,60,63
