"species_code","score","start_offset_sec","end_offset_sec"
"ovenbi1",0.9994743,7,10
"norcar",0.8028441,15,18
"amerob",0.5197817,15,18
"reevir1",0.97323185,26,29
"yetvir",0.5558363,36,39
"woothr",0.99994266,39,42
"rebwoo",0.97609776,51,54
"btbwar",0.7765519,54,57
"woewar1",0.7382609,59,62
"eawpew",0.9997595,70,73
"moudov",0.9071117,71,74
