"species_code","score","start_offset_sec","end_offset_sec"
"eawpew",0.9971343,6,9
"blujay",0.9991613,14,17
"norpar",0.7081799,23,26
"woewar1",0.9981366,25,28
"pilwoo",0.7090697,58,61
"haiwoo",0.99695945,65,68
"tuftit",0.9286305,71,74
"reevir1",0.98874664,73,76
"norcar",0.87204814,88,91
