"species_code","score","start_offset_sec","end_offset_sec"
"houwre",0.5535317,18,21
"virrai",0.99999607,21,24
"rewbla",0.8864757,22,25
"sonspa",0.9857235,25,28
"fiespa",0.9012715,26,29
"eursta",0.53320324,39,42
"amerob",0.784363,40,43
"comyel",0.98555744,42,45
"cedwax",0.9997962,49,52
"barswa",0.98458266,59,62
