"species_code","score","start_offset_sec","end_offset_sec"
"eastow",0.88289547,26,29
"swaspa",0.9664705,56,59
"grycat",0.71528494,71,74
"chswar",0.63513356,72,75
"herthr",0.99976474,77,80
"yebcuc",0.998483,115,118
"amecro",0.7927209,118,121
"comyel",0.97161424,122,125
