"species_code","score","start_offset_sec","end_offset_sec"
"norcar",0.9742665,0,3
"blujay",0.8991863,0,3
"whevir",0.9918602,25,28
"reshaw",0.9893705,35,38
"orcori",0.9712947,36,39
"yelwar",0.681421,40,43
"indbun",0.99938744,47,50
"chiswi",0.532133,59,62
"carwre",0.9984714,81,84
"amegfi",0.57743,99,102
"tuftit",0.9890904,100,103
"blugrb1",0.9682287,104,107
