"species_code","score","start_offset_sec","end_offset_sec"
"swathr",0.9460256,6,9
"brncre",0.68311673,12,15
"swaspa",0.7339394,16,19
"yerwar",0.94180626,25,28
"whtspa",0.97236085,30,33
"reevir1",0.774891,41,44
"gockin",0.9694939,50,53
"naswar",0.9969366,56,59
"herthr",0.97148216,56,59
"magwar",0.94038063,61,64
"comyel",0.8010911,63,66
