"species_code","score","start_offset_sec","end_offset_sec"
"comyel",0.53346175,9,12
"buggna",0.8289583,11,14
"reevir1",0.9933815,13,16
"tuftit",0.99173856,13,16
"sonspa",0.9867843,21,24
"eastow",0.9909449,24,27
"pinwar",0.9476474,24,27
"blujay",0.8109032,25,28
"yebcuc",0.9982208,26,29
"yelwar",0.85457563,30,33
"moudov",0.912317,35,38
"norcar",0.9823351,37,40
