"species_code","score","start_offset_sec","end_offset_sec"
"comyel",0.9758734,1,4
"woothr",0.9715215,1,4
"whtspa",0.9865671,12,15
"norcar",0.9933375,20,23
"yetvir",0.9964346,37,40
"reevir1",0.8954741,48,51
"blujay",0.9700074,52,55
"acafly",0.95982414,53,56
"grycat",0.9943635,55,58
"comgra",0.9450719,57,60
"veery",0.56276584,63,66
"swaspa",0.9958903,68,71
