"species_code","score","start_offset_sec","end_offset_sec"
"chswar",0.8389702,4,7
"grycat",0.59538805,12,15
"yebcuc",0.97192407,14,17
"reevir1",0.9839922,22,25
"cedwax",0.8301921,26,29
"tuftit",0.91857547,29,32
"eastow",0.99987864,41,44
"comyel",0.97567356,41,44
"fiespa",0.99055165,42,45
"buggna",0.9978422,53,56
