"species_code","score","start_offset_sec","end_offset_sec"
"norcar",0.9861584,16,19
"easowl1",0.9882876,23,26
"dowwoo",0.93741584,23,26
"carchi",0.999363,29,32
"reevir1",0.99977803,32,35
"norpar",0.73655957,41,44
"buggna",0.98340416,52,55
"belkin1",0.8709368,57,60
"bkcchi",0.8476592,63,66
"buhvir",0.8450487,65,68
"sonspa",0.5500208,91,94
"tuftit",0.95939285,101,104
"scatan",0.6313769,106,109
"acafly",0.97738844,109,112
"carwre",0.9525324,110,113
