"species_code","score","start_offset_sec","end_offset_sec"
"amerob",0.9494402,33,36
"savspa",0.9961862,68,71
"rewbla",0.9954584,77,80
"horlar",0.63769066,105,108
"amegfi",0.98466194,110,113
"dickci",0.9999132,133,136
"sonspa",0.90261495,150,153
