"species_code","score","start_offset_sec","end_offset_sec"
"norfli",0.90059835,5,8
"killde",0.9993114,16,19
"virrai",0.97435653,26,29
"amegfi",0.9299311,30,33
"normoc",0.9995572,37,40
"eursta",0.52213734,61,64
"sonspa",0.9185513,63,66
"wilfly",0.9992513,70,73
"rewbla",0.89136994,72,75
"amecro",0.83840704,73,76
"indbun",0.7323991,98,101
"woothr",0.9815005,99,102
"balori",0.97625977,106,109
