"species_code","score","start_offset_sec","end_offset_sec"
"grycat",0.9903867,9,12
"grcfly",0.987621,15,18
"barswa",0.9293589,19,22
"tuftit",0.9431454,23,26
"moudov",0.9720569,25,28
"cangoo",0.6059042,26,29
"sonspa",0.99298435,29,32
"amerob",0.63640904,42,45
"houspa",0.97418046,50,53
"carwre",0.99968296,60,63
