"species_code","score","start_offset_sec","end_offset_sec"
"marwre",0.9908053,1,4
"moudov",0.93826044,2,5
"swaspa",0.5084558,17,20
"amerob",0.67400444,25,28
"sonspa",0.5531695,32,35
"treswa",0.9976128,34,37
"houfin",0.5207881,40,43
"leabit",0.9434615,49,52
"rewbla",0.5258908,49,52
"bkcchi",0.99085623,51,54
"comgra",0.7030883,51,54
