"species_code","score","start_offset_sec","end_offset_sec"
"rewbla",0.9859282,36,39
"eastow",0.85039705,37,40
"blujay",0.848999,38,41
"grycat",0.99998116,40,43
"amerob",0.96620965,45,48
"yelwar",0.74782115,45,48
"amegfi",0.955423,65,68
"norcar",0.5343589,143,146
"sonspa",0.7386589,157,160
