"species_code","score","start_offset_sec","end_offset_sec"
"brnthr",0.7649455,6,9
"moudov",0.70328945,12,15
"amerob",0.9779501,15,18
"grycat",0.96840644,26,29
"woothr",0.5500458,26,29
"eastow",0.9616096,33,36
"balori",0.78039134,43,46
"rewbla",0.5800415,46,49
"norcar",0.9888357,49,52
"amegfi",0.98387754,54,57
"eucdov",0.79533696,59,62
"blujay",0.8921427,64,67
"fiespa",0.9951016,65,68
"yebcha",0.99934214,67,70
