"species_code","score","start_offset_sec","end_offset_sec"
"eastow",0.52796674,13,16
"woothr",0.9999998,16,19
"norcar",0.6601214,27,30
"eawpew",0.94218457,35,38
"scatan",0.9763829,40,43
"amerob",0.67881495,47,50
"whbnut",0.99986935,57,60
"easpho",0.56386596,57,60
"blujay",0.62590957,75,78
