"species_code","score","start_offset_sec","end_offset_sec"
"amerob",0.8241989,9,12
"easmea",0.94387645,62,65
"daejun",0.85181826,64,67
"vesspa",0.7236726,69,72
"eastow",0.9189686,81,84
"amecro",0.99033624,82,85
"sonspa",0.5387044,100,103
"graspa",0.99161637,105,108
"savspa",0.9991304,111,114
