"species_code","score","start_offset_sec","end_offset_sec"
"amerob",0.99926084,0,3
"eawpew",0.9985075,0,3
"dowwoo",0.64635617,15,18
"mallar3",0.7229696,18,21
"grycat",0.5597521,20,23
"blujay",0.9869578,21,24
"orcori",0.5104033,21,24
"bkcchi",0.8533996,49,52
"chispa",0.8310676,63,66
"eursta",0.9933717,65,68
