"species_code","score","start_offset_sec","end_offset_sec"
"eastow",0.9964359,8,11
"whtspa",0.74958676,9,12
"eawpew",0.98845047,19,22
"scatan",0.9940202,28,31
"norcar",0.99194884,43,46
"carwre",0.52524394,43,46
"carchi",0.99734104,46,49
"whbnut",0.99999225,55,58
"reevir1",0.69697344,66,69
"tuftit",0.9996002,73,76
"blujay",0.93421686,85,88
"comyel",0.7424078,87,90
"normoc",0.898173,91,94
"bnhcow",0.54570633,95,98
"balori",0.67136395,101,104
