"species_code","score","start_offset_sec","end_offset_sec"
"sonspa",0.5965977,14,17
"cedwax",0.99500304,19,22
"amerob",0.6321625,20,23
"comyel",0.6542085,21,24
"amered",0.86609286,28,31
"carwre",0.99281067,32,35
"magwar",0.5732233,40,43
"bkcchi",0.9928688,53,56
"yelwar",0.9841897,55,58
"tuftit",0.59667605,62,65
"carchi",0.5935906,63,66
"norfli",0.9909818,67,70
