"species_code","score","start_offset_sec","end_offset_sec"
"whtspa",0.93702805,2,5
"yelwar",0.75415903,4,7
"boboli",0.99991333,6,9
"sonspa",0.974542,9,12
"amerob",0.80086154,13,16
"aldfly",0.9831983,14,17
"bkcchi",0.9871211,26,29
"norfli",0.95087457,28,31
"fiespa",0.99804395,30,33
"balori",0.94418657,31,34
