"species_code","score","start_offset_sec","end_offset_sec"
"rewbla",0.9578292,4,7
"sedwre1",0.9949881,22,25
"amegfi",0.98343784,36,39
"sonspa",0.99776626,49,52
"rebwoo",0.9983984,51,54
"houfin",0.58182865,59,62
"norcar",0.93946505,61,64
"comloo",0.89331764,64,67
"norfli",0.9846288,71,74
"grycat",0.8708552,97,100
"comyel",0.9926897,98,101
"boboli",0.6282667,110,113
