"species_code","score","start_offset_sec","end_offset_sec"
"cedwax",0.93910784,6,9
"blujay",0.9779494,9,12
"comyel",0.998219,25,28
"yebfly",0.9866335,32,35
"purfin",0.8965542,51,54
"chswar",0.64542055,53,56
"yelwar",0.722642,92,95
"naswar",0.9874658,105,108
"whtspa",0.99989015,109,112
"brwhaw",0.5437368,126,129
"reevir1",0.9717816,150,153
"gowwar",0.8959354,152,155
"herthr",0.7287255,167,170
