"species_code","score","start_offset_sec","end_offset_sec"
"ovenbi1",0.9981491,0,3
"comyel",0.9137683,11,14
"sonspa",0.99812406,14,17
"reevir1",0.9956048,14,17
"aldfly",0.974968,30,33
"yebsap",0.69796616,42,45
"rewbla",0.64320874,42,45
"amecro",0.93491,58,61
"eastow",0.9889309,63,66
"bkbcuc",0.99294806,66,69
"comgra",0.9218564,71,74
