"species_code","score","start_offset_sec","end_offset_sec"
"amered",0.76050377,5,8
"cedwax",0.5344398,13,16
"eawpew",0.9883369,15,18
"rewbla",0.91512126,16,19
"veery",0.64672524,16,19
"chswar",0.743651,21,24
"grycat",0.955711,23,26
"yelwar",0.9992057,27,30
"amegfi",0.9964584,31,34
"sonspa",0.9970401,40,43
