"species_code","score","start_offset_sec","end_offset_sec"
"easmea",0.99840844,3,6
"norfli",0.81755185,10,13
"yelwar",0.99671316,11,14
"fiespa",0.98737955,12,15
"sonspa",0.9885224,21,24
"moudov",0.9473598,22,25
"daejun",0.52807224,23,26
"grycat",0.83939165,28,31
"henspa",0.99821687,33,36
"norcar",0.76731026,43,46
"amerob",0.7781203,46,49
