"species_code","score","start_offset_sec","end_offset_sec"
"comyel",0.67984676,2,5
"warvir",0.9288622,9,12
"carwre",0.89980704,9,12
"amecro",0.8052736,13,16
"amerob",0.8943768,17,20
"yebcha",0.99999434,23,26
"indbun",0.99738324,23,26
"rewbla",0.7771879,26,29
"yebcuc",0.5363101,29,32
"buggna",0.98988724,30,33
"amegfi",0.5986096,34,37
