"species_code","score","start_offset_sec","end_offset_sec"
"btbwar",0.98531866,2,5
"reevir1",0.92547387,2,5
"comrav",0.9981088,6,9
"veery",0.66636467,7,10
"comyel",0.9177336,10,13
"bkcchi",0.9577825,11,14
"magwar",0.7764349,20,23
"blujay",0.9937464,53,56
"amerob",0.7651238,56,59
"robgro",0.6496357,59,62
"amegfi",0.9716665,71,74
"chswar",0.9757549,93,96
"ovenbi1",0.9998452,102,105
"daejun",0.80281234,108,111
"canwar",0.9953546,111,114
"winwre3",0.9994648,114,117
"buhvir",0.5120571,120,123
