"species_code","score","start_offset_sec","end_offset_sec"
"ovenbi1",0.99484175,5,8
"eawpew",0.80436224,62,65
"woewar1",0.99923366,74,77
"reevir1",0.99685454,106,109
"yebcuc",0.9980798,118,121
"amecro",0.98300505,155,158
"bkbwar",0.80197376,172,175
