"species_code","score","start_offset_sec","end_offset_sec"
"chispa",0.99959075,1,4
"sonspa",0.90838206,11,14
"easblu",0.5698144,13,16
"norcar",0.99208856,15,18
"buggna",0.9045964,18,21
"rebwoo",0.9471069,22,25
"carwre",0.70479554,22,25
"carchi",0.99464417,29,32
"amegfi",0.78610617,30,33
