"species_code","score","start_offset_sec","end_offset_sec"
"indbun",0.99650604,4,7
"blugrb1",0.981166,8,11
"prawar",0.996561,20,23
"reevir1",0.9905037,42,45
"carwre",0.9980666,43,46
"acafly",0.8391593,45,48
"rewbla",0.98087466,47,50
"eawpew",0.8495534,66,69
"yebcuc",0.9597908,73,76
"cedwax",0.9928899,79,82
