"species_code","score","start_offset_sec","end_offset_sec"
"bkpwar",0.97690696,4,7
"eastow",0.89447606,9,12
"reevir1",0.990702,10,13
"yetwar",0.9270688,12,15
"yetvir",0.51004857,15,18
"kenwar",0.9982636,17,20
"scatan",0.9647955,21,24
"norcar",0.8581582,24,27
"btnwar",0.53641886,28,31
"robgro",0.58767545,33,36
