"species_code","score","start_offset_sec","end_offset_sec"
"grycat",0.999928,2,5
"yetvir",0.84451556,16,19
"indbun",0.71670824,16,19
"amegfi",0.9844138,27,30
"norcar",0.8041157,28,31
"houwre",0.9991289,97,100
"swathr",0.7148564,121,124
"amerob",0.9947756,131,134
"warvir",0.99749136,144,147
"tuftit",0.5517856,151,154
"norwat",0.9931598,159,162
