"species_code","score","start_offset_sec","end_offset_sec"
"ovenbi1",0.9993667,9,12
"yetvir",0.98175156,13,16
"rewbla",0.8319725,14,17
"carchi",0.99703294,17,20
"eastow",0.9373846,17,20
"bkcchi",0.5917015,31,34
"bnhcow",0.83206016,35,38
"amegfi",0.9696883,39,42
"btnwar",0.6418376,39,42
"tuftit",0.6132862,42,45
"bawwar",0.9945207,59,62
"houwre",0.64272743,66,69
"woothr",0.9999019,93,96
"pinwar",0.97815996,103,106
"gockin",0.56071335,104,107
"bkbwar",0.7014928,108,111
