"species_code","score","start_offset_sec","end_offset_sec"
"aldfly",0.97144383,6,9
"acafly",0.98920786,15,18
"sonspa",0.989865,18,21
"reevir1",0.6751382,18,21
"amered",0.85677814,28,31
"cerwar",0.63955307,28,31
"amerob",0.7480763,34,37
"veery",0.9088121,39,42
"buggna",0.6533092,44,47
"yetvir",0.99956614,50,53
"rebwoo",0.84212154,51,54
"yelwar",0.9631738,56,59
