"species_code","score","start_offset_sec","end_offset_sec"
"buggna",0.99642456,1,4
"houfin",0.6621184,20,23
"reevir1",0.5387735,39,42
"amegfi",0.5071796,49,52
"sonspa",0.6755916,64,67
"purfin",0.815063,67,70
"cerwar",0.9658064,77,80
"amered",0.9218422,78,81
"aldfly",0.9755329,83,86
"swathr",0.64438295,84,87
"acafly",0.88647807,85,88
"fiespa",0.69253135,85,88
"yelwar",0.96958643,87,90
"cedwax",0.9985471,94,97
"balori",0.5027676,95,98
