"species_code","score","start_offset_sec","end_offset_sec"
"rewbla",0.8045612,2,5
"marwre",0.9995027,22,25
"norcar",0.91667783,28,31
"reevir1",0.65090007,30,33
"aldfly",0.6168509,48,51
"ovenbi1",0.99062246,50,53
"amebit",0.99988645,53,56
"grycat",0.9969544,70,73
"houwre",0.62240005,77,80
"amerob",0.9845725,96,99
"comyel",0.9835643,116,119
"swaspa",0.9999475,120,123
