"species_code","score","start_offset_sec","end_offset_sec"
"woothr",0.857064,0,3
"louwat",0.9991404,16,19
"carwre",0.9976422,34,37
"blugrb1",0.7258855,150,153
"chispa",0.94455796,165,168
"yetwar",0.5576581,187,190
"amegfi",0.577009,195,198
"tuftit",0.8946083,196,199
"amecro",0.9888573,240,243
"rewbla",0.8628909,257,260
"buggna",0.99836534,279,282
"indbun",0.9695301,283,286
"norcar",0.8779267,329,332
"comyel",0.84721243,330,333
