"species_code","score","start_offset_sec","end_offset_sec"
"warvir",0.5930726,0,3
"norcar",0.982924,4,7
"cedwax",0.99019706,5,8
"grnher",0.98862815,9,12
"amecro",0.98301804,15,18
"yelwar",0.9593997,23,26
"balori",0.7056227,26,29
"sonspa",0.98103553,27,30
"amerob",0.9870493,30,33
"robgro",0.5765482,32,35
"amered",0.8617123,33,36
"comgra",0.9743261,35,38
"rewbla",0.9239146,38,41
