"species_code","score","start_offset_sec","end_offset_sec"
"indbun",0.96117705,0,3
"houfin",0.57897574,3,6
"carwre",0.53690374,16,19
"comyel",0.5155928,29,32
"blugrb1",0.9787641,33,36
"graspa",0.98448145,61,64
"rewbla",0.98071533,65,68
"fiespa",0.9607896,91,94
"normoc",0.85244465,104,107
