"species_code","score","start_offset_sec","end_offset_sec"
"carwre",0.78696823,3,6
"kenwar",0.7061502,3,6
"eastow",0.6948541,3,6
"ovenbi1",0.99961984,4,7
"woothr",0.9997895,12,15
"amerob",0.9193149,27,30
"veery",0.9996784,30,33
"grycat",0.7243512,35,38
"reevir1",0.87504417,36,39
"norcar",0.9705335,40,43
"acafly",0.9740615,67,70
"whbnut",0.99331754,68,71
