"species_code","score","start_offset_sec","end_offset_sec"
"eawpew",0.9930489,313,316
"chwwid",0.9677789,314,317
"reevir1",0.6976327,314,317
"eastow",0.9978402,576,579
"carwre",0.72318035,583,586
"wiltur",0.55025524,600,603
"tuftit",0.54791343,601,604
"easwpw1",0.9998328,671,674
"chispa",0.5484542,738,741
"indbun",0.998632,773,776
