"species_code","score","start_offset_sec","end_offset_sec"
"ovenbi1",0.68464005,1,4
"woewar1",0.5194254,1,4
"carchi",0.56032836,6,9
"eastow",0.9947017,14,17
"eawpew",0.9968463,20,23
"scatan",0.9975252,28,31
"hoowar",0.9992663,31,34
"comyel",0.98337847,35,38
"reevir1",0.50207496,38,41
"woothr",0.99999654,40,43
"yebcuc",0.9766935,40,43
