"species_code","score","start_offset_sec","end_offset_sec"
"sonspa",0.91268504,3,6
"blujay",0.99485755,11,14
"reevir1",0.9928129,12,15
"amerob",0.6314819,19,22
"pinwar",0.552719,23,26
"bkcchi",0.99296224,24,27
"acafly",0.92319965,27,30
"eawpew",0.7932796,28,31
"yelwar",0.7862682,32,35
"dowwoo",0.7486474,32,35
"canwar",0.5704229,33,36
"ovenbi1",0.80998456,40,43
"amered",0.64360213,43,46
"grcfly",0.995744,46,49
