"species_code","score","start_offset_sec","end_offset_sec"
"robgro",0.60835886,2,5
"amegfi",0.88984084,6,9
"yelwar",0.9696771,7,10
"amerob",0.96971285,10,13
"norfli",0.9420516,12,15
"rewbla",0.96582854,34,37
"moudov",0.966069,37,40
"cedwax",0.50798273,39,42
"warvir",0.9797914,44,47
"norcar",0.63308674,44,47
"comyel",0.99157315,46,49
"veery",0.9999313,53,56
