"species_code","score","start_offset_sec","end_offset_sec"
"normoc",0.94132787,3,6
"houfin",0.99989825,14,17
"reevir1",0.74256164,26,29
"amegfi",0.7934525,97,100
"kenwar",0.6168472,111,114
"brnthr",0.5563863,114,117
"chispa",0.97444874,132,135
"norpar",0.9812996,172,175
