"species_code","score","start_offset_sec","end_offset_sec"
"aldfly",0.87437147,6,9
"grycat",0.99999356,20,23
"fiespa",0.89754593,20,23
"swaspa",0.99998695,25,28
"sonspa",0.9992089,30,33
"amerob",0.69823945,30,33
"barswa",0.81366885,31,34
"comyel",0.9782431,38,41
"wilfly",0.97922957,44,47
"yelwar",0.5672705,46,49
"bkcchi",0.96771944,57,60
"norcar",0.7570328,65,68
"houwre",0.5376671,76,79
