"species_code","score","start_offset_sec","end_offset_sec"
"scatan",0.99705094,19,22
"eawpew",0.99980664,20,23
"chispa",0.98958445,25,28
"easpho",0.9535034,27,30
"houfin",0.9799548,31,34
"reevir1",0.9839096,36,39
"norpar",0.98792607,38,41
"blujay",0.7215227,41,44
"amecro",0.6468423,57,60
"yetvir",0.7835102,64,67
