"species_code","score","start_offset_sec","end_offset_sec"
"magwar",0.79420346,44,47
"aldfly",0.8849102,97,100
"houwre",0.9203828,163,166
"fiespa",0.7589817,210,213
"comyel",0.99973136,226,229
"sonspa",0.9981492,335,338
"amerob",0.99955714,346,349
"amecro",0.9678905,346,349
"moudov",0.9719109,388,391
"rethaw",0.57041943,425,428
"swaspa",0.9984761,431,434
"yebcha",0.74876064,438,441
