"species_code","score","start_offset_sec","end_offset_sec"
"rewbla",0.7482499,1,4
"comyel",0.995517,7,10
"sonspa",0.9475693,7,10
"warvir",0.99861646,11,14
"norcar",0.52105474,16,19
"grycat",0.99635917,20,23
"amegfi",0.90339833,21,24
"amecro",0.8476083,22,25
"cedwax",0.95166355,27,30
"eawpew",0.8476841,30,33
