"species_code","score","start_offset_sec","end_offset_sec"
"eastow",0.9995385,0,3
"indbun",0.98929954,7,10
"houwre",0.8262152,11,14
"fiespa",0.99898785,40,43
"cedwax",0.90841514,50,53
"comyel",0.9999847,116,119
"sonspa",0.5750034,169,172
"amegfi",0.9318715,181,184
"amecro",0.99864215,193,196
