"species_code","score","start_offset_sec","end_offset_sec"
"woothr",0.9567009,0,3
"indbun",0.7800158,2,5
"reevir1",0.9747496,5,8
"scatan",0.9929461,16,19
"norcar",0.9507492,16,19
"amecro",0.6167571,20,23
"sonspa",0.97358996,21,24
"fiespa",0.9866119,24,27
"eastow",0.9963096,25,28
"norfli",0.86784685,31,34
"btnwar",0.97426206,38,41
"haiwoo",0.59774435,43,46
