"species_code","score","start_offset_sec","end_offset_sec"
"yebcha",0.9948515,5,8
"amegfi",0.80993515,8,11
"carwre",0.9948684,13,16
"rebwoo",0.94688284,24,27
"norfli",0.9932461,30,33
"virrai",0.7946414,35,38
"mallar3",0.5311775,39,42
"normoc",0.97595364,47,50
"fiespa",0.71553427,56,59
"sonspa",0.59099144,65,68
"blujay",0.9935001,66,69
"norcar",0.5654371,72,75
"eastow",0.8995994,73,76
