"species_code","score","start_offset_sec","end_offset_sec"
"amecro",0.9963715,10,13
"reevir1",0.75190395,70,73
"eawpew",0.77078134,99,102
"veery",0.6724923,105,108
"amerob",0.8038226,158,161
"brdowl",0.99733144,188,191
"scatan",0.997639,216,219
"tuftit",0.5258284,235,238
"woothr",0.9998014,286,289
