"species_code","score","start_offset_sec","end_offset_sec"
"sonspa",0.59369963,2,5
"rewbla",0.6626835,9,12
"houspa",0.7964971,14,17
"amerob",0.994993,16,19
"comyel",0.99084496,22,25
"wilfly",0.9869051,22,25
"comgra",0.8931612,24,27
"yelwar",0.99476135,29,32
"grycat",0.9714614,29,32
"eursta",0.75533736,32,35
