"species_code","score","start_offset_sec","end_offset_sec"
"rewbla",0.7051606,2,5
"chispa",0.8552548,3,6
"cangoo",0.89460796,8,11
"sedwre1",0.99983954,19,22
"sonspa",0.9930946,28,31
"swaspa",0.6484042,28,31
"comyel",0.9520408,59,62
"fiespa",0.85122854,59,62
"amegfi",0.8437499,62,65
"normoc",0.5921377,70,73
"indbun",0.81425136,77,80
