"species_code","score","start_offset_sec","end_offset_sec"
"louwat",0.999057,3,6
"buggna",0.62489057,9,12
"norcar",0.7555542,19,22
"daejun",0.8278378,23,26
"amerob",0.64994884,25,28
"grycat",0.9991362,31,34
"dowwoo",0.98861355,37,40
"amered",0.7236222,47,50
"reevir1",0.98257685,50,53
"blujay",0.94803536,62,65
"bkcchi",0.7747708,71,74
"comyel",0.7737206,72,75
