"species_code","score","start_offset_sec","end_offset_sec"
"comyel",0.96628445,4,7
"comgra",0.68398774,17,20
"easkin",0.86667156,19,22
"sonspa",0.53125054,48,51
"eawpew",0.8858519,66,69
"houfin",0.8051223,72,75
"rehwoo",0.991294,95,98
"rewbla",0.7061095,100,103
"amegfi",0.99801505,108,111
