"species_code","score","start_offset_sec","end_offset_sec"
"blujay",0.7783026,7,10
"reevir1",0.7031685,7,10
"daejun",0.9628265,40,43
"btbwar",0.68476766,41,44
"indbun",0.9983676,46,49
"amerob",0.9724154,84,87
"bkcchi",0.6059868,85,88
"btnwar",0.98815715,93,96
"buhvir",0.92639536,104,107
