"species_code","score","start_offset_sec","end_offset_sec"
"sonspa",0.9881219,8,11
"rewbla",0.9493372,19,22
"amegfi",0.998906,36,39
"tuftit",0.9859216,37,40
"amerob",0.98047394,53,56
"houwre",0.9996557,67,70
"rebwoo",0.9716586,74,77
"killde",0.9999674,93,96
"balori",0.55629873,96,99
"reevir1",0.91925913,101,104
"fiespa",0.9969876,104,107
"eastow",0.9952183,109,112
"orcori",0.83716905,113,116
"indbun",0.9659327,115,118
"norcar",0.99613607,120,123
"whtspa",0.6746784,126,129
