"species_code","score","start_offset_sec","end_offset_sec"
"carwre",0.87980217,1,4
"swaspa",0.9102039,2,5
"blujay",0.9462284,5,8
"pinwar",0.5046031,24,27
"comyel",0.5067948,54,57
"purfin",0.9991908,74,77
"norcar",0.98441666,76,79
"houfin",0.8555656,78,81
"houwre",0.99923104,83,86
"rewbla",0.9256101,91,94
"sonspa",0.9740742,92,95
"amerob",0.6627099,102,105
