"species_code","score","start_offset_sec","end_offset_sec"
"moudov",0.96924293,0,3
"amegfi",0.83445054,7,10
"rewbla",0.7750577,18,21
"amecro",0.8024848,19,22
"comyel",0.99812686,22,25
"eastow",0.9979911,25,28
"norcar",0.9744848,26,29
"indbun",0.9972636,30,33
"fiespa",0.841059,34,37
"norbob",0.56056994,57,60
"chispa",0.97077626,77,80
"yebcha",0.9999999,85,88
