"species_code","score","start_offset_sec","end_offset_sec"
"sonspa",0.96411675,7,10
"norcar",0.98627204,8,11
"magwar",0.81083375,21,24
"indbun",0.9949152,26,29
"amerob",0.86488605,33,36
"rewbla",0.6730655,40,43
"woothr",0.9605339,46,49
"scatan",0.84340316,54,57
"eastow",0.9914546,57,60
