"species_code","score","start_offset_sec","end_offset_sec"
"bkcchi",0.55655336,3,6
"amecro",0.96675014,22,25
"chispa",0.6749118,22,25
"amerob",0.6467224,22,25
"hoowar",0.9918507,26,29
"reevir1",0.7922362,26,29
"sonspa",0.99014693,31,34
"yebsap",0.5606886,33,36
"cedwax",0.94635683,44,47
"prowar",0.9678199,65,68
"eastow",0.9977416,86,89
"veery",0.6398776,101,104
