"species_code","score","start_offset_sec","end_offset_sec"
"grycat",0.9990334,28,31
"pinwar",0.72659415,31,34
"amegfi",0.8158319,56,59
"norfli",0.95639926,59,62
"canwar",0.555772,63,66
"bkbwar",0.74469495,64,67
"robgro",0.7306957,71,74
"balori",0.883015,73,76
"sonspa",0.83086455,93,96
"amerob",0.9828987,94,97
"magwar",0.9974571,102,105
"reevir1",0.9889595,109,112
