"species_code","score","start_offset_sec","end_offset_sec"
"rebwoo",0.55343294,0,3
"rewbla",0.52121216,8,11
"amerob",0.95931,22,25
"blujay",0.75722057,26,29
"norcar",0.9552682,31,34
"tuftit",0.9986253,44,47
"eastow",0.9993815,56,59
"bkcchi",0.9865156,60,63
"chswar",0.98794943,69,72
"reevir1",0.6965146,79,82
"yelwar",0.89518553,86,89
"grycat",0.99999017,88,91
