"species_code","score","start_offset_sec","end_offset_sec"
"daejun",0.8940204,6,9
"fiespa",0.9923888,8,11
"woothr",0.6910481,30,33
"reevir1",0.9433917,38,41
"leafly",0.8047161,38,41
"herthr",0.8538,49,52
"yelwar",0.88475186,51,54
"sonspa",0.657976,53,56
"indbun",0.9918879,55,58
"comyel",0.98082525,73,76
"mouwar",0.9953839,75,78
"chswar",0.99315,77,80
"amerob",0.7081415,81,84
"eastow",0.9996204,84,87
