"species_code","score","start_offset_sec","end_offset_sec"
"ovenbi1",0.99984354,97,100
"swathr",0.962424,166,169
"bkbwar",0.980843,188,191
"buhvir",0.99927205,252,255
"btnwar",0.96256626,357,360
"louwat",0.5749997,381,384
"reevir1",0.9953174,461,464
"norpar",0.68949836,472,475
"woothr",0.6976874,481,484
"herthr",0.785746,482,485
"veery",0.7105106,499,502
"easkin",0.9427795,508,511
"amered",0.79214495,511,514
"moudov",0.6758003,580,583
