"species_code","score","start_offset_sec","end_offset_sec"
"fiespa",0.90997237,9,12
"rewbla",0.99321365,17,20
"savspa",0.98035944,18,21
"yelwar",0.91127014,19,22
"sonspa",0.6916786,25,28
"graspa",0.76394457,26,29
"blujay",0.9349537,35,38
"easkin",0.5589626,37,40
"amegfi",0.6878008,39,42
"comyel",0.91418266,40,43
"boboli",0.94238544,46,49
"amerob",0.8145986,48,51
