"species_code","score","start_offset_sec","end_offset_sec"
"veery",0.7989954,0,3
"gowwar",0.96535176,5,8
"reevir1",0.78051305,16,19
"rewbla",0.9094218,27,30
"grcfly",0.5633661,35,38
"cerwar",0.999214,46,49
"amered",0.9966469,51,54
"scatan",0.9840966,51,54
"bawwar",0.8264399,52,55
"yelwar",0.86429185,55,58
"indbun",0.50116426,68,71
