"species_code","score","start_offset_sec","end_offset_sec"
"sonspa",0.9449774,3,6
"woothr",0.54740715,6,9
"rewbla",0.9955363,30,33
"amegfi",0.83082086,41,44
"leabit",0.9976713,42,45
"yelwar",0.99826884,52,55
"grycat",0.8061152,53,56
"treswa",0.98130226,54,57
"swaspa",0.9853498,71,74
"comyel",0.9488336,82,85
"marwre",0.99999195,92,95
"cedwax",0.96570647,94,97
"wooduc",0.9997265,105,108
