"species_code","score","start_offset_sec","end_offset_sec"
"comyel",0.9820537,11,14
"redcro",0.9324101,23,26
"yebcha",0.98406774,28,31
"chispa",0.9954077,36,39
"yelwar",0.5514387,46,49
"yerwar",0.88115335,49,52
"ovenbi1",0.98770255,57,60
"winwre3",0.51892424,60,63
"bkbwar",0.9814553,61,64
"magwar",0.98958534,75,78
"gockin",0.8236217,78,81
"sonspa",0.53606313,79,82
"brncre",0.8818924,91,94
