"species_code","score","start_offset_sec","end_offset_sec"
"cedwax",0.9918981,1,4
"grycat",0.9974914,2,5
"yelwar",0.98639965,5,8
"cangoo",0.83493185,6,9
"balori",0.6581186,7,10
"sonspa",0.97931844,9,12
"comgra",0.9439031,29,32
"amegfi",0.87380195,33,36
"amecro",0.7654856,47,50
"rewbla",0.9725068,58,61
"warvir",0.7221801,63,66
"veery",0.9414036,83,86
