"species_code","score","start_offset_sec","end_offset_sec"
"balori",0.9941261,13,16
"tuftit",0.74061865,19,22
"warvir",0.9991325,34,37
"moudov",0.9781731,70,73
"buhvir",0.99569935,115,118
"dowwoo",0.8820733,120,123
"cedwax",0.9886872,123,126
"amerob",0.80500674,145,148
"comgra",0.56401086,218,221
"yelwar",0.51515746,242,245
