"species_code","score","start_offset_sec","end_offset_sec"
"grycat",0.7454893,2,5
"amecro",0.9573299,8,11
"savspa",0.92263925,8,11
"sonspa",0.9811418,12,15
"eursta",0.53895587,13,16
"norcar",0.55412376,14,17
"yelwar",0.5947569,15,18
"houfin",0.56083673,17,20
"houwre",0.9767192,20,23
"dickci",0.9948448,21,24
"fiespa",0.99547654,25,28
"comyel",0.9817996,27,30
"rewbla",0.9666582,31,34
"norfli",0.8835813,32,35
"amerob",0.99538183,35,38
"veery",0.9926855,36,39
"barswa",0.9981719,51,54
