"species_code","score","start_offset_sec","end_offset_sec"
"comyel",0.7134323,0,3
"rewbla",0.55437255,1,4
"sonspa",0.5169151,3,6
"ovenbi1",0.6228547,10,13
"amecro",0.95740366,26,29
"bkcchi",0.997611,30,33
"amerob",0.9758674,35,38
"daejun",0.929262,46,49
"reevir1",0.68121433,51,54
"veery",0.9860249,54,57
"norcar",0.8822826,59,62
