"species_code","score","start_offset_sec","end_offset_sec"
"amekes",0.998007,17,20
"grycat",0.7456663,51,54
"reevir1",0.81007046,82,85
"amerob",0.9986634,100,103
"rewbla",0.97645235,103,106
"yelwar",0.88373584,103,106
"sonspa",0.9436333,107,110
"rethaw",0.5434489,123,126
