"species_code","score","start_offset_sec","end_offset_sec"
"amewoo",0.9201141,5,8
"nrwswa",0.7118984,11,14
"sonspa",0.6073799,30,33
"indbun",0.9920464,61,64
"moudov",0.8543594,77,80
"amerob",0.59513474,77,80
"tuftit",0.79070675,83,86
"clcspa",0.993172,106,109
"fiespa",0.9779287,131,134
