"species_code","score","start_offset_sec","end_offset_sec"
"yelwar",0.83450484,0,3
"robgro",0.5396125,2,5
"comyel",0.5307411,2,5
"rewbla",0.9910475,6,9
"barswa",0.89500356,6,9
"amegfi",0.7129197,8,11
"ovenbi1",0.5934159,8,11
"leafly",0.9971449,19,22
"purfin",0.93728435,20,23
"amerob",0.9666431,23,26
"moudov",0.98945415,27,30
"grycat",0.5719779,31,34
