"species_code","score","start_offset_sec","end_offset_sec"
"fiespa",0.9563554,3,6
"indbun",0.98751473,8,11
"chispa",0.989439,10,13
"comyel",0.6170859,39,42
"tuftit",0.93821263,50,53
"naswar",0.5123411,64,67
"reevir1",0.9180739,70,73
"amegfi",0.938296,85,88
"grycat",0.7896559,85,88
"cedwax",0.73539376,95,98
"aldfly",0.79591846,121,124
