"species_code","score","start_offset_sec","end_offset_sec"
"purfin",0.88475317,21,24
"comrav",0.940623,22,25
"grycat",0.9985851,29,32
"rewbla",0.9175575,30,33
"cedwax",0.6838617,33,36
"houwre",0.99910784,37,40
"moudov",0.86292154,40,43
"veery",0.6358647,46,49
"amecro",0.9974317,51,54
"sonspa",0.99843717,52,55
"amerob",0.69086295,69,72
"yelwar",0.747573,105,108
