"species_code","score","start_offset_sec","end_offset_sec"
"reevir1",0.98045385,16,19
"rebnut",0.9988048,66,69
"amegfi",0.5286931,68,71
"brncre",0.7149803,77,80
"amered",0.7240193,177,180
"bkbwar",0.9993584,185,188
"babwar",0.6572661,207,210
"btnwar",0.9929133,223,226
