"species_code","score","start_offset_sec","end_offset_sec"
"buggna",0.8917977,17,20
"louwat",0.5600286,32,35
"woewar1",0.5484881,36,39
"eastow",0.9856831,38,41
"easpho",0.69575596,42,45
"yetvir",0.9993743,48,51
"hoowar",0.99225163,59,62
"reevir1",0.9926974,63,66
"brwhaw",0.9918973,63,66
