"species_code","score","start_offset_sec","end_offset_sec"
"grycat",0.99994993,28,31
"amerob",0.94304985,52,55
"sonspa",0.9923534,70,73
"rewbla",0.95691717,70,73
"orcori",0.7768222,119,122
"bkcchi",0.6175189,145,148
"boboli",0.9999729,152,155
"houspa",0.90573305,179,182
"reevir1",0.71516377,193,196
"amegfi",0.7563082,205,208
