"species_code","score","start_offset_sec","end_offset_sec"
"woothr",0.98454577,9,12
"amerob",0.9548548,13,16
"vesspa",0.8140595,14,17
"fiespa",0.99996775,19,22
"eastow",0.9418277,27,30
"rewbla",0.5780885,30,33
"houwre",0.98170125,44,47
"norcar",0.8708872,46,49
"sonspa",0.63543695,46,49
"scatan",0.9939251,53,56
"eawpew",0.5589511,87,90
