"species_code","score","start_offset_sec","end_offset_sec"
"swaspa",0.99968404,131,134
"comyel",0.9996297,136,139
"chswar",0.97345906,149,152
"amegfi",0.9901132,325,328
"sonspa",0.99962795,357,360
"cedwax",0.9986744,368,371
"yelwar",0.9342803,382,385
"rewbla",0.9961153,400,403
"norcar",0.9357546,582,585
"treswa",0.91987026,636,639
"marwre",0.9999802,673,676
"wilfly",0.9953474,764,767
