"species_code","score","start_offset_sec","end_offset_sec"
"swathr",0.999996,0,3
"norpar",0.9989612,21,24
"gockin",0.9911585,38,41
"btnwar",0.94972277,50,53
"winwre3",0.9966701,77,80
"magwar",0.9687823,91,94
"bkcchi",0.9828081,108,111
"buhvir",0.98393387,151,154
"rebnut",0.998426,152,155
