"species_code","score","start_offset_sec","end_offset_sec"
"grycat",0.99997437,19,22
"moudov",0.946826,74,77
"bkcchi",0.9430106,112,115
"amerob",0.9978721,117,120
"sonspa",0.99727285,121,124
"houspa",0.9464133,125,128
"norcar",0.9576196,140,143
"amecro",0.93325543,159,162
"blujay",0.98623586,172,175
