"species_code","score","start_offset_sec","end_offset_sec"
"sonspa",0.92838657,144,147
"osprey",0.91186804,148,151
"purmar",0.95484906,167,170
"caster1",0.9999747,189,192
"warvir",0.9894221,203,206
"easkin",0.9323397,211,214
