"species_code","score","start_offset_sec","end_offset_sec"
"osprey",0.9996798,5,8
"nrwswa",0.98795485,13,16
"sonspa",0.99649924,19,22
"rewbla",0.9452171,21,24
"yelwar",0.96223694,78,81
"grycat",0.9735072,153,156
"amerob",0.9079753,163,166
"warvir",0.9963612,172,175
"amegfi",0.9989216,179,182
"norcar",0.9929922,195,198
"cedwax",0.992003,228,231
"wilfly",0.99997836,256,259
"blujay",0.9417811,268,271
