"species_code","score","start_offset_sec","end_offset_sec"
"tuftit",0.9341563,13,16
"bawwar",0.9085061,26,29
"robgro",0.99881315,31,34
"herthr",0.962499,48,51
"reevir1",0.99468637,82,85
"daejun",0.98192054,83,86
"ovenbi1",0.9995042,100,103
"bkbwar",0.98146814,105,108
"veery",0.9411681,170,173
