"species_code","score","start_offset_sec","end_offset_sec"
"amebit",0.9994653,3,6
"yelwar",0.99997437,7,10
"moudov",0.9209973,37,40
"comyel",0.91897106,53,56
"grycat",0.95912266,65,68
"amecro",0.9833945,73,76
"cedwax",0.9997484,131,134
"amegfi",0.9952658,131,134
"sonspa",0.9996729,163,166
"rewbla",0.99932915,172,175
"comgra",0.9549389,217,220
