"species_code","score","start_offset_sec","end_offset_sec"
"rewbla",0.9806398,10,13
"bkcchi",0.9880512,14,17
"comgra",0.9964374,20,23
"cangoo",0.90298486,44,47
"bnhcow",0.9657723,54,57
"swaspa",0.9991347,79,82
"woothr",0.99989814,109,112
"yelwar",0.99731654,129,132
"grycat",0.99999887,177,180
"cedwax",0.95302415,179,182
"moudov",0.9966802,247,250
"easkin",0.99884397,265,268
"tuftit",0.9551194,305,308
"sonspa",0.92363286,317,320
