"species_code","score","start_offset_sec","end_offset_sec"
"sonspa",0.99873155,122,125
"aldfly",0.9998524,227,230
"swaspa",0.99846375,252,255
"amerob",0.9351629,325,328
"comyel",0.99878395,458,461
"grycat",0.9996557,616,619
"moudov",0.97513175,618,621
