"species_code","score","start_offset_sec","end_offset_sec"
"brnthr",0.9999043,37,40
"amecro",0.93014026,79,82
"whevir",0.9995514,82,85
"carwre",0.9966587,94,97
"indbun",0.939031,111,114
"buggna",0.99880755,129,132
"norcar",0.95641404,129,132
"grycat",0.9964968,160,163
