"species_code","score","start_offset_sec","end_offset_sec"
"indbun",0.9969788,16,19
"eastow",0.99497306,22,25
"blugrb1",0.98687625,101,104
"pinwar",0.96063286,123,126
"eawpew",0.9990536,148,151
"chispa",0.9682554,174,177
"comyel",0.9890644,176,179
"sumtan",0.9248449,203,206
