"species_code","score","start_offset_sec","end_offset_sec"
"cliswa",0.9999817,27,30
"yelwar",0.9442634,49,52
"norfli",0.9991082,51,54
"buggna",0.99891937,81,84
"rebwoo",0.9904986,83,86
"eawpew",0.99281317,107,110
"dowwoo",0.9899259,123,126
"easblu",0.997236,133,136
