"species_code","score","start_offset_sec","end_offset_sec"
"scatan",0.9955775,319,322
"ribgul",0.98394465,348,351
"fiscro",0.93287814,367,370
"buggna",0.9852151,496,499
"orcori",0.99999344,516,519
"sonspa",0.9924835,536,539
