"species_code","score","start_offset_sec","end_offset_sec"
"ovenbi1",0.9829343,29,32
"pilwoo",0.9088715,32,35
"bkbwar",0.9713233,52,55
"reevir1",0.99692786,59,62
"easpho",0.99929905,62,65
"buhvir",0.99796385,76,79
"cedwax",0.9657637,76,79
"daejun",0.9605606,136,139
