"species_code","score","start_offset_sec","end_offset_sec"
"blujay",0.9273745,117,120
"amecro",0.93671316,161,164
"ovenbi1",0.9997364,192,195
"woothr",0.9999303,297,300
"yebcuc",0.98421913,367,370
"reevir1",0.9931854,386,389
"hoowar",0.9867431,503,506
