"species_code","score","start_offset_sec","end_offset_sec"
"norcar",0.9837014,19,22
"reevir1",0.9903759,64,67
"hoowar",0.99933463,143,146
"eawpew",0.99553794,152,155
"scatan",0.98236793,170,173
"tuftit",0.95977366,176,179
"blujay",0.9907914,192,195
