"species_code","score","start_offset_sec","end_offset_sec"
"amecro",0.92092323,30,33
"yetvir",0.99998295,58,61
"yebcha",0.9695944,91,94
"reevir1",0.92142105,94,97
"indbun",0.999879,114,117
"moudov",0.944405,128,131
"norfli",0.99699134,139,142
"eawpew",0.9502076,176,179
"prawar",0.99903786,188,191
"eastow",0.99413747,227,230
