"species_code","score","start_offset_sec","end_offset_sec"
"pilwoo",0.9990676,20,23
"comyel",0.9943244,29,32
"whevir",0.99974144,56,59
"tuftit",0.90083325,74,77
"indbun",0.95956707,84,87
"moudov",0.98182267,117,120
"carwre",0.97244877,150,153
"buggna",0.94750905,151,154
