"species_code","score","start_offset_sec","end_offset_sec"
"yetvir",0.9948603,2,5
"acafly",0.9950356,9,12
"pilwoo",0.9595767,31,34
"buggna",0.9849253,51,54
"ovenbi1",0.9984706,62,65
"reevir1",0.9970631,103,106
"amecro",0.9012708,127,130
"moudov",0.9937555,137,140
"rebwoo",0.9585525,138,141
"carwre",0.9959835,203,206
"eawpew",0.9997926,206,209
