"species_code","score","start_offset_sec","end_offset_sec"
"amerob",0.9982625,6,9
"sonspa",0.9904858,26,29
"boboli",0.999999,63,66
"cedwax",0.9778731,159,162
"rewbla",0.9869136,174,177
"comyel",0.9994954,215,218
"eursta",0.91047525,237,240
"reevir1",0.9284131,239,242
