"species_code","score","start_offset_sec","end_offset_sec"
"eawpew",0.99937606,5,8
"scatan",0.9968627,6,9
"buhvir",0.94933426,17,20
"bawwar",0.99638283,19,22
"robgro",0.9993216,39,42
"ovenbi1",0.9996517,42,45
"amegfi",0.99288684,80,83
"whbnut",0.9778964,144,147
"carchi",0.96949565,166,169
"tuftit",0.9759759,171,174
