"species_code","score","start_offset_sec","end_offset_sec"
"swaspa",0.9708024,22,25
"aldfly",0.99977183,39,42
"houwre",0.99990004,111,114
"sonspa",0.99986416,175,178
"amecro",0.9924521,241,244
"amegfi",0.99387455,269,272
"comyel",0.99667835,291,294
"chswar",0.96594256,319,322
"amerob",0.9105978,346,349
"fiespa",0.998743,384,387
"ovenbi1",0.9672992,430,433
"bkcchi",0.99574417,491,494
