"species_code","score","start_offset_sec","end_offset_sec"
"houwre",0.99999136,135,138
"bkcchi",0.9154738,161,164
"amerob",0.91193575,220,223
"comyel",0.94598067,244,247
"amecro",0.91941506,273,276
"reevir1",0.9378681,379,382
"aldfly",0.9999166,494,497
