"species_code","score","start_offset_sec","end_offset_sec"
"yebcha",0.99999714,11,14
"carwre",0.97638243,52,55
"amecro",0.90103036,63,66
"bnhcow",0.9987239,72,75
"amerob",0.94834757,95,98
"fiespa",0.9987404,105,108
"sonspa",0.9932306,145,148
"grycat",0.9606137,148,151
