"species_code","score","start_offset_sec","end_offset_sec"
"warvir",0.9834329,14,17
"eawpew",0.99831885,40,43
"cedwax",0.99892527,60,63
"cerwar",0.99988616,183,186
"bkcchi",0.99725586,207,210
"reevir1",0.9980954,208,211
"amerob",0.9652165,247,250
"dowwoo",0.9566917,247,250
"amered",0.990556,386,389
"moudov",0.985962,448,451
"veery",0.99918824,508,511
"yetvir",0.99849576,601,604
