"species_code","score","start_offset_sec","end_offset_sec"
"carwre",0.999984,143,146
"woothr",0.9950044,154,157
"amecro",0.9722162,497,500
"easpho",0.9035161,498,501
"reevir1",0.9918975,526,529
"ovenbi1",0.98590904,568,571
"buggna",0.9987893,573,576
"grcfly",0.99668425,573,576
"eawpew",0.99870276,596,599
