"species_code","score","start_offset_sec","end_offset_sec"
"wiltur",0.99887186,46,49
"reevir1",0.9860354,46,49
"amecro",0.982833,51,54
"acafly",0.94593376,84,87
"ovenbi1",0.9955285,89,92
"whbnut",0.99993694,177,180
"eawpew",0.99212354,250,253
"rebwoo",0.98981225,253,256
