"species_code","score","start_offset_sec","end_offset_sec"
"magwar",0.9921188,37,40
"swaspa",0.97828,99,102
"sonspa",0.9218245,152,155
"chswar",0.9268845,155,158
"aldfly",0.93352455,234,237
"yelwar",0.9266421,244,247
"amerob",0.99576974,261,264
