"species_code","score","start_offset_sec","end_offset_sec"
"orcori",0.999022,20,23
"carwre",0.9827224,82,85
"warvir",0.9983352,120,123
"comgra",0.98467356,147,150
"tuftit",0.97968286,169,172
"blujay",0.9980596,195,198
"treswa",0.99276793,195,198
"whbnut",0.9998186,245,248
"cedwax",0.98059154,296,299
"amegfi",0.9869461,305,308
"balori",0.9993999,333,336
"yelwar",0.97542095,365,368
"grycat",0.9994431,413,416
