"species_code","score","start_offset_sec","end_offset_sec"
"norcar",0.9441958,134,137
"yebcuc",0.99625325,203,206
"comrav",0.9601277,212,215
"grbher3",0.95276046,229,232
"btbwar",0.92832065,361,364
"eastow",0.99411994,448,451
"cerwar",0.9996767,562,565
"whbnut",0.9977259,590,593
"scatan",0.99358094,596,599
"indbun",0.99588615,632,635
"reevir1",0.99727917,650,653
"buggna",0.90703475,676,679
