"species_code","score","start_offset_sec","end_offset_sec"
"yelwar",0.9902601,58,61
"rewbla",0.9764297,95,98
"sonspa",0.98827213,96,99
"orcori",0.9116815,99,102
"grycat",0.99989426,103,106
"moudov",0.92439735,113,116
"veery",0.99990356,137,140
"chispa",0.9867985,146,149
