"species_code","score","start_offset_sec","end_offset_sec"
"woothr",0.98534083,70,73
"eastow",0.99960893,282,285
"eawpew",0.9983122,284,287
"ovenbi1",0.9998246,291,294
"indbun",0.902673,311,314
"reevir1",0.99857247,319,322
"tuftit",0.9946352,411,414
"buggna",0.99922913,429,432
"whbnut",0.9987673,436,439
