"species_code","score","start_offset_sec","end_offset_sec"
"boboli",0.9973621,25,28
"amegfi",0.98818505,32,35
"woothr",0.9600643,56,59
"reevir1",0.99464417,57,60
"comyel",0.9911077,61,64
"sedwre1",0.99895406,75,78
"blujay",0.9997011,86,89
"rewbla",0.94568783,86,89
"sonspa",0.977873,92,95
