"species_code","score","start_offset_sec","end_offset_sec"
"buggna",0.995706,17,20
"yetwar",0.94359213,24,27
"norpar",0.9797931,85,88
"hoowar",0.99736685,168,171
"acafly",0.9992273,195,198
"houspa",0.9706556,239,242
"comyel",0.99800867,288,291
"eawpew",0.999628,334,337
"sonspa",0.98465866,381,384
"indbun",0.9972929,436,439
"amered",0.98003983,440,443
"reevir1",0.96750486,452,455
"carwre",0.9845703,469,472
