"species_code","score","start_offset_sec","end_offset_sec"
"ovenbi1",0.9888473,0,3
"rebnut",0.9943958,39,42
"whbnut",0.93608063,62,65
"louwat",0.9987572,86,89
"bkcchi",0.99918085,124,127
"btnwar",0.98488325,130,133
"woothr",0.94708467,176,179
"reevir1",0.9975798,183,186
