"species_code","score","start_offset_sec","end_offset_sec"
"blujay",0.9973143,10,13
"reevir1",0.9997364,25,28
"eawpew",0.9979039,49,52
"sonspa",0.9753939,52,55
"easkin",0.999162,55,58
"rewbla",0.9521467,64,67
"norfli",0.99571806,68,71
"comyel",0.9857351,74,77
"moudov",0.9877263,79,82
"grycat",0.9069689,79,82
"amegfi",0.9877851,87,90
