"species_code","score","start_offset_sec","end_offset_sec"
"eastow",0.9835561,1,4
"tuftit",0.9820495,15,18
"scatan",0.93188524,15,18
"woothr",0.9825363,35,38
"whbnut",0.9998343,41,44
"eawpew",0.99923515,41,44
"reevir1",0.9717388,47,50
"indbun",0.9155366,47,50
"norfli",0.96045554,56,59
"carwre",0.990248,59,62
