"species_code","score","start_offset_sec","end_offset_sec"
"sonspa",0.998151,27,30
"amegfi",0.9994366,47,50
"houfin",0.9748781,59,62
"bnhcow",0.99857867,74,77
"houwre",0.9043236,101,104
"amerob",0.95867807,104,107
"cedwax",0.9571921,104,107
"yelwar",0.9882448,113,116
