"species_code","score","start_offset_sec","end_offset_sec"
"amerob",0.9988836,53,56
"ovenbi1",0.9943521,90,93
"canwar",0.99724865,93,96
"btbwar",0.98267585,116,119
"easpho",0.973473,132,135
"veery",0.9991351,148,151
"btnwar",0.9948995,173,176
"comyel",0.9567487,176,179
"reevir1",0.99862605,185,188
