"species_code","score","start_offset_sec","end_offset_sec"
"scatan",0.94699955,9,12
"buhvir",0.97084033,12,15
"bkcchi",0.98820543,34,37
"chswar",0.9803651,75,78
"btbwar",0.99571323,86,89
"btnwar",0.9928287,140,143
"robgro",0.9957443,155,158
"hoowar",0.98969305,165,168
"ovenbi1",0.99595463,237,240
"reevir1",0.9894669,311,314
"bkbwar",0.99460274,342,345
