"species_code","score","start_offset_sec","end_offset_sec"
"norcar",0.9550935,43,46
"woothr",0.98079723,66,69
"cedwax",0.9953653,92,95
"reevir1",0.99259853,151,154
"fiespa",0.9983914,154,157
"prawar",0.9718505,184,187
"eastow",0.99329275,194,197
