"species_code","score","start_offset_sec","end_offset_sec"
"woothr",0.99065864,0,3
"buwwar",0.9321355,19,22
"blujay",0.9975816,27,30
"grycat",0.9942535,34,37
"reevir1",0.9867128,47,50
"ovenbi1",0.99791646,54,57
"comyel",0.99845725,59,62
"bkcchi",0.98347366,68,71
"tuftit",0.9653782,105,108
"eawpew",0.9828066,147,150
"aldfly",0.9978106,152,155
"sonspa",0.91028935,177,180
"chswar",0.98515916,186,189
