"species_code","score","start_offset_sec","end_offset_sec"
"ovenbi1",0.9983212,67,70
"reevir1",0.99430895,137,140
"hoowar",0.99434865,269,272
"scatan",0.9764007,277,280
"btbwar",0.9448287,289,292
"eawpew",0.99836236,299,302
"veery",0.93866956,306,309
"robgro",0.9965253,370,373
"amered",0.9954791,384,387
