"species_code","score","start_offset_sec","end_offset_sec"
"amerob",0.9852301,23,26
"dowwoo",0.9535642,32,35
"comyel",0.9947785,86,89
"norcar",0.9956607,101,104
"swaspa",0.9950116,105,108
"amecro",0.9716279,118,121
"bkcchi",0.9818905,133,136
"carwre",0.91263014,147,150
"cedwax",0.9938152,195,198
"virrai",0.9999119,275,278
"marwre",0.9820854,364,367
"rewbla",0.99424905,399,402
