"species_code","score","start_offset_sec","end_offset_sec"
"daejun",0.9898022,6,9
"blujay",0.92179924,10,13
"ovenbi1",0.9837026,33,36
"brwhaw",0.999671,61,64
"btbwar",0.99465,98,101
"reevir1",0.99855244,104,107
"bkcchi",0.97968024,108,111
"mouwar",0.984319,114,117
"veery",0.9812822,121,124
"yebsap",0.9713985,125,128
