"species_code","score","start_offset_sec","end_offset_sec"
"hoowar",0.98555636,6,9
"veery",0.90328807,72,75
"ovenbi1",0.9989386,87,90
"scatan",0.98327404,107,110
"btbwar",0.99075884,162,165
"chswar",0.99970365,171,174
"norpar",0.92558604,214,217
"magwar",0.9771609,284,287
"reevir1",0.9898557,303,306
"btnwar",0.9729454,326,329
