"species_code","score","start_offset_sec","end_offset_sec"
"woothr",0.99755293,8,11
"yebsap",0.93500155,18,21
"amered",0.99196994,39,42
"ovenbi1",0.97769815,178,181
"btnwar",0.9815084,196,199
"reevir1",0.9928868,204,207
"btbwar",0.9738272,209,212
"veery",0.9988596,311,314
"scatan",0.993509,340,343
