"species_code","score","start_offset_sec","end_offset_sec"
"chispa",0.99151975,207,210
"acafly",0.99967724,216,219
"tuftit",0.98717225,276,279
"carchi",0.9642721,401,404
"carwre",0.9972542,443,446
"prowar",0.99978274,517,520
"warvir",0.9933794,542,545
"buggna",0.99947315,590,593
