"species_code","score","start_offset_sec","end_offset_sec"
"eawpew",0.99580735,11,14
"bkcchi",0.95944226,18,21
"rebwoo",0.9681336,20,23
"norcar",0.99743134,22,25
"moudov",0.99194956,30,33
"aldfly",0.9150542,31,34
"amered",0.925378,47,50
"eastow",0.96371675,64,67
"swaspa",0.99491,73,76
"comyel",0.9857954,80,83
"purmar",0.9580504,88,91
