"species_code","score","start_offset_sec","end_offset_sec"
"amegfi",0.90800333,21,24
"tuftit",0.91365296,36,39
"ribgul",0.9785549,113,116
"fiscro",0.9071829,113,116
"commer",0.9308812,150,153
"yelwar",0.98908675,159,162
"sonspa",0.98216623,163,166
"rewbla",0.9227451,176,179
