"species_code","score","start_offset_sec","end_offset_sec"
"grcfly",0.9472897,33,36
"norcar",0.98637414,192,195
"houwre",0.98106635,204,207
"chswar",0.9704462,269,272
"comyel",0.99739987,293,296
"sedwre1",0.9997406,294,297
"reevir1",0.9973045,314,317
"indbun",0.9955862,360,363
"rewbla",0.9922661,524,527
