"species_code","score","start_offset_sec","end_offset_sec"
"amerob",0.9799891,0,3
"reevir1",0.97067785,21,24
"amegfi",0.9996472,27,30
"yelwar",0.9467798,33,36
"leafly",0.9980803,38,41
"sonspa",0.9884414,91,94
"houwre",0.9912453,100,103
"bnhcow",0.9581019,103,106
"boboli",0.99990666,117,120
"swaspa",0.948966,129,132
"rewbla",0.96158606,132,135
"savspa",0.9966164,176,179
