"species_code","score","start_offset_sec","end_offset_sec"
"sonspa",0.9994171,10,13
"bawwar",0.9925517,13,16
"amegfi",0.97512215,26,29
"woothr",0.9883801,31,34
"rewbla",0.9147232,49,52
"cedwax",0.9157375,57,60
"norcar",0.92563516,75,78
"comyel",0.9959247,80,83
"easpho",0.91038465,90,93
"swaspa",0.9839788,93,96
