"species_code","score","start_offset_sec","end_offset_sec"
"fiespa",0.99336153,19,22
"norcar",0.983097,19,22
"yetvir",0.9992311,34,37
"grycat",0.98665404,44,47
"amerob",0.93651724,48,51
"veery",0.97219133,84,87
"eastow",0.9988321,95,98
"woothr",0.9212005,117,120
"blujay",0.9867278,119,122
