"species_code","score","start_offset_sec","end_offset_sec"
"purmar",0.9213882,37,40
"normoc",0.99978566,44,47
"reshaw",0.94195354,88,91
"eastow",0.9401876,138,141
"houspa",0.9576684,166,169
"norfli",0.9850876,183,186
"chispa",0.989041,239,242
"moudov",0.9351363,269,272
