"species_code","score","start_offset_sec","end_offset_sec"
"comyel",0.99988824,1,4
"naswar",0.99056625,17,20
"bkcchi",0.995348,64,67
"yebfly",0.98054856,71,74
"norpar",0.9741957,129,132
"whtspa",0.99998575,156,159
"swathr",0.9695425,157,160
"commer",0.99760765,403,406
"reevir1",0.9980682,439,442
"chswar",0.91732377,529,532
"cedwax",0.9823681,586,589
