"species_code","score","start_offset_sec","end_offset_sec"
"redcro",0.9960417,17,20
"naswar",0.9997551,40,43
"whtspa",0.99881107,77,80
"buhvir",0.95321673,147,150
"canwar",0.9914323,201,204
"blujay",0.9962998,251,254
"merlin",0.9684845,296,299
"magwar",0.9248078,339,342
"yebfly",0.99929035,438,441
"herthr",0.9133459,746,749
"comyel",0.99899054,752,755
