"species_code","score","start_offset_sec","end_offset_sec"
"buhvir",0.99633205,15,18
"magwar",0.9753745,58,61
"linspa",0.998464,65,68
"whtspa",0.9997795,119,122
"rebnut",0.9945518,147,150
"yebfly",0.99925745,172,175
"naswar",0.9964295,195,198
"sonspa",0.9949758,201,204
"comyel",0.99990493,207,210
