"species_code","score","start_offset_sec","end_offset_sec"
"naswar",0.9907369,8,11
"whtspa",0.99949104,44,47
"amecro",0.9559898,76,79
"norpar",0.97629213,78,81
"comyel",0.9986427,87,90
"comrav",0.91130275,104,107
"reevir1",0.9989917,127,130
"blujay",0.90012914,143,146
"herthr",0.9848582,156,159
"chswar",0.97682965,163,166
