"species_code","score","start_offset_sec","end_offset_sec"
"winwre3",0.9936197,8,11
"bkcchi",0.99125236,18,21
"reevir1",0.9986107,110,113
"robgro",0.9889262,131,134
"comyel",0.9999624,191,194
"btnwar",0.9438949,211,214
"scatan",0.9036318,217,220
