"species_code","score","start_offset_sec","end_offset_sec"
"reevir1",0.99661654,23,26
"veery",0.9965529,33,36
"pilwoo",0.98772836,90,93
"fiscro",0.9754258,99,102
"carwre",0.9925641,108,111
"blujay",0.99193734,133,136
"amecro",0.985523,138,141
"amerob",0.9883618,142,145
"comyel",0.9286274,175,178
