"species_code","score","start_offset_sec","end_offset_sec"
"eastow",0.96502733,0,3
"pilwoo",0.99579996,27,30
"buggna",0.9831955,52,55
"amegfi",0.9970626,59,62
"norcar",0.9172364,62,65
"carwre",0.9972305,89,92
"dowwoo",0.96330094,188,191
"fiespa",0.99634624,199,202
"amecro",0.9916263,207,210
"indbun",0.9999705,212,215
