"species_code","score","start_offset_sec","end_offset_sec"
"comyel",0.9999582,21,24
"aldfly",0.9999697,38,41
"grycat",0.99973303,83,86
"eastow",0.99234277,211,214
"amerob",0.92303604,229,232
"swaspa",0.9921252,328,331
"sonspa",0.9972249,387,390
