"species_code","score","start_offset_sec","end_offset_sec"
"reevir1",0.99822336,2,5
"scatan",0.987488,40,43
"dowwoo",0.93411106,60,63
"blujay",0.9957418,88,91
"yebsap",0.964494,133,136
"rewbla",0.9988157,160,163
"amegfi",0.9988428,161,164
"brncre",0.9027882,220,223
"grycat",0.99370587,231,234
"amerob",0.9966879,245,248
"eawpew",0.99981564,255,258
"orcori",0.975008,260,263
"comyel",0.9901477,279,282
