"species_code","score","start_offset_sec","end_offset_sec"
"aldfly",0.9098163,47,50
"wilfly",0.9300866,158,161
"comyel",0.9804173,436,439
"amerob",0.989111,443,446
"fiespa",0.99998194,465,468
"woothr",0.9761296,496,499
"eastow",0.9411666,558,561
"moudov",0.91577214,571,574
"graspa",0.92235136,613,616
