"species_code","score","start_offset_sec","end_offset_sec"
"amegfi",0.99557203,64,67
"amerob",0.9661954,65,68
"houspa",0.93648833,123,126
"cedwax",0.97875494,150,153
"chispa",0.98874825,168,171
"houwre",0.9999409,179,182
"grycat",0.9999376,272,275
