"species_code","score","start_offset_sec","end_offset_sec"
"norcar",0.9923282,6,9
"shbdow",0.9348279,58,61
"balori",0.93950427,71,74
"normoc",0.9976983,79,82
"monpar",0.9830014,139,142
"wilfly",0.9573005,176,179
"sonspa",0.99950445,276,279
"bnhcow",0.99998033,312,315
