"species_code","score","start_offset_sec","end_offset_sec"
"norfli",0.99102414,10,13
"tuftit",0.98419666,12,15
"indbun",0.9999168,25,28
"amegfi",0.99063534,56,59
"rebwoo",0.9524696,63,66
"comyel",0.9983316,84,87
"blujay",0.9953725,87,90
"whbnut",0.9999607,104,107
"eastow",0.9883918,104,107
"bkcchi",0.998043,105,108
