"species_code","score","start_offset_sec","end_offset_sec"
"killde",0.9155768,64,67
"dickci",0.9429171,156,159
"carwre",0.9825684,180,183
"normoc",0.9997056,299,302
"tuftit",0.9873862,352,355
"belkin1",0.9360482,405,408
"yebcha",0.95200664,432,435
