"species_code","score","start_offset_sec","end_offset_sec"
"comyel",0.9995831,1,4
"yebcha",0.9995338,21,24
"grycat",0.9353624,30,33
"whbnut",0.94220215,44,47
"eastow",0.9962424,76,79
"amerob",0.99630666,96,99
"moudov",0.981375,103,106
"barswa",0.99814147,105,108
"indbun",0.99798715,109,112
"cedwax",0.9280072,112,115
"woothr",0.9995068,113,116
