"species_code","score","start_offset_sec","end_offset_sec"
"amerob",0.9990537,41,44
"grycat",0.99999815,44,47
"sonspa",0.99621606,51,54
"eastow",0.9996784,85,88
"comyel",0.99815536,88,91
"veery",0.99613166,97,100
"amegfi",0.9789848,179,182
"norcar",0.9278498,201,204
