"species_code","score","start_offset_sec","end_offset_sec"
"rewbla",0.9875725,16,19
"leabit",0.9794146,17,20
"warvir",0.99400437,24,27
"sonspa",0.93566257,57,60
"swaspa",0.99947286,83,86
"grycat",0.99992526,104,107
"amecro",0.9395692,104,107
"yelwar",0.9997943,126,129
"cedwax",0.9919298,128,131
