"species_code","score","start_offset_sec","end_offset_sec"
"ovenbi1",0.99984354,97,100
"swathr",0.962424,166,169
"bkbwar",0.980843,188,191
"buhvir",0.99927205,252,255
"btnwar",0.96256626,357,360
"reevir1",0.9953174,461,464
"easkin",0.9427795,508,511
