"species_code","score","start_offset_sec","end_offset_sec"
"prawar",0.9999834,5,8
"fiespa",0.9730773,11,14
"purfin",0.9962123,30,33
"amecro",0.9935732,35,38
"comyel",0.98279905,39,42
"reevir1",0.98488194,42,45
"sonspa",0.9990987,48,51
"indbun",0.9901664,75,78
"amegfi",0.9976679,88,91
"cedwax",0.9203402,113,116
"eastow",0.99802446,118,121
