"species_code","score","start_offset_sec","end_offset_sec"
"amecro",0.9573299,8,11
"savspa",0.92263925,8,11
"sonspa",0.9811418,12,15
"houwre",0.9767192,20,23
"dickci",0.9948448,21,24
"fiespa",0.99547654,25,28
"comyel",0.9817996,27,30
"rewbla",0.9666582,31,34
"amerob",0.99538183,35,38
"veery",0.9926855,36,39
"barswa",0.9981719,51,54
