"species_code","score","start_offset_sec","end_offset_sec"
"amecro",0.983974,20,23
"comyel",0.9536742,42,45
"norcar",0.99206495,51,54
"reevir1",0.9853279,52,55
"balori",0.9269021,65,68
"grycat",0.9665405,67,70
"indbun",0.9994133,87,90
"rewbla",0.9887827,88,91
"amerob",0.98370516,105,108
