"species_code","score","start_offset_sec","end_offset_sec"
"chispa",0.9982298,4,7
"norfli",0.9978774,25,28
"ovenbi1",0.99198735,47,50
"eawpew",0.99448454,54,57
"amerob",0.98361135,76,79
"bkcchi",0.9928927,100,103
"comyel",0.9984633,104,107
"chswar",0.98393875,122,125
"veery",0.9999055,140,143
