"species_code","score","start_offset_sec","end_offset_sec"
"vesspa",0.96890676,48,51
"reevir1",0.98337114,54,57
"graspa",0.99673945,67,70
"amegfi",0.99892384,89,92
"swaspa",0.9782728,96,99
"sonspa",0.97021264,99,102
"rewbla",0.965868,124,127
"boboli",0.9930609,129,132
