"species_code","score","start_offset_sec","end_offset_sec"
"wilfly",0.9988118,9,12
"norbob",0.9131757,13,16
"bnhcow",0.9590094,17,20
"amegfi",0.9948408,51,54
"sonspa",0.99871504,61,64
"comgra",0.99403113,65,68
"indbun",0.99287516,103,106
"yelwar",0.9550246,110,113
"norcar",0.99870896,111,114
"comyel",0.9954673,117,120
