"species_code","score","start_offset_sec","end_offset_sec"
"grycat",0.99975574,21,24
"amerob",0.9185969,93,96
"carwre",0.9994281,96,99
"blujay",0.9931478,118,121
"belkin1",0.98382366,130,133
"swaspa",0.98226833,139,142
"comyel",0.99935836,156,159
"reevir1",0.95925134,161,164
"sonspa",0.99205256,208,211
"amegfi",0.90909415,208,211
"norfli",0.95602334,221,224
