"species_code","score","start_offset_sec","end_offset_sec"
"cangoo",0.9594687,34,37
"amegfi",0.6033407,45,48
"wilfly",0.9998344,123,126
"comyel",0.6132943,173,176
"easkin",0.52618855,215,218
"warvir",0.9536433,264,267
"leafly",0.7084573,358,361
