"species_code","score","start_offset_sec","end_offset_sec"
"eastow",0.7514117,103,106
"veery",0.9998048,458,461
"btbwar",0.96081316,517,520
"scatan",0.8055652,574,577
"amered",0.9458954,1145,1148
"bkcchi",0.8844348,1409,1412
"easblu",0.5524261,1432,1435
