"species_code","score","start_offset_sec","end_offset_sec"
"balori",0.6766297,120,123
"amerob",0.72107273,130,133
"chiswi",0.9821552,188,191
"greyel",0.58250207,242,245
"brnthr",0.66297185,244,247
"normoc",0.98892456,352,355
"tuftit",0.8560837,378,381
