"species_code","score","start_offset_sec","end_offset_sec"
"reshaw",0.78367746,51,54
"chiswi",0.65273947,102,105
"easblu",0.84689033,120,123
"easpho",0.9978981,157,160
"carwre",0.93589985,164,167
"amerob",0.5396493,167,170
"rethaw",0.855678,171,174
"normoc",0.93898845,184,187
"tuftit",0.94528455,200,203
"grcfly",0.61280876,206,209
