"species_code","score","start_offset_sec","end_offset_sec"
"gowwar",0.8184295,32,35
"buwwar",0.9960943,135,138
"woothr",0.7023603,141,144
"balori",0.67475146,185,188
"cedwax",0.7300917,222,225
"carwre",0.97929066,241,244
"prawar",0.7212013,290,293
