"species_code","score","start_offset_sec","end_offset_sec"
"easblu",0.845567,29,32
"rebwoo",0.65462095,47,50
"purmar",0.56434566,50,53
"grcfly",0.831726,72,75
"bkcchi",0.7021652,86,89
"killde",0.99386215,91,94
"normoc",0.9759636,118,121
"norfli",0.73323464,177,180
"norcar",0.64027685,186,189
