"species_code","score","start_offset_sec","end_offset_sec"
"woothr",0.9997392,211,214
"veery",0.6877851,230,233
"purmar",0.7408533,238,241
"scatan",0.5267934,273,276
"easpho",0.88329065,312,315
"yebcuc",0.9961628,439,442
"eawpew",0.93896866,524,527
"blujay",0.92070824,618,621
"eastow",0.6436622,682,685
