"species_code","score","start_offset_sec","end_offset_sec"
"buhvir",0.9603394,13,16
"btnwar",0.5714503,74,77
"woewar1",0.56334305,75,78
"hoowar",0.9870559,125,128
"ovenbi1",0.6869985,238,241
"chswar",0.7376686,242,245
"robgro",0.5612036,258,261
"bkbwar",0.9325894,292,295
"yebcuc",0.61511993,298,301
"kenwar",0.7647657,314,317
