"species_code","score","start_offset_sec","end_offset_sec"
"yetvir",0.99976486,35,38
"eawpew",0.55936426,224,227
"tuftit",0.6655613,424,427
"veery",0.55027056,574,577
"buhvir",0.77663916,680,683
"cedwax",0.5889173,725,728
"yelwar",0.98742115,742,745
