"species_code","score","start_offset_sec","end_offset_sec"
"veery",0.93824506,7,10
"prowar",0.70065814,36,39
"amered",0.7343723,150,153
"cerwar",0.9066346,152,155
"bkbwar",0.5925996,179,182
"btbwar",0.9691254,191,194
"btnwar",0.7393276,199,202
