"species_code","score","start_offset_sec","end_offset_sec"
"norpar",0.66797864,189,192
"eawpew",0.85950094,225,228
"cedwax",0.9295317,514,517
"yebfly",0.5321367,560,563
"canwar",0.56316036,668,671
"comyel",0.9948748,738,741
"yerwar",0.81111073,765,768
"chswar",0.58397216,941,944
