"species_code","score","start_offset_sec","end_offset_sec"
"grcfly",0.96214044,16,19
"woothr",0.91260135,56,59
"normoc",0.8516064,87,90
"buggna",0.5473133,88,91
"grycat",0.79198194,90,93
"yebcha",0.53465754,98,101
"whbnut",0.5427265,100,103
"norfli",0.5204922,105,108
