"species_code","score","start_offset_sec","end_offset_sec"
"amerob",0.5145256,1,4
"norcar",0.88259923,54,57
"yebcha",0.99102294,87,90
"grcfly",0.9505705,92,95
"normoc",0.99810094,202,205
"rewbla",0.762253,213,216
"easkin",0.9881395,237,240
"purmar",0.5837887,274,277
