"species_code","score","start_offset_sec","end_offset_sec"
"swaspa",0.93303835,249,252
"nrwswa",0.6081756,447,450
"yetvir",0.77906805,843,846
"orcori",0.6508171,1126,1129
"leabit",0.88381666,1236,1239
"hoomer",0.7839766,1277,1280
"rewbla",0.6556071,1286,1289
"warvir",0.6460987,1350,1353
"pibgre",0.54068977,1366,1369
