"species_code","score","start_offset_sec","end_offset_sec"
"comgra",0.64089566,33,36
"easblu",0.9272922,36,39
"dowwoo",0.74180794,159,162
"orcori",0.9953874,169,172
"amegfi",0.79225874,255,258
"chispa",0.6772512,292,295
"cangoo",0.6364137,340,343
"cedwax",0.63841075,346,349
