"species_code","score","start_offset_sec","end_offset_sec"
"norcar",0.685749,171,174
"fiespa",0.94611347,212,215
"amecro",0.6278399,226,229
"houfin",0.9213609,332,335
"graspa",0.999059,339,342
"easmea",0.90969896,521,524
"amegfi",0.526218,630,633
