"species_code","score","start_offset_sec","end_offset_sec"
"warvir",0.99892586,111,114
"easkin",0.9917047,198,201
"acafly",0.95882344,205,208
"amegfi",0.7911719,224,227
"comgra",0.83802485,268,271
"dowwoo",0.71123093,289,292
